DOI,gate,entanglement,spin,cavity,photon,state,scheme,phase,quantum dot,polarization,mode,measurement,couple,information,crystal,atom,fidelity,cluster state,circuit,quantum state,field,source,resonator,device,protocol,computation,diamond,center,control,quantum computing,resource,channel
10.1038/NNANO.2010.6,1.0,0.0,1.58,0.0,2.5,0.0,0.0,0.0,1.77,0.0,0.0,0.0,1.63,1.05,1.69,0.0,0.0,0.0,0.0,0.0,0.0,6.83,0.0,5.53,0.0,0.0,13.74,0.0,0.0,0.0,0.0,0.0
10.1021/nl101662v,0.0,0.0,1.58,3.71,0.5,0.0,0.0,0.0,0.0,0.0,0.0,0.0,3.25,0.0,3.39,0.0,0.0,0.0,0.0,0.0,0.0,0.0,0.0,0.0,0.0,0.0,2.75,5.49,0.0,0.0,0.0,0.0
10.1016/j.jlumin.2009.12.004,1.0,0.0,1.58,1.24,1.5,0.0,0.0,0.0,0.0,0.0,1.65,0.0,3.25,1.05,1.69,0.0,0.0,0.0,0.0,0.0,3.34,0.0,2.51,0.0,0.0,0.0,5.49,8.24,1.96,0.0,0.0,0.0
10.1088/1367-2630/12/6/063015,1.0,0.0,0.0,0.0,0.5,0.0,2.5,0.0,0.0,0.0,0.0,0.0,0.0,0.0,0.0,0.0,0.0,0.0,0.0,0.0,0.0,0.0,2.51,3.69,0.0,0.0,0.0,0.0,1.96,8.49,0.0,0.0
10.1016/j.ijleo.2009.03.006,0.0,1.15,3.17,2.47,0.5,0.49,0.0,0.0,0.0,0.0,0.0,0.0,0.0,0.0,0.0,1.9,0.0,0.0,0.0,3.48,1.67,0.0,0.0,0.0,1.84,0.0,0.0,0.0,0.0,0.0,0.0,5.02
10.1007/s11433-010-4014-1,0.0,0.0,0.0,2.47,0.5,1.46,0.0,0.0,0.0,0.0,0.0,0.0,1.63,0.0,1.69,1.9,0.0,0.0,0.0,0.0,0.0,0.0,2.51,0.0,0.0,0.0,0.0,0.0,0.0,0.0,0.0,5.02
10.1088/0031-8949/2010/T140/014014,0.0,4.61,0.0,2.47,0.0,0.0,0.0,0.0,0.0,0.0,0.0,0.0,0.0,0.0,0.0,0.0,0.0,0.0,0.0,0.0,0.0,0.0,0.0,0.0,0.0,0.0,0.0,0.0,0.0,0.0,0.0,0.0
10.1088/0256-307X/27/3/030302,4.0,0.0,0.0,2.47,0.5,0.0,0.0,5.62,0.0,0.0,1.65,0.0,0.0,0.0,0.0,0.0,1.36,0.0,0.0,0.0,0.0,0.0,0.0,0.0,1.84,0.0,0.0,0.0,0.0,0.0,0.0,0.0
10.1103/PhysRevA.82.042327,1.0,0.0,1.58,2.47,0.0,0.97,0.0,0.0,0.0,0.0,0.0,0.0,3.25,1.05,0.0,0.0,0.0,2.51,0.0,0.0,1.67,0.0,0.0,0.0,0.0,0.0,0.0,0.0,1.96,0.0,0.0,0.0
10.1103/PhysRevLett.105.220501,0.0,0.0,1.58,0.0,0.0,0.97,1.25,0.0,0.0,0.0,0.0,0.0,0.0,0.0,0.0,0.0,1.36,0.0,0.0,0.0,0.0,0.0,2.51,0.0,1.84,0.0,0.0,0.0,0.0,0.0,0.0,0.0
10.1364/OE.18.025786,0.0,0.0,0.0,0.0,0.0,0.0,0.0,0.0,0.0,5.3,0.0,0.0,0.0,0.0,0.0,1.9,1.36,0.0,0.0,0.0,0.0,0.0,0.0,0.0,0.0,0.0,0.0,0.0,0.0,0.0,0.0,0.0
10.1142/S0219749910006435,4.0,1.15,1.58,1.24,1.0,0.49,0.0,0.0,0.0,0.0,0.0,0.0,0.0,0.0,0.0,0.0,0.0,0.0,0.0,0.0,0.0,0.0,0.0,0.0,0.0,1.9,0.0,0.0,0.0,0.0,7.72,0.0
10.1103/PhysRevA.82.030305,0.0,0.0,0.0,0.0,0.0,0.49,0.0,0.0,0.0,0.0,0.0,0.0,0.0,0.0,0.0,0.0,0.0,5.02,0.0,0.0,0.0,0.0,0.0,0.0,0.0,0.0,0.0,0.0,0.0,0.0,3.86,0.0
10.1103/PhysRevA.82.012309,0.0,0.0,0.0,0.0,1.5,0.0,0.0,0.0,0.0,0.0,0.0,0.0,0.0,4.19,0.0,1.9,0.0,0.0,0.0,0.0,0.0,0.0,0.0,0.0,0.0,0.0,0.0,0.0,0.0,0.0,0.0,0.0
10.1038/NPHOTON.2010.83,2.0,0.0,11.09,0.0,0.5,0.0,0.0,0.0,7.07,0.0,0.0,0.0,0.0,2.1,0.0,0.0,0.0,0.0,0.0,0.0,0.0,0.0,0.0,0.0,0.0,0.0,0.0,0.0,1.96,0.0,0.0,0.0
10.1364/OE.18.024423,0.0,0.0,0.0,0.0,0.5,1.46,0.0,0.0,0.0,0.0,0.0,0.0,0.0,0.0,0.0,0.0,0.0,0.0,0.0,1.74,0.0,0.0,0.0,0.0,0.0,0.0,0.0,0.0,0.0,0.0,0.0,0.0
10.1103/PhysRevA.81.052106,0.0,3.45,0.0,0.0,0.0,0.0,1.25,0.0,0.0,1.77,0.0,1.5,0.0,0.0,0.0,0.0,0.0,0.0,0.0,0.0,0.0,0.0,0.0,0.0,1.84,0.0,0.0,0.0,0.0,0.0,0.0,0.0
10.1103/PhysRevLett.105.030407,0.0,0.0,3.17,0.0,2.0,3.88,0.0,0.0,0.0,7.07,0.0,0.0,1.63,0.0,0.0,1.9,1.36,0.0,0.0,0.0,0.0,0.0,0.0,0.0,1.84,0.0,0.0,0.0,0.0,0.0,0.0,0.0
10.1103/PhysRevLett.105.060502,3.0,0.0,7.92,0.0,1.5,0.0,0.0,5.62,0.0,0.0,0.0,0.0,0.0,0.0,0.0,0.0,0.0,0.0,0.0,0.0,0.0,0.0,0.0,0.0,1.84,0.0,0.0,0.0,0.0,0.0,0.0,0.0
10.1103/PhysRevLett.105.250403,0.0,0.0,0.0,0.0,0.0,0.97,0.0,0.0,0.0,0.0,0.0,1.5,0.0,1.05,0.0,0.0,0.0,0.0,0.0,0.0,0.0,0.0,0.0,0.0,0.0,0.0,0.0,0.0,0.0,0.0,0.0,0.0
10.1103/PhysRevA.82.010301,5.0,0.0,0.0,0.0,2.5,0.49,0.0,0.0,0.0,0.0,0.0,0.0,0.0,0.0,0.0,0.0,0.0,0.0,0.0,0.0,1.67,0.0,0.0,0.0,0.0,1.9,0.0,0.0,1.96,0.0,0.0,0.0
10.2478/s11772-010-0050-7,0.0,0.0,0.0,1.24,4.5,0.97,0.0,0.0,1.77,0.0,0.0,0.0,0.0,0.0,1.69,0.0,0.0,0.0,0.0,0.0,1.67,4.55,0.0,5.53,0.0,0.0,0.0,0.0,1.96,2.12,0.0,0.0
10.1364/OE.18.020475,4.0,0.0,1.58,0.0,1.5,0.97,1.25,0.0,0.0,5.3,8.24,0.0,1.63,1.05,0.0,0.0,0.0,0.0,7.6,0.0,0.0,0.0,0.0,1.84,0.0,0.0,0.0,0.0,1.96,0.0,0.0,0.0
10.1080/15421406.2010.485118,0.0,0.0,1.58,0.0,1.5,0.49,0.0,0.0,0.0,1.77,1.65,0.0,0.0,3.15,3.39,0.0,0.0,0.0,0.0,0.0,1.67,0.0,0.0,0.0,0.0,0.0,0.0,0.0,0.0,0.0,0.0,0.0
10.1103/PhysRevB.81.085325,3.0,0.0,0.0,2.47,0.0,0.49,1.25,0.0,0.0,0.0,0.0,0.0,0.0,0.0,1.69,0.0,0.0,0.0,0.0,0.0,0.0,0.0,0.0,1.84,0.0,3.8,0.0,0.0,0.0,4.25,0.0,0.0
10.1103/PhysRevA.82.012304,1.0,0.0,0.0,0.0,0.5,0.97,1.25,1.87,0.0,0.0,0.0,0.0,0.0,0.0,0.0,0.0,0.0,0.0,0.0,0.0,0.0,2.28,0.0,0.0,7.38,0.0,0.0,0.0,0.0,0.0,0.0,0.0
10.1103/PhysRevLett.104.123601,0.0,0.0,0.0,0.0,1.0,0.49,0.0,0.0,0.0,1.77,0.0,0.0,0.0,0.0,0.0,0.0,1.36,0.0,0.0,0.0,0.0,2.28,0.0,0.0,0.0,0.0,0.0,0.0,0.0,0.0,1.93,5.02
10.1103/PhysRevA.82.012328,1.0,0.0,1.58,0.0,0.5,2.91,0.0,0.0,0.0,1.77,1.65,7.52,0.0,0.0,0.0,0.0,1.36,2.51,1.9,0.0,0.0,0.0,0.0,0.0,0.0,0.0,0.0,0.0,0.0,2.12,3.86,0.0
10.1103/PhysRevA.82.024303,0.0,0.0,0.0,0.0,0.0,0.0,0.0,0.0,1.77,0.0,0.0,0.0,0.0,0.0,0.0,0.0,0.0,0.0,0.0,0.0,0.0,0.0,0.0,0.0,0.0,0.0,0.0,0.0,0.0,0.0,0.0,0.0
10.1038/NPHYS1777,1.0,0.0,4.75,0.0,0.0,2.91,0.0,0.0,0.0,0.0,0.0,0.0,0.0,0.0,0.0,0.0,0.0,2.51,0.0,0.0,0.0,0.0,0.0,0.0,0.0,1.9,0.0,0.0,0.0,6.37,7.72,0.0
10.1073/pnas.1005720107,6.01,1.15,0.0,0.0,1.0,1.46,3.75,1.87,0.0,0.0,0.0,1.5,0.0,1.05,0.0,0.0,1.36,0.0,0.0,1.74,0.0,0.0,0.0,0.0,0.0,3.8,0.0,0.0,0.0,0.0,0.0,0.0
10.1088/1367-2630/12/11/113046,0.0,8.06,0.0,0.0,0.0,0.97,0.0,0.0,0.0,0.0,0.0,1.5,0.0,0.0,0.0,0.0,0.0,12.55,0.0,0.0,0.0,0.0,0.0,0.0,0.0,1.9,0.0,0.0,0.0,2.12,1.93,0.0
10.1080/09500340.2010.495460,2.0,2.3,0.0,0.0,0.5,0.0,0.0,0.0,0.0,0.0,0.0,0.0,0.0,0.0,0.0,0.0,0.0,20.09,0.0,0.0,0.0,0.0,0.0,0.0,0.0,0.0,0.0,0.0,0.0,0.0,0.0,0.0
10.1038/nature09150,1.0,0.0,9.5,1.24,0.0,0.49,1.25,0.0,0.0,1.77,0.0,0.0,3.25,1.05,0.0,0.0,0.0,0.0,0.0,0.0,1.67,0.0,0.0,3.69,0.0,0.0,0.0,0.0,1.96,0.0,0.0,0.0
10.1364/OE.18.027938,0.0,0.0,0.0,0.0,0.5,0.0,0.0,0.0,0.0,0.0,0.0,0.0,0.0,0.0,0.0,0.0,0.0,0.0,1.9,0.0,0.0,0.0,0.0,0.0,0.0,0.0,0.0,0.0,0.0,0.0,0.0,0.0
10.1142/S0219749910006265,1.0,0.0,0.0,2.47,0.0,0.0,0.0,0.0,0.0,0.0,0.0,0.0,0.0,1.05,0.0,3.8,0.0,10.04,1.9,0.0,0.0,0.0,0.0,0.0,0.0,1.9,0.0,0.0,1.96,0.0,0.0,0.0
10.1103/PhysRevLett.105.093601,1.0,1.15,0.0,1.24,1.0,0.0,0.0,1.87,8.83,1.77,0.0,0.0,1.63,0.0,0.0,0.0,0.0,10.04,0.0,0.0,0.0,0.0,0.0,0.0,0.0,1.9,0.0,0.0,0.0,0.0,1.93,0.0
10.1049/el.2010.0959,0.0,0.0,0.0,0.0,0.5,0.0,0.0,0.0,0.0,0.0,0.0,0.0,0.0,0.0,0.0,0.0,0.0,0.0,0.0,0.0,0.0,0.0,0.0,0.0,0.0,0.0,0.0,0.0,0.0,0.0,0.0,2.51
10.1016/j.optcom.2009.10.078,2.0,0.0,0.0,0.0,1.5,0.0,1.25,1.87,0.0,0.0,0.0,0.0,1.63,0.0,0.0,0.0,0.0,0.0,0.0,0.0,5.01,0.0,0.0,0.0,0.0,0.0,0.0,0.0,0.0,0.0,0.0,0.0
10.1103/PhysRevA.82.053814,0.0,5.76,0.0,0.0,1.5,1.94,1.25,0.0,0.0,0.0,0.0,1.5,0.0,0.0,0.0,0.0,0.0,0.0,0.0,1.74,0.0,0.0,0.0,0.0,0.0,0.0,0.0,0.0,0.0,0.0,0.0,0.0
10.1103/PhysRevB.81.045309,0.0,0.0,3.17,1.24,0.0,0.0,0.0,0.0,3.53,0.0,0.0,0.0,3.25,0.0,0.0,0.0,0.0,0.0,0.0,0.0,3.34,0.0,0.0,0.0,0.0,0.0,0.0,0.0,0.0,0.0,0.0,0.0
10.1103/PhysRevB.81.193301,1.0,0.0,0.0,2.47,0.0,1.46,0.0,0.0,7.07,0.0,0.0,1.5,4.88,0.0,3.39,0.0,0.0,0.0,0.0,0.0,0.0,0.0,0.0,0.0,0.0,0.0,0.0,0.0,0.0,0.0,0.0,0.0
10.1134/S0030400X10020037,0.0,3.45,0.0,0.0,1.0,0.0,0.0,1.87,0.0,3.53,1.65,0.0,0.0,0.0,3.39,0.0,0.0,0.0,0.0,0.0,0.0,9.11,0.0,0.0,1.84,0.0,0.0,0.0,0.0,0.0,0.0,0.0
10.1103/PhysRevA.81.062339,0.0,0.0,0.0,0.0,0.5,1.46,0.0,0.0,0.0,0.0,0.0,0.0,0.0,1.05,0.0,0.0,1.36,0.0,0.0,0.0,0.0,0.0,0.0,0.0,0.0,0.0,0.0,0.0,0.0,0.0,0.0,0.0
10.1103/PhysRevA.82.055801,0.0,0.0,0.0,0.0,0.0,0.0,1.25,0.0,0.0,0.0,0.0,4.51,0.0,1.05,1.69,0.0,0.0,0.0,0.0,0.0,0.0,0.0,0.0,0.0,1.84,0.0,0.0,0.0,0.0,0.0,0.0,0.0
10.1038/nature10119,0.0,3.45,0.0,0.0,0.0,1.46,0.0,0.0,0.0,0.0,0.0,4.51,0.0,0.0,0.0,0.0,0.0,0.0,0.0,0.0,0.0,0.0,0.0,0.0,0.0,0.0,0.0,0.0,0.0,0.0,0.0,0.0
10.1038/NPHOTON.2011.52,0.0,0.0,1.58,1.24,0.5,0.49,0.0,0.0,0.0,0.0,1.65,1.5,1.63,1.05,1.69,0.0,0.0,0.0,0.0,0.0,0.0,0.0,5.02,1.84,0.0,1.9,10.99,0.0,0.0,0.0,0.0,0.0
10.1103/PhysRevLett.107.053602,0.0,0.0,0.0,4.94,3.5,0.0,0.0,0.0,1.77,0.0,0.0,0.0,0.0,0.0,0.0,0.0,0.0,0.0,1.9,0.0,0.0,0.0,0.0,0.0,0.0,0.0,0.0,0.0,0.0,0.0,0.0,0.0
10.1038/nature09997,0.0,0.0,0.0,1.24,0.5,0.97,0.0,0.0,0.0,1.77,0.0,0.0,0.0,3.15,0.0,3.8,1.36,0.0,0.0,1.74,0.0,0.0,0.0,1.84,0.0,0.0,0.0,0.0,0.0,2.12,0.0,0.0
10.1103/PhysRevA.83.010302,0.0,0.0,0.0,1.24,0.5,0.49,1.25,0.0,0.0,0.0,1.65,0.0,0.0,0.0,0.0,3.8,1.36,0.0,0.0,0.0,0.0,0.0,0.0,0.0,1.84,1.9,0.0,0.0,0.0,0.0,1.93,0.0
10.1103/PhysRevA.84.043816,1.0,0.0,0.0,1.24,0.0,0.49,0.0,0.0,1.77,0.0,1.65,0.0,1.63,0.0,0.0,1.9,0.0,0.0,0.0,0.0,1.67,0.0,0.0,0.0,0.0,0.0,0.0,0.0,0.0,0.0,0.0,0.0
10.1134/S1054660X11150175,3.0,0.0,0.0,2.47,0.0,0.97,1.25,0.0,0.0,0.0,1.65,0.0,1.63,0.0,0.0,7.6,0.0,0.0,0.0,0.0,0.0,0.0,2.51,0.0,0.0,0.0,0.0,0.0,0.0,0.0,0.0,0.0
10.1103/PhysRevA.83.042320,0.0,0.0,0.0,0.0,3.0,0.49,0.0,0.0,0.0,0.0,0.0,0.0,1.63,0.0,0.0,0.0,0.0,0.0,0.0,0.0,0.0,0.0,0.0,0.0,0.0,0.0,0.0,0.0,0.0,0.0,0.0,0.0
10.1103/PhysRevA.84.022325,0.0,0.0,0.0,0.0,0.0,0.0,1.25,0.0,0.0,0.0,0.0,0.0,0.0,0.0,0.0,0.0,0.0,0.0,0.0,0.0,0.0,2.28,0.0,5.53,0.0,0.0,0.0,0.0,0.0,0.0,3.86,0.0
10.1038/NPHYS1885,0.0,1.15,0.0,3.71,3.0,0.97,0.0,3.74,0.0,0.0,0.0,0.0,0.0,0.0,0.0,0.0,1.36,0.0,9.5,1.74,0.0,0.0,15.07,0.0,0.0,0.0,0.0,0.0,3.92,0.0,0.0,0.0
10.1103/PhysRevLett.107.190402,1.0,0.0,0.0,0.0,0.0,0.97,0.0,0.0,0.0,0.0,0.0,0.0,4.88,0.0,0.0,3.8,1.36,0.0,3.8,0.0,0.0,4.55,10.04,0.0,0.0,1.9,0.0,0.0,0.0,0.0,0.0,0.0
10.1038/nature10562,0.0,0.0,9.5,0.0,0.0,2.43,0.0,0.0,0.0,0.0,0.0,0.0,0.0,2.1,1.69,0.0,0.0,0.0,0.0,0.0,0.0,0.0,0.0,0.0,0.0,0.0,10.99,0.0,3.92,0.0,0.0,0.0
10.1364/JOSAB.28.001959,5.0,0.0,0.0,4.94,0.0,0.49,1.25,9.36,3.53,0.0,3.3,0.0,0.0,0.0,3.39,0.0,0.0,0.0,0.0,0.0,1.67,0.0,0.0,0.0,0.0,0.0,0.0,0.0,0.0,0.0,0.0,0.0
10.1080/09500340.2011.604437,4.0,0.0,0.0,0.0,1.0,0.0,0.0,0.0,0.0,0.0,0.0,0.0,0.0,0.0,0.0,0.0,1.36,15.07,0.0,0.0,0.0,0.0,0.0,0.0,0.0,1.9,0.0,0.0,0.0,0.0,1.93,0.0
10.1103/PhysRevA.83.012107,0.0,0.0,0.0,0.0,0.0,0.0,0.0,0.0,0.0,0.0,0.0,0.0,0.0,0.0,0.0,0.0,0.0,0.0,0.0,0.0,0.0,0.0,0.0,0.0,0.0,0.0,0.0,0.0,0.0,0.0,0.0,0.0
10.1103/PhysRevLett.107.160401,2.0,1.15,0.0,0.0,0.0,0.0,1.25,0.0,0.0,0.0,0.0,0.0,0.0,1.05,0.0,0.0,0.0,0.0,0.0,3.48,0.0,0.0,0.0,0.0,0.0,0.0,0.0,0.0,0.0,0.0,0.0,0.0
10.1016/j.optcom.2011.07.053,0.0,5.76,0.0,0.0,0.0,0.0,0.0,0.0,0.0,0.0,0.0,0.0,0.0,1.05,1.69,3.8,0.0,0.0,0.0,0.0,0.0,0.0,0.0,0.0,0.0,0.0,0.0,0.0,0.0,0.0,0.0,0.0
10.1088/1367-2630/13/11/115009,4.0,0.0,0.0,0.0,0.5,0.49,0.0,1.87,0.0,0.0,0.0,0.0,0.0,1.05,0.0,0.0,0.0,0.0,1.9,0.0,0.0,0.0,0.0,0.0,0.0,0.0,0.0,0.0,0.0,0.0,0.0,0.0
10.1038/ncomms1392,6.01,1.15,0.0,0.0,0.0,0.0,0.0,0.0,0.0,0.0,0.0,0.0,0.0,0.0,0.0,0.0,1.36,0.0,0.0,0.0,0.0,0.0,0.0,0.0,0.0,0.0,0.0,0.0,5.88,0.0,0.0,0.0
10.1088/1367-2630/13/1/013017,0.0,0.0,0.0,0.0,2.0,0.49,0.0,0.0,0.0,0.0,0.0,0.0,0.0,0.0,1.69,0.0,0.0,0.0,3.8,0.0,0.0,0.0,0.0,0.0,0.0,0.0,0.0,0.0,0.0,0.0,0.0,0.0
10.1103/PhysRevA.84.042341,1.0,0.0,1.58,0.0,0.0,0.97,0.0,0.0,0.0,0.0,0.0,0.0,0.0,1.05,0.0,0.0,0.0,0.0,0.0,0.0,0.0,0.0,0.0,0.0,1.84,0.0,0.0,0.0,0.0,0.0,0.0,0.0
10.1103/PhysRevLett.106.100401,1.0,0.0,0.0,0.0,0.0,0.0,0.0,0.0,0.0,0.0,0.0,3.01,0.0,0.0,0.0,0.0,1.36,0.0,0.0,0.0,0.0,0.0,0.0,0.0,0.0,0.0,0.0,0.0,0.0,0.0,1.93,0.0
10.1088/1367-2630/13/2/025018,0.0,0.0,1.58,7.41,0.5,0.49,0.0,0.0,0.0,0.0,1.65,1.5,0.0,0.0,3.39,0.0,0.0,0.0,0.0,0.0,0.0,0.0,0.0,0.0,0.0,0.0,10.99,2.75,0.0,2.12,0.0,0.0
10.1103/PhysRevA.84.063834,0.0,0.0,0.0,0.0,2.0,0.0,0.0,1.87,1.77,0.0,3.3,0.0,0.0,0.0,0.0,1.9,0.0,0.0,1.9,0.0,1.67,0.0,0.0,3.69,0.0,0.0,0.0,0.0,0.0,0.0,0.0,0.0
10.1103/PhysRevLett.106.240505,0.0,1.15,0.0,0.0,1.5,0.0,0.0,0.0,0.0,0.0,1.65,0.0,0.0,1.05,1.69,0.0,0.0,0.0,0.0,0.0,0.0,0.0,0.0,0.0,0.0,0.0,0.0,0.0,0.0,0.0,1.93,0.0
10.1103/PhysRevA.83.054303,0.0,1.15,0.0,0.0,0.0,0.97,3.75,0.0,0.0,0.0,0.0,1.5,0.0,1.05,0.0,0.0,0.0,0.0,0.0,0.0,0.0,0.0,0.0,0.0,1.84,0.0,0.0,0.0,0.0,2.12,0.0,0.0
10.1007/s11128-011-0298-y,2.0,0.0,0.0,1.24,0.5,0.49,0.0,0.0,0.0,0.0,0.0,0.0,1.63,2.1,0.0,3.8,1.36,0.0,0.0,0.0,0.0,0.0,0.0,0.0,0.0,0.0,0.0,0.0,0.0,0.0,0.0,0.0
10.1103/PhysRevA.84.032315,0.0,2.3,0.0,0.0,0.0,0.0,0.0,0.0,0.0,0.0,6.59,0.0,0.0,0.0,0.0,0.0,0.0,0.0,0.0,0.0,0.0,0.0,0.0,0.0,0.0,0.0,0.0,0.0,0.0,0.0,0.0,0.0
10.1088/1674-1056/20/4/040308,3.0,0.0,0.0,3.71,0.0,0.97,5.0,0.0,0.0,0.0,0.0,0.0,0.0,0.0,0.0,5.7,0.0,0.0,0.0,0.0,0.0,0.0,0.0,0.0,1.84,0.0,0.0,0.0,0.0,0.0,0.0,0.0
10.1088/1367-2630/13/9/095001,1.0,1.15,0.0,0.0,2.5,0.0,0.0,0.0,0.0,0.0,0.0,0.0,0.0,0.0,0.0,0.0,1.36,2.51,0.0,0.0,0.0,6.83,0.0,1.84,0.0,1.9,0.0,0.0,0.0,0.0,0.0,0.0
10.1038/ncomms1570,3.0,0.0,0.0,0.0,0.0,0.49,0.0,0.0,0.0,5.3,0.0,0.0,0.0,0.0,0.0,0.0,1.36,0.0,1.9,1.74,0.0,0.0,0.0,3.69,0.0,0.0,0.0,0.0,0.0,0.0,0.0,0.0
10.1038/nature11573,0.0,5.76,7.92,0.0,3.0,0.0,1.25,0.0,3.53,0.0,0.0,0.0,0.0,1.05,0.0,1.9,0.0,0.0,0.0,0.0,1.67,0.0,0.0,0.0,0.0,0.0,0.0,0.0,0.0,0.0,0.0,0.0
10.1038/NPHYS2385,0.0,1.15,0.0,0.0,0.0,0.97,0.0,1.87,0.0,0.0,0.0,0.0,0.0,0.0,0.0,0.0,0.0,0.0,1.9,1.74,0.0,0.0,0.0,1.84,0.0,0.0,0.0,0.0,1.96,0.0,1.93,0.0
10.1103/PhysRevB.85.075413,0.0,0.0,0.0,3.71,1.5,0.49,1.25,0.0,0.0,0.0,1.65,0.0,0.0,0.0,0.0,0.0,0.0,0.0,1.9,0.0,0.0,0.0,0.0,0.0,0.0,0.0,0.0,0.0,1.96,0.0,0.0,0.0
10.1073/pnas.1207329109,0.0,1.15,3.17,0.0,1.5,0.97,0.0,0.0,0.0,0.0,0.0,1.5,0.0,1.05,0.0,1.9,1.36,0.0,0.0,1.74,0.0,0.0,0.0,0.0,0.0,0.0,0.0,0.0,0.0,2.12,0.0,2.51
10.1038/ncomms2277,0.0,0.0,0.0,0.0,0.5,0.0,0.0,0.0,0.0,0.0,0.0,0.0,0.0,1.05,1.69,0.0,0.0,0.0,0.0,0.0,0.0,0.0,0.0,3.69,0.0,0.0,0.0,0.0,0.0,0.0,0.0,0.0
10.1103/PhysRevB.86.035313,0.0,0.0,0.0,1.24,1.0,0.0,0.0,0.0,0.0,0.0,0.0,0.0,0.0,0.0,0.0,0.0,0.0,0.0,5.7,0.0,0.0,0.0,0.0,1.84,0.0,0.0,0.0,0.0,0.0,0.0,0.0,0.0
10.1088/0953-4075/45/12/124018,0.0,2.3,3.17,0.0,0.5,0.49,0.0,0.0,0.0,0.0,0.0,0.0,0.0,1.05,0.0,1.9,1.36,0.0,0.0,0.0,0.0,0.0,0.0,0.0,0.0,0.0,5.49,0.0,0.0,0.0,0.0,0.0
10.1103/PhysRevLett.108.190504,0.0,0.0,0.0,0.0,1.0,1.46,1.25,0.0,0.0,7.07,0.0,0.0,0.0,1.05,3.39,0.0,1.36,0.0,0.0,1.74,0.0,0.0,0.0,3.69,0.0,0.0,0.0,0.0,0.0,0.0,0.0,0.0
10.1038/nature11577,0.0,4.61,9.5,0.0,3.0,0.0,0.0,0.0,5.3,0.0,0.0,0.0,0.0,1.05,0.0,0.0,0.0,0.0,0.0,0.0,0.0,0.0,0.0,0.0,1.84,0.0,0.0,0.0,0.0,0.0,0.0,0.0
10.1103/PhysRevA.85.042301,0.0,0.0,0.0,0.0,0.5,1.46,0.0,0.0,0.0,0.0,0.0,1.5,0.0,1.05,0.0,0.0,0.0,2.51,0.0,0.0,0.0,0.0,10.04,0.0,0.0,1.9,0.0,0.0,0.0,0.0,0.0,0.0
10.1038/nature11023,0.0,1.15,0.0,4.94,0.5,0.49,0.0,0.0,0.0,0.0,0.0,0.0,0.0,2.1,0.0,5.7,0.0,0.0,0.0,1.74,0.0,0.0,0.0,0.0,0.0,0.0,0.0,0.0,0.0,2.12,0.0,0.0
10.1103/PhysRevB.86.045456,0.0,0.0,0.0,0.0,0.5,0.49,0.0,0.0,3.53,1.77,0.0,0.0,0.0,0.0,0.0,0.0,0.0,0.0,0.0,1.74,3.34,0.0,0.0,0.0,0.0,0.0,0.0,0.0,0.0,0.0,0.0,0.0
10.1364/OE.20.006915,0.0,1.15,0.0,0.0,1.0,0.49,0.0,0.0,0.0,1.77,0.0,0.0,0.0,0.0,0.0,0.0,0.0,0.0,0.0,0.0,0.0,0.0,0.0,0.0,0.0,1.9,0.0,0.0,0.0,0.0,0.0,0.0
10.1088/1367-2630/14/8/085006,0.0,1.15,0.0,0.0,0.0,3.4,0.0,0.0,0.0,0.0,0.0,1.5,0.0,0.0,0.0,0.0,1.36,0.0,0.0,0.0,0.0,0.0,0.0,0.0,0.0,0.0,0.0,0.0,0.0,0.0,5.79,0.0
10.1080/01468030.2012.743808,4.0,0.0,0.0,0.0,1.0,0.0,0.0,0.0,0.0,3.53,1.65,0.0,0.0,0.0,0.0,0.0,0.0,0.0,3.8,0.0,0.0,0.0,0.0,0.0,0.0,0.0,0.0,0.0,1.96,2.12,0.0,2.51
10.1103/PhysRevA.85.014301,0.0,12.66,0.0,0.0,1.0,0.0,0.0,0.0,0.0,0.0,0.0,0.0,0.0,0.0,13.55,0.0,0.0,0.0,0.0,0.0,0.0,0.0,0.0,0.0,0.0,0.0,0.0,0.0,0.0,0.0,0.0,0.0
10.1103/PhysRevA.86.062304,4.0,0.0,0.0,0.0,0.0,0.97,0.0,5.62,0.0,0.0,1.65,3.01,0.0,0.0,0.0,0.0,0.0,0.0,0.0,0.0,0.0,0.0,0.0,0.0,0.0,3.8,0.0,0.0,0.0,0.0,0.0,0.0
10.1103/PhysRevA.85.062317,0.0,0.0,0.0,0.0,2.5,2.43,0.0,0.0,0.0,0.0,0.0,0.0,0.0,1.05,0.0,0.0,0.0,0.0,0.0,0.0,1.67,0.0,0.0,1.84,0.0,0.0,0.0,0.0,0.0,0.0,0.0,0.0
10.1103/PhysRevA.85.022340,0.0,0.0,0.0,0.0,1.0,0.49,0.0,0.0,0.0,5.3,0.0,0.0,0.0,2.1,0.0,0.0,1.36,0.0,0.0,0.0,0.0,0.0,0.0,0.0,0.0,1.9,0.0,0.0,0.0,0.0,0.0,2.51
10.1103/PhysRevLett.109.160504,2.0,0.0,0.0,1.24,1.5,0.49,2.5,0.0,0.0,0.0,0.0,1.5,1.63,1.05,0.0,1.9,2.72,0.0,0.0,0.0,0.0,2.28,0.0,0.0,0.0,1.9,0.0,0.0,0.0,0.0,0.0,0.0
10.1088/1367-2630/14/3/033016,0.0,0.0,0.0,0.0,0.5,0.0,0.0,0.0,0.0,0.0,0.0,0.0,0.0,0.0,0.0,0.0,1.36,0.0,0.0,0.0,0.0,0.0,0.0,0.0,0.0,0.0,0.0,0.0,0.0,0.0,1.93,17.58
10.1016/j.optcom.2012.02.022,0.0,2.3,0.0,0.0,0.0,0.0,0.0,0.0,0.0,0.0,0.0,0.0,0.0,1.05,1.69,0.0,0.0,0.0,0.0,0.0,0.0,0.0,0.0,0.0,0.0,0.0,0.0,0.0,0.0,0.0,0.0,0.0
10.1364/OE.20.016145,0.0,2.3,0.0,0.0,1.0,0.97,0.0,0.0,0.0,0.0,0.0,1.5,0.0,0.0,0.0,0.0,1.36,0.0,1.9,0.0,0.0,13.66,0.0,0.0,0.0,0.0,0.0,0.0,0.0,0.0,0.0,0.0
10.1103/PhysRevA.86.042334,5.0,2.3,0.0,0.0,0.5,0.49,0.0,0.0,0.0,1.77,0.0,1.5,0.0,0.0,0.0,0.0,0.0,0.0,0.0,1.74,0.0,0.0,0.0,0.0,0.0,0.0,0.0,0.0,0.0,0.0,0.0,0.0
10.1103/PhysRevB.86.024503,0.0,2.3,0.0,0.0,1.0,0.0,0.0,0.0,0.0,0.0,0.0,0.0,0.0,0.0,3.39,0.0,0.0,0.0,0.0,0.0,0.0,0.0,0.0,0.0,0.0,0.0,0.0,0.0,0.0,0.0,0.0,0.0
10.1103/PhysRevA.85.022318,0.0,0.0,0.0,0.0,0.0,0.49,1.25,0.0,0.0,3.53,0.0,0.0,0.0,0.0,0.0,0.0,2.72,0.0,0.0,0.0,1.67,0.0,0.0,0.0,0.0,0.0,0.0,0.0,0.0,0.0,0.0,0.0
10.1088/1367-2630/14/9/093004,0.0,0.0,4.75,0.0,0.0,0.49,0.0,0.0,0.0,0.0,0.0,0.0,0.0,0.0,1.69,0.0,0.0,0.0,0.0,0.0,0.0,0.0,0.0,0.0,0.0,0.0,19.23,5.49,0.0,0.0,0.0,0.0
10.1126/science.1214707,1.0,0.0,0.0,0.0,0.0,0.0,0.0,0.0,0.0,0.0,0.0,1.5,0.0,0.0,0.0,0.0,0.0,0.0,0.0,0.0,0.0,0.0,0.0,0.0,0.0,9.5,0.0,0.0,0.0,4.25,0.0,0.0
10.1103/PhysRevA.85.015806,0.0,0.0,0.0,1.24,0.5,0.49,0.0,0.0,1.77,0.0,0.0,0.0,1.63,1.05,0.0,0.0,0.0,0.0,1.9,0.0,1.67,0.0,7.53,0.0,0.0,0.0,0.0,2.75,0.0,0.0,0.0,0.0
10.1103/PhysRevA.85.012327,0.0,6.91,0.0,0.0,0.0,0.0,2.5,0.0,0.0,0.0,0.0,0.0,1.63,0.0,0.0,0.0,0.0,0.0,0.0,0.0,0.0,0.0,0.0,0.0,0.0,0.0,0.0,0.0,7.84,0.0,0.0,0.0
10.1364/OE.20.016902,0.0,0.0,3.17,1.24,2.0,1.46,2.5,3.74,0.0,0.0,0.0,0.0,0.0,0.0,1.69,0.0,0.0,0.0,0.0,0.0,0.0,0.0,0.0,0.0,0.0,0.0,5.49,8.24,0.0,0.0,0.0,0.0
10.1103/PhysRevA.86.063815,3.0,0.0,0.0,2.47,1.5,0.49,1.25,5.62,5.3,0.0,1.65,0.0,0.0,0.0,0.0,0.0,1.36,0.0,1.9,0.0,1.67,0.0,0.0,0.0,1.84,0.0,0.0,0.0,1.96,0.0,0.0,0.0
10.1103/PhysRevLett.108.170403,0.0,0.0,0.0,0.0,0.0,1.94,0.0,0.0,0.0,0.0,0.0,1.5,0.0,0.0,0.0,0.0,1.36,0.0,0.0,3.48,0.0,0.0,0.0,0.0,0.0,0.0,0.0,0.0,0.0,0.0,1.93,0.0
10.1119/1.4735707,0.0,0.0,0.0,1.24,0.0,0.0,0.0,0.0,1.77,0.0,0.0,0.0,0.0,0.0,1.69,1.9,0.0,0.0,0.0,0.0,0.0,0.0,0.0,0.0,0.0,0.0,0.0,0.0,0.0,0.0,0.0,0.0
10.1038/NPHOTON.2011.283,0.0,4.61,0.0,0.0,1.0,2.43,0.0,1.87,0.0,0.0,0.0,0.0,0.0,0.0,0.0,0.0,1.36,0.0,3.8,0.0,0.0,0.0,0.0,5.53,0.0,0.0,0.0,0.0,0.0,0.0,0.0,0.0
10.1364/OE.20.027510,0.0,0.0,3.17,0.0,2.0,0.0,0.0,0.0,8.83,0.0,0.0,0.0,0.0,0.0,0.0,0.0,0.0,0.0,0.0,0.0,0.0,0.0,0.0,1.84,0.0,0.0,0.0,0.0,1.96,0.0,0.0,7.53
10.1103/PhysRevA.85.052326,5.0,0.0,0.0,1.24,2.5,0.49,6.25,3.74,0.0,3.53,3.3,1.5,0.0,1.05,0.0,0.0,0.0,0.0,0.0,0.0,0.0,0.0,0.0,0.0,0.0,0.0,0.0,0.0,0.0,0.0,1.93,0.0
10.1364/OL.37.002031,0.0,0.0,0.0,0.0,0.5,0.0,1.25,0.0,0.0,0.0,0.0,0.0,0.0,0.0,0.0,0.0,0.0,0.0,0.0,0.0,0.0,0.0,0.0,0.0,0.0,0.0,0.0,0.0,0.0,0.0,0.0,7.53
10.1038/srep00817,0.0,0.0,0.0,0.0,0.5,0.49,0.0,0.0,0.0,8.83,1.65,0.0,0.0,3.15,0.0,0.0,1.36,0.0,3.8,1.74,0.0,11.39,0.0,1.84,1.84,0.0,0.0,0.0,0.0,0.0,0.0,0.0
10.1109/JPHOT.2012.2201255,1.0,0.0,0.0,0.0,1.0,0.0,0.0,0.0,0.0,0.0,0.0,0.0,0.0,1.05,0.0,0.0,0.0,0.0,0.0,0.0,0.0,0.0,0.0,0.0,0.0,0.0,0.0,0.0,0.0,0.0,0.0,7.53
10.1103/PhysRevA.85.062309,1.0,3.45,0.0,0.0,0.0,0.0,1.25,0.0,0.0,0.0,0.0,7.52,0.0,0.0,0.0,0.0,0.0,2.51,0.0,0.0,0.0,0.0,0.0,0.0,3.69,3.8,0.0,0.0,0.0,0.0,0.0,0.0
10.1103/PhysRevLett.108.040503,1.0,3.45,0.0,1.24,2.5,0.0,0.0,0.0,1.77,0.0,0.0,0.0,0.0,0.0,0.0,0.0,1.36,0.0,0.0,0.0,0.0,0.0,0.0,0.0,0.0,0.0,0.0,0.0,0.0,0.0,0.0,0.0
10.1007/s11128-011-0232-3,0.0,0.0,3.17,0.0,0.0,1.46,0.0,0.0,0.0,0.0,0.0,1.5,0.0,1.05,0.0,0.0,0.0,0.0,1.9,0.0,0.0,0.0,0.0,0.0,0.0,0.0,0.0,0.0,0.0,0.0,1.93,0.0
10.1103/PhysRevA.86.032334,0.0,0.0,0.0,0.0,1.0,0.0,0.0,0.0,0.0,0.0,0.0,0.0,0.0,1.05,0.0,0.0,0.0,0.0,0.0,0.0,0.0,0.0,0.0,0.0,0.0,0.0,0.0,0.0,0.0,0.0,0.0,0.0
10.1364/OE.20.024714,0.0,0.0,0.0,4.94,0.5,0.0,0.0,0.0,1.77,0.0,4.95,0.0,3.25,3.15,3.39,1.9,0.0,0.0,0.0,0.0,1.67,0.0,0.0,0.0,5.53,0.0,0.0,2.75,0.0,0.0,0.0,0.0
10.1103/PhysRevLett.108.190503,0.0,0.0,0.0,0.0,1.0,0.97,1.25,0.0,0.0,10.6,0.0,0.0,0.0,2.1,1.69,0.0,1.36,0.0,0.0,1.74,0.0,2.28,0.0,0.0,0.0,0.0,0.0,0.0,0.0,0.0,0.0,0.0
10.1038/ncomms1641,1.0,0.0,0.0,0.0,2.5,0.0,0.0,0.0,0.0,0.0,0.0,1.5,0.0,1.05,0.0,0.0,0.0,0.0,0.0,0.0,3.34,2.28,0.0,1.84,0.0,0.0,0.0,0.0,0.0,2.12,0.0,0.0
10.1038/ncomms1746,0.0,0.0,0.0,0.0,2.0,0.0,0.0,0.0,3.53,0.0,0.0,0.0,0.0,1.05,0.0,0.0,0.0,0.0,0.0,0.0,0.0,4.55,0.0,0.0,0.0,0.0,0.0,0.0,0.0,0.0,0.0,0.0
10.1038/ncomms1951,0.0,2.3,0.0,0.0,0.5,0.49,1.25,0.0,0.0,0.0,0.0,0.0,0.0,3.15,0.0,0.0,0.0,0.0,0.0,0.0,0.0,0.0,0.0,0.0,0.0,0.0,0.0,0.0,0.0,0.0,1.93,0.0
10.1103/PhysRevA.86.052315,0.0,4.61,0.0,6.18,0.0,0.97,1.25,0.0,0.0,0.0,0.0,0.0,1.63,0.0,0.0,1.9,0.0,0.0,0.0,0.0,8.36,0.0,0.0,0.0,0.0,0.0,0.0,0.0,0.0,0.0,1.93,0.0
10.1103/PhysRevA.86.062107,0.0,0.0,0.0,0.0,0.0,0.49,1.25,0.0,0.0,0.0,0.0,6.02,3.25,1.05,0.0,0.0,0.0,0.0,0.0,1.74,0.0,0.0,0.0,3.69,0.0,0.0,0.0,0.0,0.0,0.0,0.0,0.0
10.1038/ncomms2764,1.0,0.0,0.0,2.47,1.0,0.49,0.0,0.0,5.3,0.0,1.65,0.0,11.39,0.0,1.69,0.0,0.0,0.0,0.0,0.0,1.67,0.0,0.0,0.0,0.0,0.0,0.0,0.0,0.0,2.12,0.0,0.0
10.1109/JPHOT.2013.2252005,0.0,0.0,0.0,0.0,2.0,1.94,0.0,0.0,0.0,0.0,0.0,1.5,0.0,1.05,0.0,0.0,0.0,0.0,5.7,0.0,1.67,0.0,0.0,0.0,1.84,0.0,0.0,0.0,1.96,0.0,0.0,0.0
10.1038/NPHOTON.2013.41,0.0,0.0,4.75,3.71,1.0,0.97,0.0,0.0,3.53,0.0,0.0,1.5,1.63,0.0,6.78,0.0,0.0,0.0,0.0,0.0,0.0,0.0,0.0,0.0,0.0,0.0,0.0,0.0,1.96,0.0,0.0,0.0
10.1103/PhysRevLett.110.140403,0.0,2.3,0.0,2.47,1.0,0.97,0.0,0.0,0.0,0.0,0.0,3.01,0.0,0.0,0.0,5.7,2.72,0.0,0.0,0.0,0.0,0.0,0.0,0.0,0.0,0.0,0.0,0.0,0.0,0.0,0.0,0.0
10.1038/NPHYS2748,0.0,0.0,0.0,0.0,1.5,0.49,0.0,0.0,0.0,0.0,4.95,0.0,3.25,0.0,1.69,0.0,0.0,0.0,0.0,1.74,1.67,0.0,0.0,0.0,0.0,0.0,0.0,0.0,0.0,0.0,0.0,0.0
10.1038/srep01180,0.0,0.0,0.0,2.47,0.5,0.49,0.0,0.0,3.53,0.0,1.65,0.0,3.25,0.0,0.0,0.0,0.0,0.0,0.0,0.0,0.0,0.0,2.51,0.0,0.0,0.0,0.0,0.0,0.0,0.0,0.0,0.0
10.1073/pnas.1305920110,1.0,0.0,15.84,0.0,0.0,2.43,0.0,0.0,0.0,0.0,0.0,1.5,0.0,0.0,0.0,0.0,0.0,0.0,0.0,0.0,0.0,0.0,0.0,0.0,5.53,0.0,2.75,10.99,9.79,0.0,0.0,0.0
10.1038/NPHOTON.2013.287,0.0,0.0,0.0,0.0,0.0,0.97,1.25,0.0,0.0,0.0,4.95,3.01,0.0,0.0,0.0,0.0,0.0,15.07,0.0,0.0,0.0,0.0,0.0,0.0,0.0,3.8,0.0,0.0,0.0,0.0,1.93,0.0
10.1038/nature12366,0.0,2.3,0.0,0.0,2.0,0.97,0.0,0.0,0.0,0.0,0.0,0.0,0.0,1.05,0.0,0.0,2.72,0.0,0.0,1.74,0.0,0.0,0.0,0.0,1.84,0.0,0.0,0.0,0.0,0.0,0.0,0.0
10.1088/1367-2630/15/3/033005,1.0,0.0,0.0,1.24,0.0,0.49,0.0,0.0,0.0,0.0,0.0,1.5,0.0,0.0,0.0,0.0,0.0,0.0,0.0,0.0,0.0,2.28,0.0,0.0,0.0,0.0,0.0,0.0,0.0,0.0,0.0,0.0
10.1038/NPHOTON.2013.48,5.0,0.0,0.0,0.0,2.5,2.91,0.0,0.0,3.53,1.77,0.0,0.0,0.0,0.0,0.0,0.0,0.0,0.0,0.0,1.74,0.0,0.0,0.0,1.84,0.0,0.0,0.0,0.0,0.0,0.0,0.0,0.0
10.1021/nl303075q,0.0,0.0,0.0,0.0,0.5,0.97,0.0,0.0,7.07,0.0,0.0,1.5,0.0,2.1,0.0,0.0,0.0,0.0,0.0,0.0,0.0,0.0,0.0,0.0,0.0,0.0,0.0,0.0,3.92,0.0,0.0,0.0
10.1103/PhysRevLett.110.157001,0.0,0.0,7.92,2.47,0.0,0.49,0.0,0.0,0.0,0.0,0.0,0.0,1.63,0.0,1.69,0.0,0.0,0.0,0.0,0.0,0.0,0.0,7.53,0.0,0.0,0.0,0.0,0.0,0.0,2.12,0.0,0.0
10.1103/PhysRevA.87.062333,2.0,0.0,0.0,0.0,0.0,0.49,3.75,1.87,0.0,0.0,0.0,0.0,0.0,0.0,0.0,0.0,0.0,0.0,0.0,0.0,0.0,0.0,0.0,3.69,0.0,0.0,0.0,0.0,3.92,0.0,1.93,0.0
10.1088/1674-1056/22/9/090307,0.0,8.06,0.0,0.0,0.0,0.49,0.0,0.0,0.0,0.0,0.0,0.0,0.0,0.0,0.0,0.0,0.0,0.0,0.0,0.0,0.0,0.0,0.0,0.0,0.0,0.0,0.0,0.0,0.0,0.0,0.0,0.0
10.1103/PhysRevA.88.035806,0.0,0.0,0.0,2.47,0.0,0.0,1.25,0.0,0.0,0.0,0.0,0.0,0.0,2.1,0.0,0.0,0.0,0.0,0.0,0.0,0.0,0.0,0.0,0.0,0.0,0.0,0.0,0.0,0.0,0.0,0.0,0.0
10.1103/PhysRevA.88.012327,0.0,2.3,0.0,0.0,0.0,0.0,1.25,0.0,0.0,0.0,1.65,0.0,0.0,0.0,0.0,0.0,0.0,0.0,0.0,0.0,0.0,0.0,0.0,5.53,0.0,0.0,0.0,0.0,0.0,0.0,0.0,2.51
10.1364/OE.21.017671,3.0,0.0,4.75,2.47,1.0,0.0,0.0,0.0,0.0,0.0,0.0,0.0,1.63,0.0,0.0,0.0,1.36,0.0,0.0,0.0,0.0,0.0,0.0,1.84,0.0,0.0,0.0,0.0,0.0,4.25,0.0,0.0
10.1103/PhysRevA.88.062338,0.0,0.0,0.0,0.0,0.0,0.49,0.0,0.0,0.0,0.0,0.0,1.5,0.0,0.0,0.0,0.0,0.0,0.0,0.0,0.0,0.0,0.0,0.0,0.0,0.0,0.0,0.0,0.0,0.0,0.0,0.0,0.0
10.1103/PhysRevB.87.035308,6.01,0.0,0.0,1.24,0.0,0.49,0.0,0.0,3.53,0.0,1.65,0.0,0.0,0.0,0.0,0.0,1.36,0.0,0.0,0.0,0.0,0.0,0.0,0.0,0.0,0.0,0.0,0.0,0.0,6.37,0.0,0.0
10.1088/1367-2630/15/8/083050,0.0,0.0,0.0,0.0,0.5,0.49,0.0,0.0,0.0,0.0,0.0,0.0,0.0,1.05,0.0,0.0,0.0,0.0,0.0,0.0,0.0,0.0,0.0,0.0,0.0,0.0,0.0,0.0,0.0,0.0,0.0,0.0
10.1016/j.physleta.2013.09.005,2.0,2.3,4.75,1.24,0.5,0.0,6.25,0.0,0.0,0.0,0.0,0.0,3.25,1.05,0.0,0.0,0.0,0.0,0.0,0.0,0.0,0.0,0.0,0.0,0.0,0.0,0.0,0.0,0.0,0.0,0.0,0.0
10.1103/PhysRevA.87.014301,4.0,0.0,0.0,0.0,0.0,0.49,1.25,0.0,0.0,1.77,0.0,0.0,0.0,0.0,0.0,0.0,0.0,0.0,0.0,0.0,0.0,0.0,0.0,0.0,0.0,0.0,0.0,0.0,0.0,0.0,0.0,0.0
10.1364/OE.21.017824,2.0,0.0,0.0,0.0,0.5,0.49,1.25,0.0,0.0,0.0,0.0,0.0,0.0,0.0,0.0,0.0,0.0,0.0,0.0,1.74,0.0,0.0,0.0,0.0,0.0,0.0,0.0,5.49,1.96,0.0,0.0,0.0
10.1103/PhysRevLett.111.150501,4.0,0.0,0.0,0.0,0.0,0.0,3.75,1.87,0.0,0.0,8.24,0.0,0.0,1.05,0.0,0.0,1.36,0.0,0.0,0.0,0.0,0.0,0.0,1.84,1.84,0.0,0.0,0.0,0.0,6.37,1.93,0.0
10.1038/ncomms3744,0.0,0.0,7.92,0.0,3.5,1.94,0.0,0.0,0.0,0.0,0.0,0.0,0.0,3.15,0.0,0.0,0.0,0.0,0.0,0.0,0.0,0.0,0.0,0.0,0.0,0.0,0.0,0.0,0.0,0.0,0.0,0.0
10.1088/0953-4075/46/23/235501,1.0,3.45,0.0,0.0,0.5,0.49,1.25,0.0,0.0,0.0,0.0,1.5,0.0,0.0,0.0,0.0,1.36,0.0,0.0,0.0,3.34,0.0,0.0,0.0,0.0,0.0,0.0,0.0,0.0,0.0,0.0,0.0
10.1103/PhysRevA.88.062321,1.0,0.0,0.0,0.0,4.0,1.46,8.75,0.0,0.0,0.0,0.0,0.0,0.0,1.05,0.0,0.0,0.0,0.0,0.0,10.45,0.0,0.0,0.0,0.0,0.0,0.0,0.0,0.0,0.0,0.0,0.0,0.0
10.1103/PhysRevLett.111.240503,0.0,0.0,3.17,0.0,0.0,0.97,0.0,0.0,0.0,5.3,0.0,0.0,0.0,0.0,0.0,1.9,4.08,0.0,0.0,0.0,5.01,0.0,0.0,0.0,0.0,0.0,0.0,0.0,0.0,0.0,0.0,0.0
10.1088/0953-4075/46/5/055502,7.01,0.0,0.0,0.0,0.0,0.0,0.0,0.0,0.0,0.0,0.0,1.5,0.0,0.0,0.0,0.0,0.0,0.0,0.0,0.0,0.0,0.0,0.0,0.0,0.0,1.9,0.0,0.0,0.0,0.0,0.0,0.0
10.1103/PhysRevLett.111.090502,2.0,0.0,0.0,0.0,2.5,0.0,1.25,1.87,0.0,0.0,0.0,0.0,1.63,0.0,1.69,0.0,1.36,0.0,1.9,0.0,0.0,0.0,0.0,0.0,0.0,5.7,0.0,0.0,0.0,0.0,0.0,0.0
10.1063/1.4801503,0.0,0.0,0.0,4.94,0.0,0.0,0.0,3.74,0.0,0.0,0.0,0.0,1.63,0.0,0.0,0.0,0.0,0.0,0.0,0.0,0.0,0.0,0.0,0.0,0.0,0.0,0.0,0.0,0.0,0.0,0.0,0.0
10.1038/srep03548,0.0,0.0,0.0,0.0,2.0,0.0,1.25,0.0,0.0,0.0,6.59,0.0,0.0,2.1,0.0,0.0,0.0,0.0,0.0,0.0,0.0,0.0,0.0,0.0,0.0,0.0,0.0,0.0,0.0,0.0,0.0,0.0
10.1038/ncomms3228,0.0,4.61,6.34,0.0,2.0,2.91,0.0,0.0,1.77,1.77,0.0,0.0,0.0,0.0,0.0,0.0,12.25,0.0,0.0,0.0,0.0,0.0,0.0,0.0,0.0,0.0,0.0,0.0,0.0,0.0,0.0,0.0
10.1088/1367-2630/15/6/063017,0.0,0.0,0.0,0.0,0.5,0.0,0.0,0.0,0.0,0.0,0.0,1.5,0.0,0.0,0.0,0.0,5.44,0.0,1.9,5.23,0.0,0.0,0.0,3.69,0.0,0.0,0.0,0.0,0.0,0.0,0.0,0.0
10.1088/1612-2011/10/9/095202,5.0,0.0,1.58,1.24,0.5,0.49,0.0,0.0,3.53,3.53,1.65,0.0,0.0,1.05,0.0,0.0,0.0,0.0,0.0,0.0,0.0,0.0,0.0,0.0,0.0,0.0,0.0,0.0,0.0,4.25,1.93,0.0
10.1038/srep01394,1.0,0.0,0.0,0.0,2.5,0.49,0.0,1.87,0.0,0.0,1.65,1.5,0.0,0.0,0.0,0.0,0.0,0.0,0.0,0.0,0.0,0.0,0.0,0.0,0.0,0.0,0.0,0.0,0.0,6.37,0.0,0.0
10.1103/PhysRevA.88.022317,0.0,3.45,0.0,7.41,0.5,4.37,0.0,0.0,0.0,0.0,1.65,0.0,8.13,0.0,0.0,15.2,0.0,0.0,0.0,5.23,3.34,0.0,0.0,0.0,0.0,0.0,0.0,0.0,0.0,0.0,0.0,0.0
10.1109/TVLSI.2012.2227518,11.01,0.0,0.0,0.0,0.5,0.0,0.0,0.0,1.77,0.0,0.0,0.0,0.0,0.0,0.0,0.0,0.0,0.0,5.7,0.0,0.0,0.0,0.0,0.0,0.0,0.0,0.0,0.0,0.0,0.0,0.0,0.0
10.1364/OE.21.019252,4.0,0.0,0.0,0.0,1.0,0.0,3.75,3.74,0.0,0.0,0.0,0.0,0.0,0.0,0.0,0.0,0.0,2.51,0.0,0.0,0.0,2.28,5.02,0.0,0.0,1.9,0.0,10.99,0.0,0.0,0.0,0.0
10.1038/NPHOTON.2013.10,2.0,0.0,0.0,0.0,1.5,0.49,1.25,0.0,1.77,0.0,0.0,0.0,0.0,2.1,0.0,0.0,2.72,0.0,0.0,0.0,0.0,2.28,0.0,0.0,0.0,0.0,0.0,0.0,0.0,0.0,0.0,0.0
10.1038/NPHOTON.2012.283,0.0,0.0,0.0,0.0,2.5,0.0,0.0,5.62,0.0,0.0,0.0,0.0,0.0,1.05,0.0,1.9,0.0,0.0,0.0,0.0,5.01,0.0,0.0,0.0,1.84,1.9,0.0,0.0,0.0,2.12,0.0,0.0
10.1103/PhysRevLett.110.220402,0.0,0.0,0.0,0.0,0.0,0.0,0.0,0.0,0.0,0.0,0.0,1.5,0.0,0.0,0.0,0.0,0.0,0.0,0.0,0.0,0.0,0.0,0.0,0.0,0.0,0.0,0.0,0.0,0.0,0.0,0.0,0.0
10.1103/PhysRevLett.110.080502,0.0,1.15,0.0,0.0,0.0,1.46,1.25,0.0,0.0,0.0,0.0,0.0,0.0,0.0,0.0,0.0,0.0,0.0,0.0,0.0,0.0,0.0,0.0,1.84,0.0,0.0,0.0,0.0,0.0,0.0,0.0,0.0
10.1016/j.physa.2013.07.055,0.0,1.15,0.0,0.0,0.0,0.0,0.0,0.0,0.0,0.0,0.0,0.0,0.0,1.05,0.0,0.0,0.0,0.0,0.0,0.0,0.0,0.0,0.0,0.0,0.0,0.0,0.0,0.0,0.0,0.0,0.0,0.0
10.1103/PhysRevA.87.012117,0.0,0.0,0.0,0.0,1.5,1.46,0.0,0.0,0.0,1.77,1.65,0.0,0.0,0.0,0.0,0.0,0.0,0.0,0.0,3.48,0.0,0.0,0.0,0.0,0.0,0.0,0.0,0.0,0.0,0.0,0.0,0.0
10.1103/PhysRevB.87.235410,0.0,0.0,0.0,0.0,0.0,0.0,0.0,0.0,0.0,0.0,0.0,0.0,0.0,0.0,1.69,0.0,0.0,0.0,0.0,3.48,0.0,0.0,0.0,0.0,0.0,0.0,0.0,0.0,3.92,0.0,0.0,0.0
10.1364/OE.21.005988,0.0,1.15,1.58,0.0,1.0,1.94,2.5,0.0,0.0,1.77,0.0,0.0,1.63,1.05,0.0,0.0,1.36,0.0,0.0,3.48,0.0,0.0,5.02,1.84,0.0,0.0,5.49,10.99,0.0,0.0,0.0,0.0
10.1103/PhysRevLett.111.230504,0.0,9.21,0.0,0.0,0.5,0.0,0.0,0.0,0.0,0.0,0.0,0.0,0.0,2.1,0.0,0.0,0.0,0.0,0.0,0.0,0.0,0.0,0.0,0.0,0.0,0.0,0.0,0.0,0.0,0.0,0.0,0.0
10.1103/PhysRevLett.110.250501,4.0,1.15,0.0,1.24,2.5,0.97,0.0,0.0,1.77,0.0,0.0,0.0,0.0,0.0,0.0,0.0,1.36,0.0,0.0,0.0,0.0,13.66,0.0,0.0,0.0,0.0,0.0,0.0,1.96,0.0,0.0,0.0
10.1038/NPHYS2763,0.0,0.0,0.0,0.0,0.0,0.0,1.25,0.0,0.0,0.0,0.0,0.0,0.0,0.0,0.0,0.0,0.0,0.0,0.0,0.0,0.0,0.0,0.0,0.0,3.69,11.4,0.0,0.0,0.0,2.12,1.93,0.0
10.1103/PhysRevLett.110.173601,0.0,0.0,0.0,0.0,0.0,0.97,0.0,0.0,0.0,0.0,0.0,0.0,0.0,0.0,0.0,0.0,0.0,0.0,0.0,0.0,0.0,0.0,0.0,1.84,1.84,0.0,0.0,0.0,0.0,0.0,0.0,2.51
10.1103/PhysRevA.87.042325,6.01,0.0,0.0,0.0,0.5,0.0,0.0,5.62,0.0,0.0,4.95,1.5,0.0,0.0,0.0,1.9,5.44,0.0,0.0,0.0,1.67,0.0,0.0,0.0,0.0,0.0,0.0,0.0,0.0,0.0,0.0,0.0
10.1038/ncomms6786,0.0,1.15,0.0,6.18,2.0,0.97,0.0,0.0,0.0,0.0,1.65,0.0,3.25,0.0,5.08,0.0,0.0,0.0,0.0,0.0,0.0,0.0,0.0,0.0,0.0,0.0,0.0,0.0,5.88,0.0,0.0,0.0
10.1088/1367-2630/16/2/023019,0.0,3.45,1.58,0.0,0.5,1.46,0.0,0.0,3.53,0.0,0.0,0.0,0.0,0.0,0.0,0.0,0.0,0.0,0.0,0.0,1.67,0.0,0.0,0.0,0.0,1.9,0.0,0.0,0.0,0.0,0.0,2.51
10.1103/PhysRevLett.113.160504,0.0,0.0,0.0,0.0,0.0,0.0,0.0,0.0,0.0,0.0,0.0,0.0,0.0,4.19,0.0,0.0,0.0,0.0,0.0,1.74,0.0,0.0,0.0,0.0,3.69,0.0,0.0,0.0,0.0,0.0,0.0,0.0
10.1021/nl503081n,0.0,1.15,0.0,0.0,4.5,0.49,0.0,0.0,3.53,0.0,0.0,0.0,0.0,0.0,0.0,0.0,0.0,0.0,0.0,0.0,0.0,2.28,0.0,0.0,0.0,1.9,0.0,0.0,0.0,4.25,0.0,0.0
10.1038/nature13177,1.0,1.15,1.58,1.24,4.0,2.43,0.0,0.0,0.0,1.77,0.0,0.0,1.63,0.0,0.0,7.6,0.0,2.51,0.0,0.0,1.67,0.0,0.0,1.84,0.0,3.8,0.0,0.0,1.96,0.0,0.0,0.0
10.1038/nature13821,0.0,1.15,0.0,0.0,1.0,1.46,0.0,0.0,0.0,0.0,0.0,3.01,0.0,1.05,0.0,0.0,0.0,0.0,0.0,3.48,6.68,0.0,0.0,0.0,0.0,0.0,0.0,0.0,0.0,0.0,0.0,0.0
10.1038/nphoton.2014.84,0.0,1.15,7.92,3.71,1.5,0.97,0.0,0.0,3.53,0.0,0.0,0.0,0.0,1.05,1.69,0.0,0.0,0.0,0.0,0.0,0.0,2.28,0.0,0.0,0.0,0.0,0.0,0.0,0.0,0.0,0.0,0.0
10.1038/ncomms4895,0.0,0.0,12.67,0.0,1.5,0.0,0.0,0.0,0.0,0.0,0.0,0.0,1.63,0.0,3.39,0.0,1.36,0.0,1.9,0.0,0.0,0.0,0.0,0.0,0.0,0.0,0.0,0.0,0.0,0.0,0.0,0.0
10.1103/PhysRevA.89.033857,0.0,0.0,0.0,3.71,1.0,0.49,0.0,0.0,0.0,0.0,0.0,0.0,1.63,0.0,0.0,1.9,0.0,0.0,0.0,3.48,0.0,0.0,0.0,0.0,0.0,0.0,0.0,0.0,0.0,0.0,0.0,0.0
10.1007/s11433-014-5591-1,0.0,0.0,0.0,0.0,0.5,0.0,0.0,13.1,0.0,0.0,0.0,0.0,0.0,0.0,0.0,0.0,0.0,0.0,3.8,0.0,1.67,0.0,7.53,0.0,0.0,0.0,0.0,0.0,0.0,0.0,0.0,0.0
10.1038/srep06115,4.0,0.0,0.0,0.0,0.0,0.0,0.0,0.0,0.0,0.0,0.0,0.0,0.0,0.0,0.0,0.0,0.0,0.0,0.0,0.0,0.0,0.0,0.0,0.0,0.0,0.0,0.0,0.0,0.0,0.0,0.0,0.0
10.1088/1612-2011/11/12/125202,5.0,0.0,0.0,7.41,0.5,0.0,5.0,5.62,3.53,0.0,1.65,0.0,1.63,0.0,5.08,0.0,0.0,0.0,0.0,0.0,1.67,0.0,0.0,0.0,0.0,0.0,0.0,0.0,1.96,0.0,0.0,0.0
10.1364/OL.39.001489,4.0,0.0,0.0,2.47,0.0,0.97,1.25,5.62,0.0,0.0,1.65,0.0,1.63,0.0,0.0,3.8,0.0,0.0,0.0,0.0,3.34,0.0,0.0,0.0,0.0,0.0,0.0,0.0,3.92,2.12,0.0,0.0
10.1103/PhysRevA.89.062328,3.0,1.15,0.0,0.0,0.0,0.0,2.5,0.0,0.0,1.77,0.0,0.0,0.0,1.05,0.0,0.0,0.0,0.0,1.9,0.0,0.0,0.0,0.0,0.0,0.0,0.0,0.0,0.0,0.0,0.0,0.0,0.0
10.1364/JOSAB.31.001255,0.0,2.3,0.0,0.0,0.0,2.43,1.25,0.0,0.0,0.0,0.0,1.5,0.0,1.05,1.69,0.0,0.0,0.0,0.0,0.0,0.0,0.0,0.0,0.0,0.0,0.0,0.0,0.0,1.96,0.0,0.0,5.02
10.1038/srep06237,0.0,0.0,0.0,0.0,0.0,0.0,1.25,0.0,0.0,0.0,0.0,0.0,6.51,1.05,0.0,0.0,6.8,0.0,3.8,6.97,0.0,0.0,10.04,0.0,0.0,0.0,2.75,2.75,0.0,0.0,0.0,0.0
10.1364/JOSAB.31.000154,3.0,1.15,0.0,0.0,0.0,2.91,2.5,1.87,0.0,0.0,1.65,1.5,0.0,0.0,1.69,0.0,0.0,2.51,0.0,3.48,0.0,0.0,0.0,0.0,0.0,0.0,0.0,0.0,0.0,0.0,0.0,7.53
10.3390/e16063121,0.0,0.0,0.0,0.0,2.0,0.97,0.0,0.0,0.0,0.0,0.0,0.0,0.0,0.0,0.0,0.0,0.0,0.0,0.0,3.48,0.0,2.28,0.0,0.0,7.38,0.0,0.0,0.0,0.0,0.0,0.0,2.51
10.1007/s11433-014-5549-3,2.0,0.0,0.0,0.0,0.0,1.94,0.0,0.0,0.0,0.0,0.0,0.0,0.0,1.05,0.0,0.0,0.0,0.0,0.0,0.0,0.0,0.0,0.0,0.0,0.0,0.0,0.0,0.0,0.0,0.0,1.93,0.0
10.1103/PhysRevX.4.031039,0.0,0.0,0.0,0.0,2.5,4.37,2.5,0.0,0.0,0.0,0.0,0.0,1.63,1.05,0.0,0.0,0.0,0.0,1.9,0.0,1.67,0.0,0.0,3.69,0.0,0.0,0.0,0.0,0.0,0.0,0.0,0.0
10.1103/PhysRevB.90.195112,0.0,0.0,1.58,0.0,1.0,0.0,0.0,7.49,0.0,0.0,0.0,0.0,0.0,0.0,0.0,0.0,0.0,0.0,3.8,0.0,1.67,0.0,2.51,0.0,0.0,0.0,2.75,5.49,0.0,0.0,0.0,0.0
10.1038/srep04543,0.0,2.3,0.0,0.0,3.5,1.94,1.25,0.0,0.0,0.0,0.0,0.0,0.0,1.05,0.0,0.0,0.0,0.0,0.0,1.74,0.0,0.0,0.0,0.0,0.0,0.0,0.0,0.0,0.0,0.0,1.93,0.0
10.1103/PhysRevA.90.042332,0.0,0.0,0.0,0.0,0.0,0.97,0.0,0.0,0.0,1.77,0.0,0.0,0.0,0.0,0.0,0.0,2.72,0.0,0.0,0.0,0.0,0.0,0.0,0.0,5.53,0.0,0.0,0.0,0.0,0.0,3.86,0.0
10.1103/PhysRevA.90.042302,0.0,0.0,0.0,0.0,0.0,0.97,0.0,1.87,0.0,0.0,0.0,7.52,0.0,1.05,0.0,0.0,0.0,2.51,0.0,0.0,0.0,0.0,0.0,0.0,1.84,0.0,0.0,0.0,0.0,4.25,1.93,0.0
10.1364/OE.22.023360,0.0,0.0,3.17,0.0,0.5,0.49,0.0,0.0,0.0,5.3,0.0,0.0,0.0,0.0,0.0,0.0,1.36,0.0,0.0,0.0,0.0,0.0,0.0,0.0,0.0,0.0,0.0,0.0,0.0,0.0,0.0,0.0
10.1088/1674-1056/23/11/110304,0.0,4.61,0.0,0.0,0.0,0.49,1.25,0.0,0.0,0.0,0.0,6.02,0.0,0.0,0.0,0.0,0.0,0.0,0.0,0.0,0.0,0.0,0.0,0.0,0.0,0.0,0.0,0.0,0.0,0.0,0.0,0.0
10.1103/PhysRevA.89.022317,0.0,1.15,0.0,0.0,0.0,0.0,0.0,0.0,0.0,0.0,0.0,0.0,0.0,0.0,0.0,0.0,0.0,0.0,0.0,0.0,0.0,0.0,0.0,0.0,0.0,0.0,0.0,0.0,0.0,0.0,0.0,0.0
10.1080/09500340.2013.877610,5.0,0.0,0.0,0.0,0.5,0.0,0.0,7.49,0.0,0.0,0.0,0.0,0.0,0.0,0.0,0.0,0.0,0.0,0.0,0.0,1.67,0.0,0.0,0.0,7.38,1.9,0.0,0.0,0.0,0.0,0.0,0.0
10.1103/PhysRevLett.113.263604,0.0,0.0,0.0,1.24,3.0,1.94,0.0,0.0,0.0,0.0,0.0,0.0,1.63,0.0,0.0,0.0,0.0,0.0,0.0,0.0,0.0,0.0,0.0,0.0,0.0,0.0,0.0,0.0,0.0,0.0,0.0,2.51
10.1103/PhysRevA.90.042301,0.0,0.0,0.0,0.0,1.0,2.91,0.0,0.0,0.0,1.77,0.0,0.0,0.0,0.0,0.0,0.0,2.72,0.0,0.0,1.74,0.0,0.0,0.0,0.0,0.0,0.0,0.0,0.0,0.0,0.0,0.0,0.0
10.1364/JOSAB.31.001719,0.0,0.0,0.0,0.0,0.0,0.49,0.0,0.0,0.0,0.0,0.0,0.0,0.0,0.0,0.0,0.0,0.0,0.0,0.0,0.0,0.0,0.0,0.0,0.0,0.0,0.0,0.0,0.0,0.0,0.0,0.0,0.0
10.1063/1.4870450,0.0,0.0,0.0,3.71,1.0,1.94,6.25,0.0,0.0,0.0,0.0,0.0,0.0,1.05,1.69,0.0,1.36,0.0,1.9,0.0,0.0,0.0,0.0,0.0,0.0,0.0,0.0,0.0,0.0,0.0,0.0,0.0
10.1103/PhysRevLett.112.190402,0.0,0.0,0.0,0.0,0.0,0.49,1.25,0.0,0.0,0.0,0.0,4.51,0.0,0.0,0.0,0.0,0.0,0.0,0.0,0.0,0.0,0.0,5.02,0.0,1.84,0.0,0.0,0.0,0.0,0.0,0.0,0.0
10.1364/JOSAB.31.002334,0.0,0.0,0.0,0.0,0.5,1.46,5.0,0.0,0.0,1.77,0.0,0.0,0.0,0.0,0.0,0.0,0.0,0.0,0.0,0.0,0.0,0.0,0.0,0.0,0.0,0.0,0.0,0.0,0.0,0.0,0.0,0.0
10.1364/JOSAB.31.002689,1.0,0.0,0.0,0.0,0.5,4.37,1.25,0.0,0.0,0.0,0.0,6.02,0.0,0.0,0.0,0.0,0.0,2.51,0.0,0.0,0.0,0.0,0.0,0.0,0.0,5.7,0.0,0.0,0.0,0.0,5.79,0.0
10.1103/PhysRevA.90.022110,0.0,0.0,0.0,0.0,0.0,0.0,0.0,0.0,0.0,0.0,0.0,1.5,0.0,0.0,0.0,0.0,0.0,0.0,0.0,0.0,0.0,0.0,0.0,0.0,0.0,0.0,0.0,0.0,0.0,0.0,0.0,0.0
10.1142/S021974991560014X,0.0,6.91,0.0,0.0,0.0,1.46,0.0,0.0,0.0,0.0,0.0,0.0,0.0,3.15,0.0,0.0,0.0,0.0,0.0,3.48,0.0,0.0,0.0,0.0,1.84,0.0,0.0,0.0,0.0,0.0,5.79,0.0
10.1016/j.optcom.2013.10.024,0.0,4.61,0.0,6.18,0.0,0.0,0.0,0.0,0.0,0.0,0.0,0.0,0.0,0.0,0.0,1.9,0.0,0.0,0.0,0.0,0.0,0.0,0.0,0.0,1.84,0.0,0.0,0.0,0.0,0.0,0.0,0.0
10.1103/PhysRevB.90.155436,0.0,1.15,0.0,7.41,0.0,0.0,0.0,0.0,3.53,0.0,4.95,0.0,6.51,0.0,6.78,0.0,0.0,0.0,0.0,0.0,0.0,0.0,0.0,1.84,0.0,0.0,0.0,0.0,0.0,0.0,0.0,0.0
10.1038/srep04118,7.01,0.0,0.0,0.0,0.0,0.0,0.0,0.0,0.0,0.0,0.0,0.0,0.0,0.0,0.0,0.0,1.36,0.0,0.0,0.0,3.34,0.0,0.0,0.0,1.84,0.0,0.0,0.0,1.96,4.25,0.0,0.0
10.1088/1367-2630/16/10/105017,0.0,1.15,0.0,1.24,0.5,0.49,1.25,0.0,0.0,0.0,0.0,0.0,0.0,2.1,0.0,0.0,0.0,0.0,9.5,0.0,1.67,0.0,0.0,1.84,0.0,1.9,0.0,0.0,0.0,0.0,1.93,0.0
10.1063/1.4890083,0.0,0.0,1.58,2.47,0.0,0.49,0.0,0.0,0.0,0.0,1.65,0.0,0.0,1.05,3.39,0.0,0.0,0.0,0.0,0.0,0.0,4.55,0.0,3.69,0.0,0.0,5.49,16.48,0.0,0.0,0.0,0.0
10.1016/j.physleta.2014.01.045,0.0,1.15,0.0,0.0,0.0,0.97,0.0,1.87,0.0,0.0,0.0,0.0,0.0,0.0,0.0,0.0,0.0,0.0,0.0,1.74,0.0,0.0,0.0,0.0,0.0,0.0,0.0,0.0,0.0,0.0,0.0,0.0
10.1364/OL.39.002924,1.0,0.0,0.0,0.0,1.0,0.0,0.0,0.0,0.0,3.53,8.24,0.0,0.0,0.0,0.0,0.0,0.0,0.0,0.0,0.0,3.34,0.0,0.0,0.0,0.0,0.0,0.0,0.0,0.0,0.0,0.0,0.0
10.1364/OE.22.019141,0.0,0.0,0.0,0.0,0.0,0.0,0.0,3.74,0.0,0.0,0.0,0.0,0.0,1.05,0.0,1.9,0.0,0.0,0.0,0.0,3.34,0.0,0.0,0.0,0.0,0.0,0.0,0.0,0.0,0.0,0.0,0.0
10.1103/PhysRevA.90.052328,3.0,2.3,0.0,0.0,0.5,0.49,0.0,0.0,0.0,1.77,0.0,1.5,0.0,0.0,0.0,0.0,0.0,0.0,0.0,5.23,0.0,0.0,0.0,0.0,0.0,0.0,0.0,0.0,0.0,0.0,0.0,0.0
10.1103/PhysRevA.90.012335,4.0,0.0,0.0,6.18,0.0,0.0,0.0,0.0,0.0,0.0,0.0,1.5,0.0,0.0,0.0,5.7,1.36,0.0,0.0,0.0,0.0,0.0,0.0,0.0,0.0,0.0,0.0,0.0,0.0,0.0,0.0,0.0
10.1103/PhysRevA.89.022340,5.0,0.0,0.0,0.0,0.5,1.46,1.25,0.0,0.0,0.0,0.0,0.0,0.0,0.0,0.0,0.0,1.36,0.0,3.8,0.0,0.0,0.0,0.0,0.0,0.0,0.0,0.0,0.0,0.0,0.0,0.0,0.0
10.1103/PhysRevA.89.042323,5.0,3.45,0.0,0.0,0.0,0.49,0.0,0.0,0.0,0.0,0.0,0.0,0.0,0.0,0.0,0.0,0.0,0.0,0.0,0.0,0.0,0.0,0.0,0.0,3.69,0.0,0.0,0.0,0.0,0.0,0.0,0.0
10.1364/JOSAB.31.000405,4.0,0.0,0.0,0.0,2.0,0.97,6.25,0.0,0.0,0.0,0.0,0.0,0.0,0.0,0.0,0.0,1.36,0.0,0.0,0.0,0.0,0.0,0.0,0.0,0.0,1.9,0.0,0.0,0.0,0.0,0.0,0.0
10.1103/PhysRevA.90.012111,0.0,4.61,1.58,0.0,0.0,1.94,0.0,7.49,0.0,0.0,0.0,0.0,0.0,0.0,0.0,0.0,0.0,0.0,0.0,0.0,0.0,0.0,0.0,0.0,0.0,0.0,0.0,0.0,0.0,0.0,0.0,0.0
10.1038/ncomms4316,0.0,3.45,0.0,0.0,2.5,0.49,0.0,0.0,1.77,1.77,0.0,0.0,0.0,1.05,0.0,0.0,1.36,0.0,0.0,0.0,0.0,2.28,0.0,0.0,0.0,0.0,0.0,0.0,0.0,0.0,0.0,0.0
10.1103/PhysRevA.90.012304,0.0,4.61,0.0,1.24,0.5,2.43,0.0,0.0,0.0,0.0,1.65,0.0,0.0,1.05,0.0,0.0,1.36,0.0,0.0,1.74,3.34,0.0,0.0,0.0,5.53,0.0,0.0,0.0,0.0,0.0,0.0,0.0
10.1038/srep04623,5.0,0.0,1.58,1.24,1.5,0.0,0.0,0.0,1.77,3.53,4.95,0.0,0.0,1.05,0.0,0.0,0.0,0.0,0.0,0.0,0.0,0.0,0.0,0.0,0.0,5.7,0.0,0.0,0.0,0.0,1.93,0.0
