DOI,nouns
10.1038/NNANO.2010.6,quantum dot|quantum bit|quantum cryptography|diamond|photon|source|light|source|photon|technology|communication|device|fluorescent|dye|carbon|none|photon|flux|room|temperature|gate|luminescent|centre|alternative|nitrogen|vacancy|centre|spin|luminescent|centre|diamond|crystal|disadvantage|photon|couple|photon|source|nitrogen|vacancy|centre|diamond|nanowire|flux|diamond|device|power|class|device|information|process|diamond|impact|probe|microscopy
10.1021/nl101662v,nitrogen vacancy|nitrogen vacancy|couple|center|crystal|cavity|couple|crystal|nanocavity|photon|emitter|scan|cavity|sample|position|cavity|emitter|nanoscale|resolution|power|nanocavity|center|diamond|emitter|electron|spin|qubit
10.1016/j.jlumin.2009.12.004,couple|defect|center|nanostructure|nitrogen|vacancy|defect|center|diamond|candidate|number|field|optic|quantum|information|photon|generation|spin|qubit|gate|defect|center|nanostructure|metal|particle|microcavitie|assembly|structure|manipulation|field|probe|enhancement|photon|emission|gold|nanosphere|couple|diamond|nanocrystal|mode|microsphere|resonator|crystal|cavity|prototype|element|control|generation|transfer|photon|level|quantum|emitter|right
10.1088/1367-2630/12/6/063015,josephson junction|quantum computing|quantum computing|quantum computing|quantum computing|qubit|chip|microwave|photon|transmission|line|resonator|chip|qubit|optic|control|josephson|device|chip|advantage|nonlinearitie|qubit|interaction|gate|error|rate|scheme|josephson|device|decoherence|technology|scheme|milestone|qubit
10.1016/j.ijleo.2009.03.006,quantum network|quantum state|quantum state|waveguidance|simulation|cavity|raman|conversion|spin|qubit|photon|qubit|channel|qubit|transmission|laser|field|atom|node|cavity|qubit|node|channel|spin|state|nanodot|deal|phenomena|waveguidance|simulation|transmission|protocol|transfer|entanglement|nanodot|qubit|gmbh|right
10.1007/s11433-010-4014-1,superconducting qubit|feshbach|resonance|feshbach|resonance|resonance|atom|scatter|channel|state|channel|resonance|phenomenon|collision|particle|transport|massless|particle|photon|resonator|array|cavity|level|tls|tls|array|state|setup|transmission|feshbach|resonance|state|couple|cavity|crystal|transmission|line|numerical|simulation|domain|assumption
10.1088/0031-8949/2010/T140/014014,qubit|entanglement|dynamic|environment|behaviour|entanglement|noninteracte|qubit|environment|condition|cavity|resonant|qubit|transition|frequency|nonperfect|band|gap|pbg|revival|retardation|entanglement|loss|cavity|qubit|detune|entanglement|pbg
10.1088/0256-307X/27/3/030302,quantum|phase|gate|qubit|protocol|qubit|phase|gate|qubit|mode|cavity|idea|qubit|phase|gate|interaction|number|qubit|addition|influence|cavity|decay|emission|gate|fidelity|photon|loss|probability|calculation
10.1103/PhysRevA.82.042327,quantum gate|quantum network|quantum network|cluster state|control|dynamic|qubit|couple|qubit|node|cavity|fiber|pair|transition|elimination|state|state|qubit|qubit|interaction|quantum|information|process|pair|qubit|qubit|gate|qubit|pair|choice|parameter|field|pair|transition|generation|spin|chain|requirement|cavity|fiber|couple|detune|transition
10.1103/PhysRevLett.105.220501,quantum communication|quantum network|transducer|distance|scheme|qubit|qubit|light|interaction|resonator|response|qubit|quantum|interface|range|state|spin|state|transfer|protocol|node|transfer|fidelity|condition
10.1364/OE.18.025786,quantum memory|quantum memory|quantum memory|vapor|polarization|qubit|realization|vapor|polarization|qubit|polarization|qubit|transparency|ensemble|rubidium|atom|vapor|cell|quantum|tomography|fidelity|storage|society|america
10.1142/S0219749910006435,quantum computer|quantum communication|quantum error correction|computation|architecture|semiconductor|nanophotonic|scale|cost|communication|resource|requirement|demand|technology|architecture|fault|computer|photon|gate|communication|resource|overhead|computer|gate|photon|quantum|memory|communication|resource|presence|loss|compromise|architecture|semiconductor|spin|qubit|laser|pulse|waveguide|cavity|combination|entanglement|mechanism|resource|requirement|gate|part|speed|gate|semiconductor|nanophotonic|hardware|cluster|state|fault|tolerance|architecture|technology|combination|potential
10.1103/PhysRevA.82.030305,quantum algorithm|cluster state|cluster state|jozsa|bernstein|vazirani|algorithm|version|jozsa|bernstein|vazirani|resource|qubit|resource|state|qubit|version|purpose|chip|setup
10.1103/PhysRevA.82.012309,quantum communication|quantum memory|quantum memory|compression|quantum|information|photon|photon|echo|compression|decompression|pulse|quantum|information|photon|echo|broaden|absorption|line|medium|absorption|profile|recall|efficiency|unity|quantum|information|qubit|insight|atom|interaction|view|network|compression|decompression|role|qubit|rate|mapping|quantum|information|carrier|bandwidth|memory|bandwidth
10.1038/NPHOTON.2010.83,quantum dot|quantum dot|quantum dot|quantum dot|quantum network|spin|echo|photon|rely|matter|qubit|memory|spin|electron|semiconductor|matter|qubit|spin|control|gate|gate|spin|picosecond|order|magnitude|obstacle|information|spin|dephase|variation|background|spin|echo|decoherence|electron|spin|nanosecond|microsecond|ratio|decoherence|promise|quantum|information|repeater
10.1364/OE.18.024423,quantum state|state|tomography|qubit|modulator|tomography|qubit|pair|photon|slit|setup|light|modulator|tool|state|density|matrix|theory|quantum|tomography|density|matrix|qubit|state|variable|society|america
10.1103/PhysRevA.81.052106,quantum communication|quantum network|nonlocality|fiber|bin|qubit|analyzer|nature|bin|qubit|qubit|pair|polarization|qubit|bin|qubit|analyzer|utba|bin|qubit|basis|nature|light|clauser|holt|inequality|measurement|basis|dimension|bloch|sphere|experiment|qubit|fiber|link|suitability|scheme|world|set|entanglement|entanglement|type|degree|freedom|scale|possibility|nonlocality|protocol|bin|entanglement
10.1103/PhysRevLett.105.030407,quantum teleportation|quantum network|preparation|photon|hybrid|vector|polarization|state|requirement|knowledge|state|reconstruction|protocol|state|preparation|number|demonstration|date|qubit|preparation|qubit|hybrid|state|family|vector|polarization|beam|photon|state|photon|spin|momentum|state|spin|orbit|state|tomography|polarization|tomography|fidelity|vector|polarization|state|door|couple|photon|atom|plasmon|nanostructure
10.1103/PhysRevLett.105.060502,phase|gate|exchange|fermionic|spin|wave|spin|chain|protocol|qubit|phase|gate|phase|photon|excitation|character|position|fermionic|excitation|spin|wave|spin|chain|photon|storage|interface|photon|spin|wave|imperfection|gate
10.1103/PhysRevLett.105.250403,quantum|tomography|tomography|multiqubit|quantum|register|information|part|density|operator|approximation|state|measurement|effort|uncertainty|density|matrix|tomography|qubit|dicke|state
10.1103/PhysRevA.82.010301,photon|photon|àöswap|gate|photon|photon|root|swap|gate|level|lambda|photon|reflection|geometry|lambda|memory|qubit|state|lambda|control|field|gate|gate|merit|gate|computation
10.2478/s11772-010-0050-7,quantum computing|quantum dot|quantum cryptography|technology|photon|device|progress|nanofabrication|realization|nanodevice|photon|nature|photon|state|distribution|qkd|exchange|key|transmission|pulse|photon|control|qubit|step|field|state|cavity|quantum|electrodynamic|device|realization|photon|generation|detection|resolution|technology|property|attention|description|source|crystal|microcavite|device|realization|photon|source|demand|class|photon|detector|nanowire|photon|detector|sspds|fabrication|area|coverage|photon|number|capability
10.1364/OE.18.020475,quantum circuit|quantum circuit|polarization|qubit|circuit|quantum|logic|gate|lithium|circuit|property|generation|transmission|process|photon|chip|circuit|component|chip|information|process|scheme|set|transformation|modal|qubit|mode|analyzer|device|component|state|path|mode|rotator|state|angle|mode|space|pauli|spin|operator|gate|qubit|photon|cnot|gate|element|set|logic|gate|polarization|mode|number|photon|serve|control|target|qubit|dispersion|cnot|circuit|path|component|simulation|transformation|power|couple|mode|waveguide|polarization|sensitivity|pockel|coefficient|society|america
10.1080/15421406.2010.485118,quantum|information|crystal|field|information|introduction|crystal|cell|plate|generation|state|polarization|momentum|photon|transfer|qubit|information|spin|momentum|photon|hong|mandel|coalescence|mode|beam|splitter|photon|nonzero|momentum|quantum|clone|momentum|qubit
10.1103/PhysRevB.81.085325,quantum computing|quantum computing|quantum simulation|computation|silicon|cavity|architecture|donor|crystal|silicon|cavity|initialization|manipulation|detection|ion|trap|scheme|requirement|position|donor|build|block|gate|silicon|device|realization|qubit|gate|initialization|readout|qubit|consideration|state|art|value|parameter|architecture|error|gate|fault|computation|quantum|optic
10.1103/PhysRevA.82.012304,reference|frame|distribution|distribution|protocol|pair|qubit|key|partner|environment|reference|frame|direction|particle|delivery|phase|basis|state|protocol|gate|setup|scenario|earth|satellite|link|photon|waveguide|rate|qubit|source|rate|state|protocol|noise|generalization|protocol|scheme|qutrit
10.1103/PhysRevLett.104.123601,quantum|tomography|photon|quantum|tomography|bendersky|phy|rev|lett|estimation|element|matrix|quantum|resource|number|qubit|idea|estimation|matrix|element|fidelity|channel|set|state|photon|source|algorithm|tomography|number|channel|polarization|qubit|one|advantage
10.1103/PhysRevA.82.012328,quantum computing|cluster state|chain|quantum|wire|measurement|alternative|circuit|proceed|measurement|resource|state|spin|graph|lattice|valence|bond|ground|state|chain|particle|affleck|kennedy|lieb|tasaki|aklt|resource|state|simulation|aklt|state|optic|fidelity|measurement|quantum|experiment|logic|gate|chain|particle|aklt|state|polarization|biphoton|level|pair|photon|spatio|mode|qubit|aklt|state|qubit|unitary|measurement|biphoton|mbqc|biphoton|measurement|optic|photodetection
10.1103/PhysRevA.82.024303,quantum dot|quantum circuit|quantum simulator|anyon|anyon|anyon|braid|unit|statistic|han|phy|rev|lett|qubit|statistic|qubit|unit|statistic|order|unit|kind|charge|excitation|integer|unit|electron|lattice|array|advantage|metrology
10.1038/NPHYS1777,quantum computing|quantum computing|quantum computing|cluster state|way|valence|bond|way|computation|spin|spin|resource|challenge|resource|task|production|body|ground|state|resource|way|ground|state|effort|alternative|ground|state|spin|candidate|valence|bond|state|affleck|kennedy|lieb|aklt|ground|state|body|hamiltonian|chain|resource|way|aklt|state|qubit|quantum|logic|gate
10.1073/pnas.1005720107,quantum computer|quantum computer|quantum gate|quantum teleportation|quantum teleportation|quantum communication|quantum state|teleportation|realization|quantum|qubit|gate|year|interest|transfer|distance|ingredient|distance|technology|quantum|computation|interest|scheme|chuang|nature|qubit|help|state|construction|multiparticle|state|entanglement|state|measurement|qubit|gate|feasibility|scheme|constraint|computation|nontrivial|module|scheme|teleportation|quantum|gate|qubit|fidelity|photon|interferometer|gate|photon|hyperentanglement|phase|gate|principle|capability|gate|experiment|step|realization|optic|quantum|information|process
10.1088/1367-2630/12/11/113046,quantum computing|cluster state|cluster state|cluster state|cluster state|cluster state|entanglement|variable|entanglement|property|resource|variable|aim|quadrature|eigenstate|squeeze|nature|approximation|definition|concept|teleportation|quantum|wire|language|matrix|product|state|entanglement|property|wire|qubit|bipartite|entanglement|entanglement|width|entanglement|measure|van|den|nest|phy|rev|lett|definition|context|loss|argument|state|difference|property|gaussian|loss|rate|amount|entanglement|implication|potential|analogue|measurement|computation
10.1080/09500340.2010.495460,cluster state|cluster state|cluster state|cluster state|cluster state|cluster state|cluster state|cluster state|environment|decoherence|entanglement|large|photon|fusion|gate|construction|way|fusion|gate|storage|aim|qubit|hope|amount|entanglement
10.1038/nature09150,quantum device|matter|spin|interaction|colloidal|hetero|interplay|light|matter|basis|matter|interaction|principle|gate|state|device|principle|optical|ose|control|scheme|spin|semiconductor|potential|spin|dimension|semiconductor|matter|couple|nanoscale|experiment|enhancement|matter|interaction|need|finesse|device|scale|integration|ose|energy|detune|cavity|colloidal|metal|semiconductor|core|shell|hetero|nanostructure|metal|surface|plasmon|semiconductor|exciton|transition|ose|exhibit|polarization|dependence|mechanism|spin|manipulation|colloidal|nanostructure|plasmon|exciton|resonant|nature|tailor|spin|manipulation|tune|plasmon|resonance|intensity|frequency|pathway|matter|spin|interaction|plasmon|exciton|resonant|couple|nanostructure|basis|information|process|nanoscale|nanostructure|matter|interaction|test|bed|field|nano|biophotonic|nano
10.1364/OE.18.027938,quantum bit|quantum cryptography|blind|detector|detector|distribution|qkd|eavesdropper|wave|illumination|trigger|pulse|voltage|circuit|nat|photon|attack|key|error|rate|qber|detector|illumination|outcome|detector|qkd|avalanche|photo|diode|apds|illumination|blind|detector|pulse|pause|transmission|plug|play|inertia|illumination|eavesdropping|society|america
10.1142/S0219749910006265,quantum repeater|cluster state|cluster state|cluster state|cluster state|module|scale|quantum|information|process|quantum|computation|ability|gate|number|qubit|module|atom|cavity|ancilla|module|network|architecture|advantage|switch|mechanism|possibility|control|pulse|atom|cavity|architecture|circuit|chip|basis|processor|node
10.1103/PhysRevLett.105.093601,quantum dot|quantum dot|quantum dot|quantum dot|quantum dot|cluster state|cluster state|cluster state|cluster state|photon|polarization|qubit|emitter|proposal|string|dot|proposal|phase|gate|entanglement|dot|string|interpair|couple|cavity|wave|guide|cluster|sheet|importance|fact|resource|computation|error|proposal|technology|photon|frequency|constraint|resonance|energy
10.1049/el.2010.0959,limitation|transmission|qubit|fibre|telecom|traffic|limitation|exchange|qubit|fibre|telecom|traffic|noise|photon|signal|limitation|direction|respect|channel
10.1016/j.optcom.2009.10.078,energy|constraint|logic|question|constraint|nature|field|place|realization|gate|emission|space|phase|gate|qubit|error|probability|number|photon|field|qubit|possibility|photon|modulation|detail|level|level|scheme|transparency|eit|nonlinearity|absorption|error|probability|order|number|photon|eit|couple|field|right
10.1103/PhysRevA.82.053814,quantum state|photon pair|photon pair|photon|scale|qubit|state|photon|scale|sekatski|brunner|branciard|phy|rev|lett|side|type|clone|machine|qubit|detection|scheme|threshold|detector|side|photon|detector|side|correlation|measurement|entanglement|entanglement|state|importance|detection|loophole|entanglement|violation|experiment|preparation|state|entanglement|inequality|loophole|entanglement|state|robustness|loss|amplification
10.1103/PhysRevB.81.045309,quantum dot|quantum dot|interface|spin|couple|qubit|matter|qubit|build|block|quantum|communication|network|interface|wave|field|spin|cavity|electron|couple|laser|field|interaction|write|read
10.1103/PhysRevB.81.193301,quantum dot|quantum dot|quantum dot|quantum dot|couple|ina|gaas|crystal|microcavity|distance|interaction|ina|gaas|crystal|microcavity|couple|cavity|measurement|excitation|state|increase|state|emission|cavity|couple|excitation|intensity|step|realization|logic|gate|state|qubit
10.1134/S0030400X10020037,quantum communication|photon pair|crystal|source|path|polarization|entanglement|wavelength|phase|crystal|source|path|polarization|rate|mode|fiber|photon|interference|visibility|source|protocol|distribution|entanglement|transfer|qubit|entanglement|photon|source
10.1103/PhysRevA.81.062339,quantum communication|teleportation|information|degree|freedom|photon|state|finite|biphoton|state|wave|form|spread|variant|teleportation|expression|fidelity|teleportation|complex|state|utility|qubit|receiver
10.1103/PhysRevA.82.055801,measurement|qubit|measurement|statistic|observable|qubit|outcome|operator|measure|detection|transverse|position|displacement|detection|scheme|worker|measurement|observable|eigenvector|technology|multipixel|liquid|crystal|display|addition|qudit|tool|information|protocol|qubit|qudit
10.1038/nature10119,quantum bit|quantum system|classicality|contrast|physics|quantum|theory|property|uncertainty|principle|manifestation|alternative|theory|probability|distribution|variable|property|measurement|measurement|theory|conflict|mechanic|conflict|pair|qubit|inequality|variable|quantum|mechanic|state|qubit|state|qutrit|contradiction|contradiction|entanglement|subsystem|state|experiment|evidence|probability|distribution|outcome|measurement|theory|violation|entanglement|type|inequality|klyachko|binicioglu|incompatibility|quantum|mechanic|physics|way|entanglement
10.1038/NPHOTON.2011.52,quantum bit|resonant|enhancement|phonon|emission|colour|centre|diamond|cavity|technology|quantum|ultralow|power|opto|nitrogen|vacancy|centre|diamond|state|date|electron|spin|coherence|capability|initialization|readout|information|hurdle|nitrogen|vacancy|scale|computation|regard|resonator|couple|phonon|line|nitrogen|vacancy|mode|resonator|crystal|diamond|phonon|line|enhancement|factor|lifetime|measurement|device|semiconductor|shelf|material|diamond|photon
10.1103/PhysRevLett.107.053602,quantum dot|photon|blockade|circuit|photon|photon|interaction|coplanar|waveguide|cavity|charge|qubit|interaction|transmission|photon|cavity|photon|blockade|power|energy|spectrum|photon|incident|cavity|staircase|step|analogy|electron|transport|coulomb|blockade|effort|cavity|qubit|excitation|nature|hybridization|qubit|photon|tolerance|matter|experiment
10.1038/nature09997,quantum computing|quantum bit|quantum gate|quantum communication|quantum network|quantum state|quantum memory|quantum memory|quantum memory|quantum repeater|atom|storage|qubit|light|distance|qubit|light|device|requirement|ensemble|material|particle|information|way|information|exchange|quanta|light|particle|material|qubit|advantage|herald|mechanism|storage|photon|mean|state|loss|efficiency|qubit|manipulation|avenue|situ|process|information|polarization|state|light|atom|cavity|memory|pulse|quantum|tomography|fidelity|decoherence|rate|qubit|coherence|microsecond|node|prospect
10.1103/PhysRevA.83.010302,graph state|graph state|graph state|graph state|generation|graph|state|stream|protocol|stream|qubit|parent|qubit|type|generation|qubit|generation|fly|atom|cavity|mode|qubit|fall|class|resource|requirement|fault|optic|quantum|computation|regard|atom|generation|scheme|fidelity|photon|loss
10.1103/PhysRevA.84.043816,quantum dot|superconducting qubit|regime|matter|couple|excitation|level|atom|mode|cavity|presence|pump|quantum|transition|ground|approximation|degree|regime|gate|quantum|lase|quench|picture|regime|condensation|state|triplet|structure|emitter|photoluminescence|spectrum|feature|field|quantization|description|matter|interaction
10.1134/S1054660X11150175,quantum computer|quantum computer|quantum computer|quantum computer|quantum computer|quantum gate|quantum memory|quantum memory|quantum memory|state|cavity|quantum|electrodynamic|realization|state|atom|transmon|resonator|novel|cavity|node|ensemble|process|node|parameter|atom|scheme|computer|realization|multimode|qubit|efficiency|self|mode|transfer|qubit|node|process|node|realization|iswap|gate|couple|process|node|gate|rate|number|atom|node|blockade|mechanism|realization|multi|atom|ensemble|number|qubit|gate|possibility|quantum|process
10.1103/PhysRevA.83.042320,visibility|noise|particle|distinguishability|noise|particle|interference|particle|signal|state|qubit|noise|qubit|couple|beam|splitter|degradation|photon|interference|degree|indistinguishability|signal|noise|photon|photon|visibility|value|root|photon|visibility|increase|unit|value|photon|setup|fiber|optic|photon|mach|zehnder|interferometer
10.1103/PhysRevA.84.022325,herald|qubit|device|quantum|distribution|way|qubit|signal|optic|device|herald|unit|success|probability|resource|resource|herald|scenario|qubit|success|probability|advantage|herald|scheme|rate|device|distribution|imperfection|source|detector|account
10.1038/NPHYS1885,superconducting qubit|quantum state|photon|shell|game|resonator|circuit|quantum|electrodynamic|generation|control|task|cavity|quantum|qed|realization|cavity|qed|circuit|qed|chip|microwave|photon|control|photon|issue|cavity|qed|transfer|photon|resonator|circuit|qed|resonator|architecture|chip|resonator|phase|qubit|circuit|photon|state|resonator|qubit|vacuum|rabi|swap|resonator|superposition|state|fidelity|phase|coherence|transfer|potential|circuit|photon|quantum|register|multipartite|entanglement
10.1103/PhysRevLett.107.190402,quantum gate|computation|resonator|couple|circuit|qed|behavior|qubit|ground|eigenstate|couple|circuit|qed|number|josephson|fluxonium|atom|transmission|line|resonator|set|transmission|line|resonator|resonator|qubit|anisotropic|nature|noise|source|fluxonium|artificial|atom|master|equation|treatment|noise|level|dynamic|class|anisotropic|noise|source|coherence|qubit|fidelity|quantum|gate|regime|couple|ground|state|state
10.1038/nature10562,quantum bit|quantum system|room|temperature|control|defect|spin|qubit|silicon|carbide|spin|semiconductor|limit|control|goal|information|communication|point|defect|diamond|nitrogen|vacancy|centre|deal|interest|scale|spin|state|state|qubit|room|quantum|property|effort|defect|semiconductor|range|functionality|diamond|nitrogen|vacancy|defect|silicon|carbide|sic|candidate|exploration|combination|prediction|resonance|defect|spin|state|polytype|sic|sic|domain|temperature|kelvin|microwave|diamond|nitrogen|vacancy|qubit|ground|state|inequivalent|form|carbon|silicon|divacancy|pair|defect|spin|state|origin|defect|telecommunication|host|material|scale|crystal|microfabrication|addition|spin|coherence|property|diamond|nitrogen|vacancy|centre|candidate|information|quantum|degree|freedom
10.1364/JOSAB.28.001959,quantum dot|quantum dot|phase|gate|crystal|cavity|scheme|qubit|phase|gate|phase|qds|crystal|cavity|qds|cavity|mode|light|field|gate|gate|qds|transition|cavity|mode|path|phase|space|way|phase|state|qds|qubit|gate|society|america
10.1080/09500340.2011.604437,cluster state|cluster state|cluster state|cluster state|cluster state|cluster state|photon|ability|computation|cluster|primitive|fusion|gate|efficiency|construction|remain|cluster|primitive|fusion|attempt|decoherence|cluster|primitive|qubit|resource|construction|fusion|gate|dephase|construction|decoherence|cluster|imperfection|decoherence|fusion|gate|way|qubit|cluster|fusion|gate|failure|fidelity|measure|accuracy|discussion|photon|loss|construction|cluster
10.1103/PhysRevA.83.012107,reservoir|inverse|power|law|decoherence|qubit|dynamic|jayne|cumme|qubit|distribution|boson|form|density|reservoir|decoherence|power|law|relaxation|power|scale|relaxation|jayne|cumme|type|density|function|decoherence|reservoir|band|edge|frequency|qubit|transition|frequency|band|gap|medium|realization|reservoir
10.1103/PhysRevLett.107.160401,quantum state|quantum state|realization|transpose|qubit|realization|transpose|qubit|scheme|gate|copy|communication|information|task|technology|detection|entanglement|tomography|gate
10.1016/j.optcom.2011.07.053,entanglement|atom|crystal|entanglement|dynamic|dipole|dipole|level|atom|band|gap|pbg|environment|condition|dipole|dipole|interaction|ingredient|interplay|role|entanglement|qubit|detune|transition|frequency|band|gap|entanglement|qubit|limit|detune|disentanglement|present|deterioration|entanglement|information|process|material|right
10.1088/1367-2630/13/11/115009,quantum communication|reconfigurable|qubit|gate|chip|quantum|photon|platform|information|process|quantum|metrology|state|light|circuit|gate|reconfigurable|qubit|gate|chip|multiwaveguide|interferometer|phase|agreement|theory|experiment|similarity|gate
10.1038/ncomms1392,quantum computer|quantum algorithm|quantum algorithm|control|quantum|gate|advantage|complexity|obstacle|architecture|simplifie|control|qubit|quantum|gate|requirement|simulation|metrology|gate|knowledge|gate|gate|laboratory|control|entanglement|version|range|qubit|gate|fidelity
10.1088/1367-2630/13/1/013017,superconducting qubit|quantum memory|proposal|wave|phonon|photon|translator|photon|phonon|manner|conversion|description|phonon|photon|translator|crystal|planar|circuit|photon|circuit|qed|proposal|wavelength|conversion|state|transfer
10.1103/PhysRevA.84.042341,quantum communication|quantum communication|quantum network|transducer|quantum|information|process|interface|qubit|transducer|stannigel|phy|rev|lett|property|qubit|range|state|spin|charge|description|network|qubit|derivation|state|transfer|protocol|distance|chip|interaction|mean|transducer|gate|realization|proposal
10.1103/PhysRevLett.106.100401,quantum computer|quantum system|quantum sensor|measurement|dynamic|compressive|resource|dynamic|size|sense|configuration|quantum|tomography|basis|body|preparation|measurement|fidelity|estimation|matrix|qubit|logic|gate|database|decoherence|strength|noise|roadblock|scale|quantum|technology
10.1088/1367-2630/13/2/025018,quantum computing|triangular|cavity|crystal|diamond|diamond|photon|architecture|room|temperature|cavity|quantum|electrodynamic|computer|state|diamond|technology|fabrication|characterization|nanobeam|cavity|crystal|diamond|cavity|cross|section|confinement|collection|efficiency|slab|nanocavitie|need|membrane|nanobeam|ion|beam|fib|pattern|cavity|photoluminescence|mode|quality|factor|wavelength|nitrogen|vacancy|color|center|phonon|line|zpl|agreement|difference|domain|calculation|cavity|potential|triangular|geometry|prospect|concept|spin|measurement
10.1103/PhysRevA.84.063834,quantum dot|quantum circuit|microwave|photodetection|circuit|qed|order|idea|optic|field|ingredient|efficiency|photon|detector|device|efficiency|photon|detector|level|phase|qubit|waveguide|microwave|transmission|line|photodetection|manner|proposal|tool|quantum|optic|property|wave|packet|device|efficiency|detector|detector|operate|mode|photon|imperfection|broadband|element|idea|mode|photon|waveguide|level|atom
10.1103/PhysRevLett.106.240505,fiber|transport|photon|entanglement|degree|freedom|photon|resource|information|distribution|photon|fiber|transverse|mode|core|crystal|fiber|qubit
10.1103/PhysRevA.83.054303,quantum computing|quantum teleportation|quantum|information|process|nonlinearitie|parity|meter|qubit|nonlinearitie|homodyne|measurement|element|scheme|error|probability|protocol|nemoto|phy|rev|lett|parity|meter|cluster|state|preparation|entanglement|state|analyzer|scheme|regime|noise|element|scheme|scale
10.1007/s11128-011-0298-y,prospect|photon|junction|quantum|information|process|junction|information|process|couple|atom|light|optic|need|cavity|enhancement|qubit|state|ensemble|atom|rydberg|blockade|mechanism|fidelity|gate|gate|readout|coherence|number|qubit|scalability|optic
10.1103/PhysRevA.84.032315,quantum entanglement|quantum entanglement|mode|filter|avenue|distillation|qubit|mode|filter|class|entanglement|impurity|impurity|mode|qubit|telecom|band|entanglement|kerr|nonlinearity|mode|fiber|amount|raman|noise
10.1088/1674-1056/20/4/040308,scheme|swap|gate|qubit|cavity|qed|scheme|swap|gate|state|qubit|qubit|type|ensemble|cavity|protocol|decoherence|emission|fact|state|atom|detune|condition|swap|gate|step|scheme|atom|cavity|interaction|increase|number|atom|view|decoherence|feasibility|scheme
10.1088/1367-2630/13/9/095001,cluster state|integration|source|quantum|architecture|quantum|computation|computer|quantum|component|effort|need|demand|fidelity|photon|source|detector|device|photon|photon|entanglement|element|architecture|specificity|structure|gate|scale|computer|photon|preparation|network|cluster|number|qubit|elimination|frequency|photon|source
10.1038/ncomms1570,quantum gate|quantum gate|quantum state|polarization|qubit|ability|light|device|perspective|test|mechanic|technology|polarization|qubit|circuit|cnot|gate|polarization|qubit|integration|femtosecond|laser|waveguide|write|beam|splitter|glass|chip|truth|table|fidelity|addition|ability|gate|state|one|accessibility|device|characterization|cnot|gate|tomography
10.1038/nature11573,quantum dot|quantum dot|quantum bit|quantum bit|quantum entanglement|quantum network|quantum network|trapped ion|neutral atom|photon pair|observation|entanglement|spin|photon|entanglement|role|test|field|information|process|context|communication|challenge|generation|entanglement|spin|photon|observation|semiconductor|spin|colour|photon|demonstration|entanglement|relie|photon|detection|photon|superposition|frequency|component|demonstration|spin|photon|entanglement|nitrogen|vacancy|domain|atom|semiconductor|nanostructure|chip|integration|transition|selection|rule|scheme|rate|emission|rate|observation|step|semiconductor|spin
10.1038/NPHYS2385,quantum bit|superconducting qubit|quantum algorithm|quantum state|quantum system|quantum processor|quantum processor|quantum processor|trapped ion|factor|josephson|phase|qubit|mechanic|factor|version|shor|algorithm|sum|factorization|algorithm|state|number|qubit|control|hardware|quantum|element|state|experiment|capability|device|spectroscopy|interaction|qubit|entanglement|experiment|qubit|version|shor|algorithm|number|factor|improvement|coherence|circuit|resource|number
10.1103/PhysRevB.85.075413,quantum bit|photon|heat|conduction|circuit|heat|conduction|resistor|microwave|cavity|temperature|part|heat|resistor|photon|excitation|mode|cavity|manifestation|photon|heat|conduction|state|art|scheme|interference|temperature|control|component|environment|engineering|cavity
10.1073/pnas.1207329109,quantum computing|quantum bit|quantum teleportation|quantum teleportation|quantum teleportation|quantum teleportation|quantum network|quantum network|quantum network|quantum state|quantum memory|quantum memory|quantum memory|bell state|quantum|memory|element|scale|help|entanglement|channel|mean|location|transmission|carrier|phy|lett|storage|retrieval|matter|scalability|scale|capability|ensemble|node|rubidium|atom|fiber|spin|wave|state|ensemble|photon|measurement|photon|spin|wave|state|ensemble|photon|detection|event|success|teleportation|fidelity|interest|teleportation|object|information|transfer|node
10.1038/ncomms2277,quantum bit|growth|property|hybrid|silicon|nanowire|silicon|nanowire|light|segment|nanoelectronic|nanophotonic|transport|characteristic|device|electron|photon|regime|material|bandgap|gallium|candidate|segment|silicon|crystal|growth|challenge|lattice|mismatch|expansion|coefficient|formation|antiphase|boundary|silicon|nanowire|gallium|arsenide|segment|catalyst|composition|surface|chemistry|dislocation|interface|integration|gallium|arsenide|quality|silicon|gallium|buffer|silicon|nanowire|route|information|device|instance|segment|silicon|section
10.1103/PhysRevB.86.035313,quantum bit|photon|heat|conduction|circuit|photon|heat|conduction|circuit|account|back|action|superconductor|insulator|metal|thermometer|addition|capacitor|resistor|interference|device|squid|microwave|cavity|profile|circuit|introduction|squids|situ|tune|power|transfer|experiment
10.1088/0953-4075/45/12/124018,quantum bit|quantum processor|quantum memory|process|quantum|memory|telecommunication|link|quantum|frequency|conversion|quantum|information|process|qip|qms|limitation|future|platform|version|component|qip|atom|diamond|telecom|fibre|frequency|converter|qfc|telecom|band|qubit|conversion|qfc|lithium|niobate|waveguide|concreteness|conversion|qubit|telecom|band|conversion|diamond|qubit|telecom|band|inverse|interface|fidelity|storage|state|demonstration|spin|photon|entanglement|entanglement|spin|flux|qubit|microwave|region|ghz|link|interface|internet
10.1103/PhysRevLett.108.190504,quantum bit|quantum state|storage|polarization|qubit|storage|retrieval|polarization|state|storage|device|qubit|state|photon|level|praseodymium|crystal|storage|retrieval|efficiency|frequency|comb|scheme|storage|tomography|fidelity|qubit|photon|number|benchmark|account|statistic|memory|efficiency|crystal|function|storage|device|polarization|qubit|storage|capability|state|quantum|light|matter|interface|polarization|encode|information|science
10.1038/nature11577,quantum dot|quantum dot|quantum dot|quantum bit|quantum teleportation|quantum communication|quantum communication|quantum repeater|quantum|dot|spin|photon|entanglement|downconversion|telecom|distance|technology|entanglement|matter|qubit|telecommunication|electron|spin|semiconductor|matter|qubit|spin|photon|entanglement|quantum|dot|spin|qubit|qubit|emit|photon|wavelength|silica|fibre|loss|distance|protocol|entanglement|quantum|dot|electron|spin|qubit|qubit|downconversion|photon|wavelength|nanometre|picosecond|pulse|wavelength|micrometre|downconversion|erasure|path|information|photon|energy|photon|emission|repetition|semiconductor|quantum|dot|spin|platform|distance
10.1103/PhysRevA.85.042301,quantum computer|superconducting qubit|cluster state|way|chip|resonator|qubit|architecture|way|computation|network|transmission|line|resonator|quantum|information|photon|state|resonator|coherence|resonator|charge|qubit|state|initialization|measurement|qubit|pair|qubit|mediator|charge|qubit|rabi|pulse|mediator|qubit|advantage|architecture|scalability|state|coherence|qubit|architecture|parameter|variation
10.1038/nature11023,quantum computing|quantum bit|quantum communication|quantum network|quantum network|quantum network|quantum network|quantum network|quantum state|atom|cavity|body|topology|information|exchange|backbone|architecture|prototype|atom|cavity|atom|cavity|node|quantum|information|quantum|connectivity|node|way|exchange|photon|transfer|creation|entanglement|node|laboratory|state|qubit|rotation|cavity|perspective|scalability|way|scale
10.1103/PhysRevB.86.045456,quantum computer|quantum dot|quantum dot|quantum communication|quantum communication|quantum network|quantum state|quantum memory|quantum repeater|graphene|qubit|graphene|qubit|valley|pair|qubit|graphene|qubit|phy|rev|qubit|plane|field|configuration|configuration|qubit|manipulation|field|valley|orbit|interaction|mechanism|graphene|response|graphene|configuration|term|valley|excitation|respect|polarization|photon|valley|transfer|prospect|graphene|state|component|quantum|memory|communication
10.1364/OE.20.006915,graph state|graph state|graph state|graph state|realization|photon|qubit|way|computation|scale|path|qubit|fusion|path|qubit|photon|qubit|state|qubit|polarization|path|qubit|qubit|entanglement|witness|operator|qubit|jozsa|algorithm|bit|function|success|probability|society|america
10.1088/1367-2630/14/8/085006,characterization|correlation|state|partite|hyper|dicke|resource|characterization|qubit|state|part|register|state|correspond|fidelity|state|faithfulness|entanglement|share|structure|qubit|resource|quality|qubit|state|verification|koashi|winter|relation|monogamy|correlation|state|symmetry|qubit|state|projection|qubit|dicke|resource|relation|measurement|set|limitation|way
10.1080/01468030.2012.743808,quantum computing|quantum gate|polarization|mode|analyzer|gate|circuit|chip|circuit|progress|technology|science|optic|quantum|gate|gate|qubit|gate|article|photon|titanium|channel|waveguide|polarization|modal|degree|freedom|photon|control|target|qubit
10.1103/PhysRevA.85.014301,dynamic|qubit|entanglement|crystal|evolution|entanglement|qubit|crystal|conjugate|photon|crystal|phenomenon|entanglement|death|entanglement|birth|decoherence|environment|memory|environment|crystal|entanglement|lifetime|anisotropic|photon|crystal|transition|frequency|band|edge|entanglement|anisotropic|crystal|phenomenon|entanglement|birth|crystal|tripartite|entanglement|decay|entanglement|type|crystal|multipartite|entanglement|entanglement|quantum|noise
10.1103/PhysRevA.86.062304,error|measurement|phase|gate|computation|criterion|qubit|phase|gate|gate|computation|measurement|error|gate|qubit|bus|mode|state|bus|kerr|type|interaction|bus|qubit|parameter|variation|error|nature|lack|approximation|geometry|phase|rotation|interaction|state|qubit
10.1103/PhysRevA.85.062317,photon pair|photon pair|photon pair|w state|qubit|state|parity|information|process|preparation|multiqubit|state|realization|state|number|photon|state|number|qubit|photon|degree|freedom|photon|field|qubit|photon|parity|profile|device|parity|qubit|parametric|conversion|qubit|state|profile|pump|preparation|photon|qubit|greenberger|zeilinger
10.1103/PhysRevA.85.022340,quantum communication|quantum system|decouple|fiber|polarization|qubit|challenge|computation|coherence|environment|information|photon|polarization|dephase|input|state|quantum|information|photon|communication|channel|decouple|sequence|qubit|wave|plate|fiber|location|noise|length|fiber|preservation|polarization|qubit|fiber|carr|purcell|meiboom|gill|cpmg|decouple|qubit|coherence|fidelity|step|qubit
10.1103/PhysRevLett.109.160504,fidelity|atom|photon|gate|couple|regime|principle|scatter|photon|emitter|waveguide|cavity|scheme|bin|qubit|filter|mechanism|error|correction|directive|imperfection|source|error|loss|infidelity|instance|information|scheme|fidelity|gate|regime|turn|qubit|state|photon|interface|toolbox|measurement|quantum|computation|memory
10.1088/1367-2630/14/3/033016,qubit|channel|qubit|channel|optic|channel|amplitude|channel|channel|setup|piani|phy|rev|channel|way|probability|success|probability|qubit|encode|photon|resource|channel|ancilla|tomography|fidelity|amplitude
10.1016/j.optcom.2012.02.022,dynamic|discord|crystal|dynamic|correlation|decoherence|phenomenon|qubit|band|gap|pbg|environment|dynamic|entanglement|quantum|discord|quantum|discord|value|limit|entanglement|condition|role|correlation|qubit|pbg|environment|quantum|discord|condition|lot|information|process|material|right
10.1364/OE.20.016145,fiber|source|path|qunit|circuit|possibility|experiment|advantage|integration|scalability|availability|source|photon|fiber|source|path|photon|telecom|band|fiber|technology|source|scalability|state|qunit|path|entanglement|compatibility|chip|path|encode|realization|path|qubit|source|quality|entanglement|measurement|state|reconstruction|background|fidelity|source|dimension|society|america
10.1103/PhysRevA.86.042334,quantum state|quantum system|quantum system|realization|gate|qutrit|approximation|entanglement|gate|laboratory|gate|gate|approximation|spa|spa|transpose|qubit|phy|rev|qubit|phy|rev|lett|spa|transpose|qutrit|qutrit|state|polarization|path|degree|freedom|photon|spa|transpose|gate|measurement|preparation|optic|way|entanglement|detection
10.1103/PhysRevB.86.024503,josephson junction|josephson junction|superconducting qubit|quantum circuit|photon|array|refraction|index|entanglement|disorder|architecture|crystal|microwave|regime|transmission|line|dimension|property|junction|line|junction|mirror|photon|frequency|josephson|plasma|frequency|calculation|arrangement|junction|band|engineering|crystal|detail|structure|phenomenon|refraction|creation|entanglement|medium
10.1103/PhysRevA.85.022318,quantum memory|bose|condensate|polarization|scheme|transparency|light|condensate|polarization|qubit|zeeman|state|storage|fidelity|storage|fluctuation|field|value|lifetime|fidelity|write|read|efficiency|energy
10.1088/1367-2630/14/9/093004,nitrogen vacancy|quantum memory|spin|coherence|purity|diamond|spin|color|center|diamond|candidate|state|qubit|register|sensor|lack|film|technology|diamond|impurity|level|interface|diamond|qubit|slab|diamond|thickness|micron|extent|purity|crystal|chemical|vapor|deposition|diamond|spin|coherence|photoluminescence|collection|center|slab|slab|node|diamond|nanophotonic
10.1126/science.1214707,quantum computer|quantum computer|quantum computing|quantum computing|quantum algorithm|demonstration|speedup|privacy|computation|demonstration|input|computation|output|computer|framework|measurement|computation|client|computation|server|computation|qubit|gate|client|qubit|demonstration|cloud|computer|ingredient|life|challenge
10.1103/PhysRevA.85.015806,quantum dot|qubit|limit|cavity|optic|proposal|state|information|process|quality|resonator|couple|field|qubit|difficulty|vacancy|center|emitter|nanophotonic|circuit|quality|resonator|conjunction|nonlinearitie|qubit|degree|freedom|pattern|medium|limit|theorem|equation|principle|resonator|kerr|photon|material|loss|wavelength
10.1103/PhysRevA.85.012327,quantum system|quantum system|control|procedure|evolution|entanglement|number|mechanism|decoherence|respect|effectiveness|loss|entanglement|band|gap|material|modulation|bath|couple|line|regard|control|scheme|resonance|fluorescence|contrary|strength|control|decay|entanglement|decouple|scheme|bath|interaction|depth|decouple|control|decay|entanglement|qubit|oscillator|bath|nondemolition|interaction|nontrivial|phenomenon|josephson|charge|qubit|telegraph|noise|bath|pulse|resonance|fluorescence|scenario|increase|strength|decoherence|death|entanglement|behavior|decoherence|entanglement|regime
10.1364/OE.20.016902,ghz state|generation|greenberger|zeilinger|state|diamond|nitrogen|vacancy|center|nanocavity|input|output|scheme|generation|qubit|greenberger|zeilinger|ghz|state|nitrogen|vacancy|center|crystal|nanocavitie|input|output|photon|phase|shift|input|output|photon|photon|nanocavity|side|waveguide|phase|shift|spin|state|diamond|center|spin|selection|rule|calculation|scheme|cavity|rate|output|photon|society|america
10.1103/PhysRevA.86.063815,quantum dot|quantum dot|quantum dot|quantum processor|proposal|qubit|quantum|phase|gate|quantum|circuit|protocol|qubit|quantum|phase|gate|reflection|photon|pulse|cavity|state|photon|phase|shift|ingredient|control|energy|field|exciton|biexciton|resonance|cavity|mode|dynamic|gate|fidelity|scheme|position|photon|doi
10.1103/PhysRevLett.108.170403,quantum state|quantum state|tomography|difficulty|tomography|resource|size|state|state|task|tomography|state|reconstruction|entropy|maximize|likelihood|algorithm|sample|optimization|experiment|qubit|state|measurement|tomography|fidelity|likelihood|reconstruction|sample|mean|entropy|maximize|likelihood
10.1119/1.4735707,quantum dot|superconducting qubit|damp|oscillator|level|analogy|friction|oscillator|level|atom|cavity|oscillator|crystal|insight|analogy|damp|oscillator|level|type|behavior|motion|fluid|motion|surface|regime|american|association|physics|teacher
10.1038/NPHOTON.2011.283,entanglement|mixture|circuit|entanglement|phenomenon|heart|quantum|technology|subject|investigation|mixture|noise|interaction|environment|interest|role|waveguide|device|photon|state|amount|entanglement|photon|state|amount|mixture|device|circuit|voltage|phase|shifter|thousand|configuration|device|fidelity|state|entanglement|type|inequality|continuum|state|generation|qubit|state
10.1364/OE.20.027510,quantum dot|quantum dot|quantum dot|quantum dot|quantum dot|quantum communication|quantum network|downconversion|quantum|interface|spin|photon|channel|distance|network|interface|matter|qubit|node|loss|quantum|channel|downconversion|quantum|interface|photon|semiconductor|fiber|lithium|niobate|waveguide|pump|laser|photon|character|emission|downconversion|cross|correlation|resonant|excitation|downconversion|interface|control|electron|spin|observation|rabi|oscillation|photon|count|step|distance|hybrid|subsystem|wavelength|quantum|frequency|conversion|device|quantum|channel|society|america
10.1103/PhysRevA.85.052326,qubit|parity|gate|nonlinearity|nonlinearity|xknl|photon|interaction|principle|multiqubit|gate|resource|scheme|nonlinearitie|year|effort|multiqubit|gate|xknls|nonlinearity|strength|experiment|xknl|scheme|photon|polarization|parity|gate|qubit|gate|strength|nonlinearity|order|magnitude|scheme|scheme|ring|cavity|state|information|bus|path|mode|photon|qubit|xknl|bus|phase|shift|photon|number|path|mode|phase|shift|photon|number|detector|fact|scheme|regime|xknl|measurement|outcome|parity|parity|parity|polarization|qubit
10.1364/OL.37.002031,quantum bit|demonstration|subcarrier|distribution|knowledge|demonstration|feasibility|key|subcarrier|multiplexing|scm|microwave|photon|advantage|efficiency|rate|share|pulse|quantum|channel|complexity|possibility|wavelength|division|multiplexing|tier|scheme|number|key|quantum|scm|channel|rate|channel|link|error|rate|society|america
10.1038/srep00817,quantum state|photon pair|photon pair|polarization|source|silicon|chip|circuit|platform|scale|quantum|information|size|interferometer|mode|overlap|information|protocol|qubit|polarization|photon|build|block|manipulate|polarization|chip|generation|unit|polarization|source|chip|source|silicon|insulator|circuit|state|fidelity|source|interface|silica|silicon|type|waveguide|platform|polarization|manipulation|projection|device|source|scale|quantum|information|chip
10.1109/JPHOT.2012.2201255,quantum bit|microwave|photon|parallel|distribution|incorporation|multiplexing|microwave|photon|distribution|qkd|advantage|delivery|key|station|end|user|context|multipoint|access|network|distribution|rate|point|link|key|coexistence|information|qkd|channel|fiber|infrastructure|knowledge|gate|domain|subcarrier|wavelength|division|reference|qkd|channel|qkd|rate|channel|link|error|rate|qber|way|fiber|network
10.1103/PhysRevA.85.062309,quantum repeater|quantum repeater|cluster state|computation|module|parity|measurement|scheme|parity|measurement|rnpm|pair|matter|qubit|protocol|module|gate|entanglement|generation|entanglement|measurement|parity|check|measurement|entanglement|distillation|rnpm|protocol|measurement|computation
10.1103/PhysRevLett.108.040503,quantum computer|quantum dot|photon|light|interference|qubit|logic|entanglement|gate|interference|entanglement|property|photon|light|diode|pair|photon|photon|entanglement|fidelity|photon|interference|visibility|visibility|detector|jitter|cavity
10.1007/s11128-011-0232-3,quantum circuit|spin|flavor|degree|freedom|quark|nucleon|quantum|circuit|realization|state|nucleon|scope|simmetry|group|algorithm|preparation|state|neutron|proton|composition|constituent|resource|simulation|network|body|interaction|lattice|qubit|measurement|paradigm|information|process|spin|state
10.1103/PhysRevA.86.032334,quantum computer|quantum network|network|momentum|computer|network|information|process|task|user|datum|process|quantum|domain|momentum|oam|photon|degree|freedom|decision|network|level|element|network|primitive|multiplexing|rout|multiplexer|demultiplexer|qubit|receiver|self|network|oam|input|photon|destination
10.1364/OE.20.024714,quantum dot|crystal|cavity|quantum|information|protocol|quantum|information|protocol|qubit|atom|center|photon|couple|cavity|field|crystal|membrane|cavity|reflection|mirror|membrane|requirement|information|protocol|optimization|light|aperture|couple|mode|fiber|mode|match|property|reflection|spectroscopy|cavity|mode|visibility|society|america
10.1103/PhysRevLett.108.190503,quantum communication|quantum state|quantum memory|quantum memory|quantum repeater|storage|polarization|qubit|material|storage|information|photon|constituent|distance|quantum|information|process|storage|polarization|qubit|material|polarization|absorption|scheme|polarization|polarization|qubit|state|yttrium|orthosilicate|crystal|earth|ion|photon|conversion|source|tomography|polarization|state|fidelity
10.1038/ncomms1641,quantum computing|quantum teleportation|photon|number|detection|field|silicon|avalanche|noise|photon|detection|prerequisite|information|process|qubit|detector|number|photon|incident|light|pulse|function|optic|detector|advantage|light|detection|signal|measurement|fluctuation|photon|number|source|speed|device|signal|photon|avalanche|type|silicon|avalanche|photodiode|field|profile|order|detector|multiphoton|signal|voltage|gate|order|detector|current
10.1038/ncomms1746,quantum dot|quantum dot|photon|source|bottom|nanowire|ability|unity|extraction|efficiency|photon|source|efficiency|photon|emitter|waveguide|top|extraction|efficiency|fabrication|imperfection|defect|efficiency|axis|quantum|emitter|axis|nanowire|waveguide|growth|comparison|nanowire|waveguide|fold|enhancement|photon|flux|extraction|efficiency|efficiency|nanowire|information|distance|qubit|qubit|junction
10.1038/ncomms1951,quantum communication|quantum communication|quantum communication|toolbox|alignment|feature|physics|task|world|foundation|theory|promise|information|communication|technology|quantum|transmission|reference|frame|overhead|resource|party|motion|relative|transmission|information|state|photon|toolbox|encode|information|qubit|feasibility|alignment|quantum|key|distribution|proof|principle|demonstration|alignment|entanglement|distribution|entanglement|inequality|violation|scheme|test|mechanic|satellite
10.1103/PhysRevA.86.052315,quantum network|entanglement|state|qubit|transfer|entanglement|field|qubit|qubit|cavity|quantum|electrodynamic|scheme|interaction|resource|intracavity|qubit|practice|atom|couple|cavity|point|entanglement|transfer|cavity|field|qubit|drive|field|state|limit|coherence|cavity|field|dynamic|entanglement|field|qubit|cavity|hand|dissipation|dynamic|quantum|quantum|discord
10.1103/PhysRevA.86.062107,quantum measurement|quantum state|quantum system|scheme|qubit|qutrit|symmetric|operator|measurement|multiport|device|information|process|task|state|class|measurement|purpose|operator|measurement|sic|povms|sic|povms|advantage|estimator|number|outcome|tomography|virtue|naimark|dilation|theorem|povm|couple|measurement|practice|couple|povms|multiport|device|path|qubit|qutrit|utility|group|world|multiport|practice|element|doi
10.1038/ncomms2764,quantum computing|quantum dot|quantum dot|quantum dot|quantum bit|superconducting qubit|trapped ion|microcavity|couple|qubit|energy|coherence|transfer|harvesting|photosynthesis|gate|pair|oscillator|spring|exchange|excitation|level|mechanism|couple|exciton|semiconductor|field|couple|photon|mode|state|microresonator|exciton|photon|couple|regime|spectroscopy|sample|response|probe|couple|description|cavity|couple|exciton|mechanism|instance|crystal|cavity|network|range|couple
10.1109/JPHOT.2013.2252005,josephson junction|quantum bit|quantum communication|breakthrough|photon|breakthrough|microwave|quantum|photon|circuit|breakthrough|microwave|quantum|photon|circuit|technology|qubit|control|measurement|microwave|field|microwave|state|photon|state|state|state|protocol|possibility|information|process|quantum|metrology|circuit
10.1038/NPHOTON.2013.41,quantum dot|quantum dot|quantum bit|quantum gate|quantum network|quantum memory|quantum|control|spin|qubit|crystal|cavity|ingredient|interface|photon|qubit|interaction|communication|crystal|architecture|platform|couple|light|state|qubit|crystal|transition|photon|state|researcher|emitter|crystal|cavity|demonstration|spin|qubit|environment|dot|electron|initialization|rotation|measurement|electron|spin|qubit|laser|pulse|cavity
10.1103/PhysRevLett.110.140403,quantum bit|teleportation|atom|quantum|memory|teleportation|atom|laboratory|entanglement|state|measurement|teleportation|fidelity|fidelity|photon|collection|efficiency|space|atom|cavity|success|probability|order|magnitude|experiment|material|qubit|photon|propagation|detection|loss|cavity|entanglement|state|measurement|doi
10.1038/NPHYS2748,quantum bit|quantum circuit|quantum state|quantum system|quantum device|couple|microwave|photon|variety|quantum|quantum|phenomenon|opportunity|fundamental|physic|opportunity|quantum|sense|quantum|mode|bus|quantum|connection|degree|interface|photon|signal|crystal|signal|transfer|microwave|field|electro|couple|phonon|mode|tomography|state|interaction|microwave|mode|transparency|chip|merge|photon|microwave|nanomechanic|microwave|transfer|network
10.1038/srep01180,quantum dot|quantum dot|superconducting qubit|trapped ion|photoluminescence|microcavity|couple|regime|jayne|cumme|interaction|level|mode|variety|cavity|quantum|electrodynamic|resonator|interest|couple|qsc|regime|state|photon|number|regime|semiconductor|nanostructure|microcavity|regime|photoluminescence|property|excitation|change|qsc|regime|peak|cavity|resonance|doublet|variation|domain|regime|microcavity|decay
10.1073/pnas.1305920110,quantum bit|quantum system|quantum system|control|state|spin|state|solid|qubit|probe|decoherence|protocol|initialization|manipulation|state|gate|qubit|structure|qubit|nitrogen|vacancy|center|spin|diamond|spin|intersystem|cross|electron|spin|resonance|spin|rotation|control|protocol|center|intersystem|cross|center|state|spin|anticrosse|temperature|population|initialization|manipulation|spin|quantum|basis|need|control|step|spin|basis|protocol|measurement|center|spin|coherence|demonstration|control|pulse|control|footprint|network|need|electron|spin|resonance|manipulation|addressability|intersystem|cross|range|state|qubit|mean
10.1038/NPHOTON.2013.287,quantum computer|quantum teleportation|trapped ion|cluster state|cluster state|cluster state|cluster state|cluster state|cluster state|scale|variable|domain|promise|measurement|quantum|resource|computation|multipartite|state|sort|entity|space|apparatus|inefficiency|light|mode|domain|variable|mode|order|magnitude|state|date|mode|wave|packet|light|beam|scheme|measurement|computation
10.1038/nature12366,quantum bit|quantum bit|quantum teleportation|quantum teleportation|quantum teleportation|quantum communication|quantum state|transfer|sender|receiver|party|state|essence|protocol|photon|choice|information|form|qubit|teleportation|qubit|inefficiency|restriction|disadvantage|nature|linear|optic|entanglement|need|qubit|input|qubit|detector|photon|qubit|post|selection|step|variable|qubit|receiver|gain|teleporter|loss|input|rail|qubit|photon|quantum|error|detection|code|photon|teleportation|event|qubit|transfer|variable|state|qubit|transfer|fidelity|limit|teleportation|level|entanglement|qubit|experiment|account|qubit|subspace|fidelity|value
10.1088/1367-2630/15/3/033005,trapped ion|majorana fermion|majorana fermion|majorana fermion|qubit|qubit|ion|chain|qubit|source|decoherence|gate|measurement|interface|memory|multiqubit|state|set|qubit|cavity
10.1038/NPHOTON.2013.48,quantum computer|quantum dot|quantum dot|quantum bit|quantum bit|quantum network|quantum network|quantum network|quantum measurement|quantum state|logic|gate|state|photon|device|matter|interaction|state|ultralow|power|component|quantum|logic|gate|state|qubit|state|qubit|gate|photon|photon|logic|gate|photon|state|qubit|qubit|nanocavity|qubit|polarization|photon|picosecond|timescale|gate|step|state|interaction|timescale
10.1021/nl303075q,quantum dot|quantum dot|quantum dot|quantum dot|quantum bit|array|nanowire|quantum|light|emitter|potential|scale|size|factor|realization|information|nanofabrication|technology|semiconductor|path|qubit|integration|material|platform|functionality|requirement|qubit|site|emission|energy|control|scale|array|nanowire|nanowire|nanowire|exciton|biexciton|emission|state|fill|power|nanowire|evidence|photon|state|separation|photoluminescence|emission|spectra|measurement|nanowire|emission|energy|broaden|mev|combination|site|control|distribution|emission|energy|multiqubit|quantum|information
10.1103/PhysRevLett.110.157001,quantum computing|earth|spin|ensemble|resonator|state|qubit|quantum|architecture|route|scale|candidate|qubit|conversion|spin|resonator|chip|cavity|qed|experiment|anisotropic|crystal|couple|earth|spin|element|resonator|electron|spin|resonance|relaxation|dynamic|erbium|spin|microwave|absorption|aid|cavity|doi
10.1103/PhysRevA.87.062333,resource|quantum|router|scheme|quantum|router|device|signal|qubit|state|control|qubit|introduction|list|requirement|router|proposal|principle|gate|scheme|generalization|scheme|order|success|probability|mean|phase|gate|device|signal|qubit|control|qubit
10.1088/1674-1056/22/9/090307,comparison|entanglement|band|gap|role|qubit|environment|decoherence|entanglement|qubit|band|gap|band|gap|band|value|entanglement|condition|entanglement|qubit|entanglement|dynamic|decoherence|comparison|entanglement|entanglement|state|decoherence
10.1103/PhysRevA.88.035806,precision|parameter|estimation|dynamic|fisher|information|qfi|qubit|subject|temperature|reservoir|condition|cavity|resonant|qubit|transition|frequency|nonperfect|band|gap|phenomenon|qfi|precision|estimation|environment|structure|environment|memory|revival|retardation|loss|cavity|qubit|detune|qfi|trap|band|gap|gap|width|coherence|precision|estimation|feature|qubit|environment|candidate|optic|scheme|information|precision
10.1103/PhysRevA.88.012327,entanglement|linear|qubit|amplifier|scheme|amplification|qubit|interaction|signal|mode|pair|ancillae|contrast|proposal|qubit|amplifier|phy|lett|success|probability|device|gain|device|entanglement|transmission|channel|rate|device|distribution
10.1364/OE.21.017671,quantum computing|quantum computing|quantum circuit|quantum|dot|spin|microcavity|possibility|birefringence|quantum|dot|spin|microcavity|cavity|quantum|electrodynamic|gate|qubit|photon|input|output|readout|electron|medium|spin|resonant|microcavity|idea|gate|qubit|photon|toffoli|gate|fidelity|efficiency|side|leakage|cavity|loss|rate|device|couple|regime|society|america
10.1103/PhysRevA.88.062338,quantum teleportation|quantum teleportation|quantum communication|quantum|benchmark|qubit|teleportation|podolsky|rosen|steer|inequality|demonstration|qubit|datum|detection|location|bohm|podolsky|rosen|epr|paradox|benchmark|qubit|teleportation|postselection|scenario|loss|generation|station|efficiency|teleportation|benchmark|record|qubit|charlie|epr|inequality|measurement|set|efficiency|detector|charlie|proof|monogamy|steer|inequality|teleportation|qubit|state
10.1103/PhysRevB.87.035308,quantum computing|quantum computing|quantum computing|quantum dot|quantum dot|quantum gate|qubit|gate|semiconductor|microcavity|multiqubit|gate|qubit|range|multiqubit|gate|requirement|range|qubit|gate|microcavity|mode|state|quantum|dot|cavity|need|qubit|qubit|gate|opportunity|architecture|gate|fidelity|doi
10.1088/1367-2630/15/8/083050,quantum|noise|eater|qubit|noise|eater|qubit|recovery|superposition|rail|qubit|rail|arm|noise|photon|rail|change|state|error|quantum|information|process|recovery|superposition|quantum|noise|eater
10.1016/j.physleta.2013.09.005,quantum communication|cnot|gate|entanglement|swap|qubit|quantum|dot|spin|microcavity|scheme|qubit|cnot|gate|entanglement|swap|qubit|quantum|dot|spin|microcavity|scheme|spin|photon|reflection|cavity|way|feasibility|scheme|scheme|couple|couple|regime|scheme|perspective|distance|information|process|right
10.1103/PhysRevA.87.014301,quantum|gate|quantum|gate|role|noise|quantum|gate|scheme|input|state|quantum|gate|polarization|qubit|doi
10.1364/OE.21.017824,quantum state|estimation|functional|interferometry|swap|gate|interferometer|swap|gate|dot|center|dot|center|dot|functional|density|matrix|scheme|photon|state|overlap|interference|visibility|control|qubit|path|validity|visibility|hong|mandel|experiment|society|america
10.1103/PhysRevLett.111.150501,quantum computing|quantum computing|quantum computing|quantum gate|linear|mode|scheme|bin|qubit|mode|qubit|gate|phase|cphase|gate|set|gate|milburn|nature|london|scheme|protocol|device|number|qubit|mode|potential|frequency|mode|information|capacity|resource|test|scheme|mode|qubit|gate|fidelity
10.1038/ncomms3744,quantum teleportation|quantum teleportation|quantum teleportation|photon|state|spin|qubit|interface|photon|information|qubit|storage|interest|information|science|interface|qubit|transfer|information|photon|semiconductor|spin|experiment|photon|superposition|state|resonant|excitation|dot|qubit|spin|photon|state|dot|photon|dot|hong|mandel|set|thank|degree|photon|indistinguishability|coincidence|detection|output|interferometer|teleportation|spin|state|coherence|spin|echo
10.1088/0953-4075/46/23/235501,quantum communication|quantum repeater|quantum repeater|centre|mass|motion|decoherence|entanglement|generation|distance|ability|entanglement|quantum|node|proposal|realization|hybrid|setup|material|qubit|matter|interaction|decoherence|centre|mass|motion|qubit|lamb|dicke|regime|photon|exchange|state|radiation|field|material|qubit|field|measurement|qubit|pair|fidelity|success|probability|quality|qubit|entanglement|trap|frequency|scheme|centre|mass|motion|decoherence|gate|material|qubit
10.1103/PhysRevA.88.062321,quantum gate|quantum state|quantum state|quantum state|quantum state|quantum state|quantum state|photon|quantum|state|join|vitelli|nat|photon|transfer|input|photon|qubit|photon|ququart|scheme|inverse|split|layout|join|split|qubit|scheme|number|photon|quantum|information|content|point|view|theory|split|occupation|number|notation|scheme|unitary|cnot|gate|projection|feed|step|split|scheme|postselection|quantum|join|photon|state|optic|ancilla|photon|scheme|cnot|scheme|photon|postselection|relationship|scheme|generation|cluster|multiparticle|state|qubit|particle
10.1103/PhysRevLett.111.240503,quantum network|quantum memory|lifetime|fidelity|polarization|qubit|zeeman|degeneracy|fidelity|memory|polarization|qubit|storage|transparency|field|atom|cloud|zeeman|degeneracy|state|field|spin|wave|influence|field|spin|wave|storage|fidelity|polarization|state
10.1088/0953-4075/46/5/055502,graph state|graph state|graph state|graph state|generation|gate|error|detection|path|gate|measurement|computation|qubit|gate|path|gate|lin|phy|rev|lin|phy|rev|purpose|generation|wheel|procedure|possibility|gate|error|number|qubit|gate|probability|gate|input|qubit
10.1103/PhysRevLett.111.090502,quantum network|waveguide|qed|quantum|computation|scheme|quantum|computation|qubit|photon|waveguide|matter|qubit|photon|photon|interaction|couple|level|photon|photon|phase|gate|computation|gate|fidelity|progress|circuit|crystal|waveguide|build|block|chip
10.1063/1.4801503,josephson junction|josephson junction|josephson junction|superconducting qubit|reduction|modal|length|array|cavity|architecture|couple|cavity|cavity|modal|length|cavity|transmission|line|end|array|role|reflector|phase|wave|bandgap|phase|contribution|array|context|fabry|perot|resonance|modal|length|order|wavelength|aip
10.1038/srep03548,quantum network|quantum cryptography|qudit|multimode|quantum|scissor|teleportation|role|communication|information|node|ingredient|distance|information|photon|superposition|numberd|mode|qudit|help|photon|transcription|qudit|excitation|light|mode|laguerre|gauss|mode|momentum|rail|qubit|rail|qubit|superposition|vacuum|photon|mode|teleportation|rail|qubit|mean|quantum|scissor|qudit|photon|teleportation|scheme
10.1038/ncomms3228,quantum dot|quantum communication|quantum network|quantum repeater|tomography|fidelity|state|spin|photon|qubit|pair|entanglement|quantum|memory|qubit|network|fidelity|spin|photon|entanglement|ion|state|network|fidelity|interaction|fidelity|pair|fidelity|precursor|remedy|overhead|entanglement|fidelity|spin|photon|entanglement|build|block|node|fidelity|pair|realization|network|state|tomography|state|spin|photon|polarization|qubit|pair|electron|indium|arsenide|record|fidelity|state|achievement|fidelity|distribution|state|network
10.1088/1367-2630/15/6/063017,quantum state|quantum state|quantum state|bell state|bell state|bell state|calibration|fidelity|measurement|chip|quantum|circuit|calibration|device|parameter|characterization|progress|calibration|update|markov|chain|monte|carlo|integration|calibration|qubit|chip|reflectivity|coupler|tomography|fidelity|density|matrix|device|parameter|calibration|fidelity|pinpoint|ideality|chip|parameter|factor|decrease|fidelity|tomography|photon|distinguishability|agreement|theory
10.1088/1612-2011/10/9/095202,quantum computing|quantum computing|quantum dot|quantum dot|quantum system|quantum system|photon pair|polarization|hyper|gate|side|microcavity|date|construction|logic|gate|part|degree|freedom|dof|possibility|dof|hyper|hyper|gate|mode|polarization|dof|faraday|rotation|electron|spin|side|microcavity|cavity|quantum|electrodynamic|gate|element|photon|qubit|cluster|state|information|resource|feasibility|gate|technology
10.1038/srep01394,quantum computer|quantum computer|quantum computing|quantum computing|quantum computing|quantum system|theorem|rail|linear|architecture|rail|photon|linearity|qubit|gate|measurement|photon|principle|path|requirement|encode|alternative|rail|photon|state|element|beam|splitter|phase|shifter|theorem|photon|bunch|ancilla|mode|number|photon|guidance
10.1103/PhysRevA.88.022317,quantum state|quantum state|quantum state|atom|photon|carrier|transfer|entanglement|qubit|mode|cavity|level|atom|transfer|excitation|state|couple|configuration|qubit|couple|atom|couple|cavity|configuration|atom|cavity|couple|cavity|field|choice|basis|state|state|expression|condition|transfer|entanglement|condition|constraint|evolution|form|constant|motion|constrain|evolution|state|evolution|state|interaction|atom|superposition|state|atom|cavity|interaction|field|antisymmetric|superposition|state|state|couple|atom|ability|state|transfer|entanglement|atom|cavity
10.1109/TVLSI.2012.2227518,quantum dot|quantum gate|quantum gate|quantum gate|quantum gate|quantum gate|quantum system|quantum system|quantum system|neutral atom|library|machine|description|quantum|logic|circuit|cascade|gate|quantum|gate|machine|description|pmd|hamiltonian|quantum|gate|pmds|quantum|cost|quantum|gate|pmd|logic|circuit|set|quantum|gate|pmd|quantum|logic|pmds|knowledge|logic|respect|set|gate|pmds|superconducte|ion|trap|photon|aim|library|pmds|cell|library|logic|gate|cell|technology|library|term|number|gate|delay|qubit|quantum|identity|rule|redundancy|identity|gate|library|set|gate|pmds|mapping|circuit|structure|quantum|cost|term|number|quantum|gate|number|execution|cycle|library|foundation|logic|synthesis|cell|library|foundation|technology|logic|synthesis|technology|mapping|synthesis
10.1364/OE.21.019252,nitrogen vacancy|nitrogen vacancy|cluster state|quantum|phase|gate|qubit|center|microcavity|resonator|quantum|phase|cphase|gate|gate|qubit|center|microcavity|resonator|quantum|cphase|gate|photon|microcavity|center|scheme|quantum|computation|source|generation|qubit|scheme|photon|center|scheme|technology|society|america
10.1038/NPHOTON.2013.10,quantum computer|quantum dot|quantum teleportation|quantum network|light|teleportation|qubit|logic|gate|formation|photon|teleportation|laser|photon|quantity|complexity|generate|scheme|error|multipair|emission|deployment|information|technology|teleportation|qubit|pair|photon|source|semiconductor|light|diode|teleportation|input|state|fidelity|fidelity|limit|light|framework|experiment|agreement|nature|teleporter|gate|complexity|restriction|information
10.1038/NPHOTON.2012.283,quantum computing|phase|modulation|photon|level|nonlinearity|ability|photon|field|phase|shift|field|information|computation|nonlinearitie|field|mediate|shift|photon|protocol|promise|term|scalability|qubit|shift|radian|photon|platform|shift|core|bandgap|vapour|light|distance|diffraction|shift|mrad|photon|response|rubidium|atom|core|bandgap|fibre|knowledge|phase|shift|pass|room|temperature|medium
10.1103/PhysRevLett.110.220402,test|complementarity|relation|complementarity|accuracy|quantum|observable|conception|uncertainty|relation|principle|verification|complementarity|relation|relation|rosen|correlation|qubit|observable|product|measurement|inaccuracy|relation
10.1103/PhysRevLett.110.080502,mesoscopic|entanglement|emission|state|quantum|optic|state|quantum|optic|device|qubit|position|waveguide|position|qubit|help|drive|decay|state|scheme|realization|dicke|interference|dipole|dipole|interaction|dimension|doi
10.1016/j.physa.2013.07.055,quantum walk|correlation|qubit|evolution|dissipative|decoherence|qubit|bath|information|tool|concurrence|quantum|discord|way|entanglement|dissipation|limit|dissipation|dominate|correlation|influence|dissipation|qubit|quantumness|correlation|experiment|right
10.1103/PhysRevA.87.012117,quantum state|quantum state|transform|tomography|tomography|polarization|multiqubit|state|wave|plate|beam|splitter|photon|detector|photon|mode|wave|plate|rotation|photon|counter|signal|density|matrix|state|relationship|coefficient|signal|stoke|parameter|state|complexity|wave|plate|rotation|frequency|number|qubit|doi
10.1103/PhysRevB.87.235410,quantum state|quantum state|quantum|control|quantum|array|qubit|transmission|line|property|quantum|metamaterial|control|constituent|qubit|interaction|prim|pulse|direction|property|crystal|choice|pulse|proposal|quantum|metamaterial
10.1364/OE.21.005988,quantum state|quantum state|engineering|nitrogen|vacancy|center|microresonator|scheme|entanglement|generation|transfer|qst|nitrogen|vacancy|center|diamond|resonator|photon|input|output|polarization|input|photon|pulse|electron|spin|state|center|fidelity|center|state|state|feasibility|show|scheme|quality|resonator|couple|qubit|scale|quantum|information|process|diamond|state|device|society|america
10.1103/PhysRevLett.111.230504,quantum network|distribution|entanglement|carrier|requirement|distribution|entanglement|node|entanglement|network|transfer|communication|entanglement|contrast|information|gain|information|entanglement|gain|quantum|discord|measure|correlation|entanglement|communicate|party|qubit|exchange|carrier|photon|party|entanglement|carrier|way|entanglement|environment
10.1103/PhysRevLett.110.250501,quantum dot|quantum|logic|gate|semiconductor|photon|source|gate|quantum|logic|gate|state|photon|source|photon|semiconductor|cavity|target|control|qubit|source|brightness|photon|pulse|truth|table|overlap|source|brightness|photon|pulse|gate|source|brightness|entanglement|state|fidelity|threshold|source|brightness
10.1038/NPHYS2763,quantum computer|quantum computer|quantum computer|quantum computing|verification|computation|speed|counterpart|computer|significance|concept|computation|question|issue|computation|entity|verification|computation|theory|experiment|verifi|quantum|resource|verification|protocol|framework|quantum|computation|platform|scheme|verifi|qubit|protocol|qubit|verifi|computer|ability|computation
10.1103/PhysRevLett.110.173601,quantum cryptography|eavesdropping|quantum|security|clone|theorem|eavesdropper|copy|qubit|state|disturbance|level|disturbance|transmission|loss|eavesdropper|channel|one|clone|qubit|noise|level|user|eavesdropping|distribution|protocol|brassard|trine|state|code|rene|level|probe|quantum|cloner|lemr|phy|rev|clone|device|success|rate|eavesdropping|transmission|loss|experiment|quest|quantum|clone|doi
10.1103/PhysRevA.87.042325,phase|gate|qubit|gate|qubit|modulation|xpm|causal|multimode|quantum|field|set|rad|phase|shift|fidelity|noise|shapiro|phy|rev|gea|banacloche|atom|xpm|medium|phase|gate|nonzero|fidelity|gate|measurement|mode|projection|zeno|accumulation|fidelity|departure|mode|hilbert|space|target|photon|gate|nonlinearity|idea|mode|projection|fidelity|noise|variety|gate|doi
10.1038/ncomms6786,quantum bit|quantum network|emission|exciton|crystal|cavity|exciton|semiconductor|microcavitie|state|platform|cavity|quantum|electrodynamic|interface|fly|photon|static|exciton|photon|emission|couple|regime|progress|inability|evolution|cavity|quantum|electrodynamic|charge|photon|entanglement|tune|exciton|energy|crystal|diode|control|couple|exciton|crystal|cavity|mode|timescale|lifetime|exciton|way|control|photon|waveform|interface|control|state|cavity|quantum|electrodynamic
10.1088/1367-2630/16/2/023019,quantum dot|quantum dot|quantum bit|quantum communication|entanglement|molecule|entanglement|amount|matter|computation|distance|complex|molecule|entanglement|carrier|quantization|orbital|molecule|ground|state|hole|energy|electron|hybridization|energy|size|interdot|space|electron|particle|recombination|channel|ground|state|exciton|creation|order|state|nontrivial|hole|tunneling|energy|interaction|realization|energy|coincidence|component|spectrum|emergence|component|complex|oscillator|strength|field|hole|tunneling|level|spin|configuration|distinguishability|photon
10.1103/PhysRevLett.113.160504,quantum bit|quantum state|quantum memory|quantum|datum|compression|qubit|datum|compression|aspect|information|technology|advent|information|question|type|compression|quantum|datum|difficulty|quantum|memory|protocol|ensemble|qubit|principle|qubit|algorithm|qubit|protocol|light|difference|quantum|information|datum|compression|store|information|qubit|reduction|amount|ensemble|today|quantum|memory
10.1021/nl503081n,quantum computing|quantum computing|quantum dot|quantum dot|quantum bit|quantum network|generation|photon|indistinguishability|passage|photon|candidate|qubit|computation|messenger|future|fault|quantum|technology|level|photon|indistinguishability|generation|efficiency|generation|resonance|fluorescence|photon|semiconductor|passage|fluctuation|area|moment|state|emitter|photon|background|photon|emission|probability|photon|hong|mandel|interference|visibility|precision|photon|threshold|fault|surface|code|photon|source|multiphoton|entanglement|metrology|boson|sample
10.1038/nature13177,quantum bit|quantum gate|quantum gate|quantum gate|quantum communication|quantum communication|quantum system|quantum processor|quantum repeater|cluster state|photon|atom|increase|control|promotion|technology|functionality|device|decade|photon|rate|distance|quantum|computation|number|qubit|qubit|scalability|field|communication|computation|interconnect|end|qubit|gate|link|node|spin|state|atom|polarization|state|photon|laser|pulse|mechanism|matter|qubit|reflection|qubit|cavity|matter|couple|versatility|atom|photon|atom|photon|photon|photon|photon|state|input|state|experiment|generation|entanglement|state|quantum|parity
10.1038/nature13821,quantum bit|quantum state|quantum state|quantum|tomography|electron|knowledge|prediction|probability|measurement|outcome|step|mechanic|state|photon|tomography|state|amplitude|photon|field|fermion|electron|matter|field|amplitude|particle|state|determination|electron|wavefunction|proposal|quantum|conductor|wavefunction|current|wave|noise|hanbury|measurement|noise|sensitivity|wavefunction|quasi|probability|distribution|electron|conductor|electron|voltage|pulse|contact|electron|beam|splitter|leviton|amplitude|field|superposition|electron|hole|pair|alternate|current|frequency|multiple|voltage|pulse|electron|hole|leviton|beam|splitter|leviton|partition|statistic|noise|variation|energy|density|matrix|element|leviton|demonstration|quantum|tomography|field|electron|quantum|optic|conductor|test|bed|information|entanglement|electron|electron|electron|interaction|fermionic
10.1038/nphoton.2014.84,quantum dot|quantum dot|quantum network|cavity|emission|spin|state|quantum|emitter|potential|information|inhomogeneity|emitter|challenge|issue|cavity|spin|flip|emission|state|emitter|photon|raman|laser|cavity|emission|range|ghz|order|magnitude|linewidth|regime|emission|spin|photon|electron|spin|qubit|source|photon|entanglement|spin|qubit|crystal
10.1038/ncomms4895,property|earth|spin|qubit|earth|crystal|hardware|storage|photon|functionality|material|waveguide|property|chip|network|detection|property|earth|spin|qubit|fidelity|initialization|effcient|manipulation|readout|electron|spin|ion|yttrium|aluminium|garnet|crystal|decouple|spin|coherence|lifetime|spin|lattice|relaxation|strong|couple|spin|cerium|electron|spin|interface|photon|spin|memory|brightness|emission|possibility|circuit|host|material|cerium|option|quantum|photon
10.1103/PhysRevA.89.033857,superconducting qubit|quantum state|quantum state|reversal|symmetrization|emission|transfer|ability|emission|cavity|domain|profile|photon|exponential|experiment|qubit|cavity|couple|strength|ten|nanosecond|state|emission|frequency|symmetrization|wave|packet|photon|qubit|atom|cavity
10.1007/s11433-014-5591-1,josephson junction|quantum simulation|phase|transition|circuit|quantum|electrodynamic|lattice|phase|qubit|quantum|architecture|localization|delocalization|phase|transition|light|dimension|lattice|coplanar|waveguide|resonator|phase|qubit|competition|site|repulsion|hop|mott|insulator|superfluid|transition|field|quantum|master|equation|phase|boundary|phase|resonator|phase|qubit|tunability|site|repulsion|photon|strength|matter|physics|body|resonator|lattice|feasibility|technology|circuit|qed
10.1038/srep06115,quantum computer|quantum algorithm|quantum processor|quantum processor|qubit|equation|scale|ability|sequence|gate|qubit|architecture|qubit|gate|qubit|gate|obstacle|qubit|cnot|gate|pair|polarisation|qubit|flexibility|instance|solve|equation
10.1088/1612-2011/11/12/125202,quantum dot|quantum dot|scheme|target|qubit|phase|gate|crystal|cavity|laser|pulse|scheme|qubit|phase|gate|control|qubit|target|qubit|qds|crystal|cavity|scheme|qds|crystal|cavity|transition|level|cavity|laser|field|dynamic|resonant|resonant|couple|cavity|mode|equation|qubit|phase|gate|step|photon|cavity|scheme|gate|gate|experiment
10.1364/OL.39.001489,quantum computing|step|multiqubit|phase|gate|control|qubit|target|qubit|cavity|step|scheme|multiqubit|phase|gate|qubit|qubit|level|atom|node|cavity|array|qubit|qubit|couple|state|state|phase|shift|control|qubit|target|qubit|choice|parameter|field|decoherence|atom|field|mode|gate|gate|step|network|society|america
10.1103/PhysRevA.89.062328,bin|qubit|switch|bin|qubit|candidate|qubit|information|process|fiber|circuit|qubit|gate|bin|qubit|polarization|qubit|scheme|qubit|gate|gate|qubit|hong|mandel|quantum|interference|speed|switch|scheme|formation|bin|entanglement
10.1364/JOSAB.31.001255,bell state|bell state|information|split|destination|teleportation|multipartite|quantum|channel|part|detail|experiment|scheme|partite|split|destination|teleportation|qubit|state|experiment|channel|pair|generalize|advantage|experiment|experiment|qubit|state|downconversion|crystal|entanglement|state|measurement|experiment|entanglement|state|analyzer|experiment|transformation|destination|station|control|partite|qubit|state|send|station|receive|station|society|america
10.1038/srep06237,superconducting qubit|quantum state|quantum state|quantum state|quantum state|quantum system|high|fidelity|transfer|couple|subsystem|advantage|circuit|subsystem|attention|fabrication|circuit|scheme|fidelity|transfer|nitrogen|vacancy|center|diamond|transmission|line|resonator|couple|strength|resonator|strength|resonator|couple|strength|dynamic|decoherence|numerical|regime|fidelity|transfer|advance|couple|regime|contrast|wisdom|fidelity|quantum|information|transfer|route|fidelity|transfer|resonator
10.1364/JOSAB.31.000154,quantum state|quantum state|cluster state|share|teleportation|qubit|state|multipartite|scheme|hardware|procedure|verification|share|teleportation|qubit|state|multipartite|quantum|channel|multipartite|channel|pair|greenberger|zeilinger|triplet|particle|particle|state|particle|borra|state|experiment|pulse|repetition|rate|mode|laser|state|qubit|bloch|sphere|conversion|pulse|crystal|scheme|particle|particle|entanglement|state|measurement|transformation|reconstruction|qubit|qubit|gate|qubit|gate|quantum|phase|gate|comparison|multipartite|channel|difficulty|society|america
10.3390/e16063121,quantum bit|quantum state|quantum state|quantum|flow|distribution|presence|photon|number|attack|distribution|qkd|protocol|brassard|source|photon|state|qkd|state|rate|pulse|vulnerability|photon|number|pns|attack|quantum|key|qkd|protocol|pns|attack|decoy|gain|channel|limitation|qkd|protocol|ack|qkd|pns|attack|quantum|eavesdropper|activity|mean|photon|error|gain|qpeg|error|rate|qber|ack|qkd|protocol
10.1007/s11433-014-5549-3,discrimination|greenberger|zeilinger|basis|state|qubit|parity|detection|greenberger|zeilinger|analyzer|qubit|qubit|parity|gate|idea|qubit|parity|gate|feasibility|ghz|basis|state|qubit|idea|ghz|state|analyzer|generator|ghz|state|resource|information|process
10.1103/PhysRevX.4.031039,superconducting qubit|quantum simulator|quantum simulator|anyon|self|stabilization|quantum|hall|state|progress|quantum|optic|creation|state|photon|possibility|state|excitation|form|information|process|qubit|array|proposal|hamiltonian|question|body|ground|state|photon|loss|mechanism|goal|quantum|hall|state|light|construction|photon|drive|field|qubit|lattice|shadow|lattice|qubit|loss|rate|qubit|couple|hole|state|photon|loss|body|gap|photon|ground|state|quantum|hall|state|population|quasihole|excitation|state|configuration|physics|circuit|qed|architecture|device|parameter|scheme|reach|technology|qubit|device|future|proof|principle|scheme
10.1103/PhysRevB.90.195112,quantum simulation|phase|transition|light|circuit|qed|lattice|nitrogen|vacancy|center|diamond|architecture|mott|insulator|phase|transition|lattice|transmission|line|resonator|tlr|nitrogen|vacancy|center|qubit|localization|delocalization|transition|interplay|site|repulsion|tunneling|phase|boundary|photon|hop|amplitude|field|quantum|jump|phase|diagram|feature|architecture|tunability|site|repulsion|photon|hop|rate|property|tlrs|microwave|perspective|matter|body|physics|spin|circuit|qed|challenge|technology
10.1038/srep04543,quantum teleportation|quantum state|quantum system|quantum system|qudit|teleportation|photon|optic|transfer|state|interaction|way|information|correlation|entanglement|photon|superposition|state|qubit|qudit|superposition|number|state|momentum|photon|beam|splitter|photon|entanglement|resource|state|photon|cost|photon|qubit|scheme|qubit|pair|photon|qubit
10.1103/PhysRevA.90.042332,quantum teleportation|quantum teleportation|quantum teleportation|noise|influence|environment|action|environment|fidelity|protocol|account|resource|work|condition|protocol|addition|noise|condition|algorithm|polarization|qubit|resource|path|qubit|encode|state|path|qubit|environment|environment|qubit|average|state|agreement|prediction|condition|noise|enhancement|protocol|fidelity|parameter|region|insensibility|interaction|environment
10.1103/PhysRevA.90.042302,quantum computing|quantum computing|quantum error correction|cluster state|element|measurement|measurement|algorithm|measurement|resource|state|date|noise|environment|measurement|information|process|presence|noise|quantum|error|detection|protocol|qubit|qubit|phase|error|error|syndrome|output|state|demonstration|build|block|measurement|scenario
10.1364/OE.22.023360,quantum memory|polarization|qubit|ensemble|decouple|demonstration|storage|polarization|qubit|decouple|state|superposition|spin|wave|transparency|eit|carr|purcell|meiboom|gill|cpmg|sequence|spin|wave|superposition|decoherence|quantum|fidelity|storage|storage|cpmg|sequence|step|storage|photon|polarization|qubit|cpmg|sequence|society|america
10.1088/1674-1056/23/11/110304,quantum measurement|entanglement|band|gap|entanglement|qubit|band|gap|measurement|reversal|entanglement|qubit|measurement|strength|entanglement|measurement|strength|state|outcome|scheme|measurement
10.1103/PhysRevA.89.022317,quantum gate|quantum circuit|quantum algorithm|quantum system|scale|quantum|computer|architecture|memory|interconnect|construction|quantum|computer|hardware|nontrivial|juxtaposition|type|ion|trap|quantum|computer|architecture|hierarchy|interaction|number|qubit|qubit|memory|register|interaction|qubit|entanglement|register|interface|qubit|register|distance|architecture|fault|viability|fault|execution|size
10.1080/09500340.2013.877610,protocol|qubit|phase|gate|nonlinearity|phase|gate|logic|gate|computation|field|protocol|qubit|phase|gate|help|nonlinearity|element|photon|detector|technology|protocol|phase|gate|degree|freedom|probability|protocol
10.1103/PhysRevLett.113.263604,regime|optic|photon|scatter|photon|level|photon|waveguide|medium|array|cavity|wave|approximation|matrix|product|state|scatter|multiphoton|state|couple|regime|channel|scatter|incident|photon|energy|qubit|photon|state|frequency|photon|frequency|conversion|efficiency|feature|scatter|term|blueshift|reflection|resonance|resonance|state
10.1103/PhysRevA.90.042301,quantum bit|quantum network|quantum state|quantum memory|quantum memory|state|ensemble|quantum|memory|ensemble|date|quantum|memory|storage|retrieval|photon|space|polarization|state|transparency|ensemble|realization|photon|space|momentum|oam|state|storage|density|matrix|fidelity|image|storage|qutrit|state|state|space|efficiency|difference|oam|state|capability|fidelity|step
10.1364/JOSAB.31.001719,intensity|quantum|rabi|spectrum|partner|simulation|intensity|quantum|rabi|term|group|element|buck|sukumar|bargmann|parameter|spectrum|cross|parameter|set|qubit|partner|simulation|lattice|reconstruction|state|parameter|set|society|america
10.1063/1.4870450,quantum coherence|w state|w state|generation|qubit|state|semiconductor|quantum|dot|molecule|cavity|quantum|electrodynamic|array|state|interest|manifestation|nonlocality|quantum|mechanic|information|process|qip|scheme|generation|qubit|sate|semiconductor|quantum|dot|molecule|cavity|fiber|scheme|advantage|voltage|tunnelling|qdms|generation|state|influence|parameter|decoherence|decay|photon|leakage|fidelity|detail|numerical|scheme|decoherence|factor|deviation|parameter|condition|scheme|qubit|scheme|circuit|quantum|electrodynamic|photon|crystal|cavity|experiment|qip|state|platform|aip|publish
10.1103/PhysRevLett.112.190402,realism|correlation|measurement|protocol|test|mechanic|object|level|motion|resonator|ramsey|interference|measurement|scheme|measurement|variable|variable|correlation|leggett|garg|inequality|test|contextuality|variety|state|qubit|resonator|signature|prediction|mechanic|theory|scale
10.1364/JOSAB.31.002334,quantum communication|alignment|quantum|distribution|postselection|alignment|qubit|transmission|scheme|distribution|scheme|party|reference|frame|advance|polarization|state|receiver|state|coordinate|arrival|scheme|decoherence|subspace|photon|state|optic|technology|distribution|scheme|distance|frame|alignment|society|america
10.1364/JOSAB.31.002689,cluster state|measurement|computation|affleck|lieb|tasaki|state|measurement|computation|computation|qubit|measurement|resource|state|resource|attention|resource|state|affleck|lieb|tasaki|aklt|state|ground|state|neighbor|body|interaction|hamiltonian|scheme|aklt|state|honeycomb|lattice|proposal|photon|singlet|state|particle|aklt|state|success|probability|gate|aklt|state|measurement|optic|photodetection|society|america
10.1103/PhysRevA.90.022110,quantum|regression|markovianity|dynamic|connection|notion|quantum|dynamic|validity|quantum|regression|markovianity|quantum|dynamic|behavior|operator|evolution|value|regression|theorem|statement|behavior|correlation|function|order|comparison|estimate|validity|regression|hypothesis|point|correlation|function|aim|qubit|interaction|bath|evaluation|measure|violation|regression|class|density|measurement|markovianity|dynamic|definition|violation|regression|hypothesis|dynamic|failure|regression|relation
10.1142/S021974991560014X,quantum state|quantum state|entanglement|generation|dynamic|hubbard|well|potential|entanglement|importance|resource|information|protocol|realization|production|amount|entanglement|information|density|qubit|state|quantum|resource|way|test|nature|information|metrology|sense|setup|party|one|level|variable|boson|site|hubbard|hamiltonian|generation|situation|majority|realization|ground|state|temperature|dynamic|dissipation|loss|particle|diagonalization|function|parameter|nonseparability|mean|negativity|measure|entanglement|roncaglia|montorsi|genovese|phy|rev|bind|entanglement|formation|eof|indicator|amount|entanglement|resource|state
10.1016/j.optcom.2013.10.024,entanglement|concentration|faraday|rotation|cavity|qed|entanglement|concentration|protocol|ecp|entanglement|faraday|rotation|cavity|qed|assistance|qubit|entanglement|probability|concentration|procedure|ecp|technology|cavity|qed|cavity|regime|excitation|atom|cavity|decay|emission|right
10.1103/PhysRevB.90.155436,quantum dot|quantum dot|distance|couple|crystal|dimer|interaction|mode|site|crystal|molecule|wave|guide|geometry|crystal|dimer|couple|emitter|resonance|bond|mode|cavity|interdot|couple|range|mev|cavity|distance|mode|split|linewidth|cavity|cavity|couple|condition|quality|factor|crystal|cavity|device|distance|emission|wavelength|distance|entanglement|generation|qubit|platform|position|disorder|emitter|cavity
10.1038/srep04118,quantum computing|quantum computing|wave|plate|gate|chip|pauli|rotation|gate|polarisation|qubit|chip|technology|speedup|computer|integration|volume|interest|polarisation|qubit|protocol|encode|wave|plate|gate|chip|algorithm|gap|pauli|rotation|gate|fidelity|polarisation|qubit|chip|reorientation|axis|birefringent|waveguide|axis|waveguide|impact|stress|field|modification|waveguide|length|defect|waveguide|retardation|field|component|wave|plate|quarter|wave|plate|gate|range|control|orientation|strength|birefringence|wave|plate|gate|degree|polarisation|loss|waveguide|gate|quantum|light
10.1088/1367-2630/16/10/105017,quantum system|circuit|decode|class|density|parity|check|code|circuit|component|field|candidate|resource|algorithm|propagation|information|graph|message|algorithm|circuit|signal|process|computation|device|physic|circuit|decode|class|density|parity|check|ldpc|code|expander|code|circuit|dynamic|map|subroutine|ldpc|scheme|feature|power|regime|photon|quantum|fluctuation|imperfection|algorithm|class|code|cavity|quantum|component|information|technology|state|qubit|scale|entanglement
10.1063/1.4890083,nitrogen vacancy|silicon|carbide|crystal|cavity|color|center|discovery|color|center|spin|state|silicon|carbide|sic|center|diamond|potential|integration|qubit|wafer|scale|device|information|fabrication|characterization|crystal|cavity|film|ensemble|color|center|quality|factor|volume|ratio|diamond|simulation|structure|mode|volume|lambda|color|center|source|excitation|structure|resonance|color|center|phonon|line|range|photoluminescence|collection|factor|factor|geometry|difference|domain|simulation|evidence|sidewall|source|discrepancy|factor|defect|qubit|film|promise|platform|qubit|device|article|content|common|attribution|license
10.1016/j.physleta.2014.01.045,quantum superposition|quantum state|simulation|state|phase|space|sample|multipartite|entanglement|violation|qubit|state|ion|trap|experiment|sample|property|error|simulation|super|decoherence|ion|trap|computer|simulation|experiment|correlation|right
10.1364/OL.39.002924,quantum communication|sort|quantum|wave|packet|mode|interferometry|distance|qubit|field|degree|freedom|photon|polarization|mode|profile|profile|date|manipulate|photon|polarization|mode|mode|gate|field|mode|quantum|frequency|conversion|society|america
10.1364/OE.22.019141,quantum repeater|phase|excitation|interferometer|memory|qubit|ingredient|verification|transfer|information|field|superposition|read|detection|coherence|mean|atom|interferometry|laser|field|transition|imprint|phase|coherence|delay|society|america
10.1103/PhysRevA.90.052328,quantum state|quantum state|quantum state|quantum system|observation|decoherence|exchange|symmetry|state|feature|entanglement|exhibit|exchange|symmetry|quantum|gate|subsystem|exchange|symmetry|collapse|measurement|type|quantum|gate|presence|decoherence|polarization|qubit|exchange|symmetry|decoherence|photon|nonzero|entanglement|light|manipulation|quantum|gate|presence|decoherence
10.1103/PhysRevA.90.012335,quantum gate|multiphoton|resonance|quantum|logic|cavity|theory|interaction|atom|multimode|cavity|cavity|multiphoton|resonance|location|resonance|level|hamiltonian|qubit|cavity|arrangement|ancilla|atom|cavity|fidelity|gate|measurement|atom|rail|space|set|gate|fredkin|gate|iswap|gate|scalability
10.1103/PhysRevA.89.022340,quantum gate|gate|state|qubit|circuit|qed|gate|qubit|superposition|state|oscillator|scheme|set|gate|regime|circuit|qed|leghta|phy|rev|architecture|qubit|set|parameter|value|state|art|estimate|gate|fidelity|gate|imperfection|finite|coherence|photon|loss
10.1103/PhysRevA.89.042323,quantum measurement|entanglement|certification|gate|quantum|protocol|entanglement|alternative|correlation|quantum|advantage|quantum|discord|discord|client|ability|entanglement|party|gate|protocol|variable|regime|qubit|success|presence|level|noise|gate|gate|claim|quantum|process|benchmark|gate|architecture|state
10.1364/JOSAB.31.000405,quantum gate|gate|ancilla|photon|modulation|scheme|gate|qubit|nonlinearity|state|light|gate|creation|state|quantum|computation|advantage|scheme|contrast|scheme|ancilla|photon|success|probability|fidelity|gate|unit|principle|photon|loss|qubus|beam|transmission|decoherence|photon|loss|scheme|tool|laboratory|regime|nonlinearitie|feasibility|scheme|society|america
10.1103/PhysRevA.90.012111,quantum measurement|quantum simulation|sample|multipartite|qubit|entanglement|inequality|violation|violation|multipartite|entanglement|inequality|phase|space|entanglement|violation|part|theory|entanglement|violation|phase|space|representation|greenberger|zeilinger|ghz|state|qubit|multipartite|representation|representation|phase|space|distribution|experiment|parallelism|simulation|phase|space|sample|contradiction|realism|state|ghz|spin|state|ion|trap|qubit|superdecoherence|ion|trap|state|noise
10.1038/ncomms4316,quantum dot|quantum network|photon pair|bell state|dynamic|telecom|wavelength|photon|source|information|processor|interaction|architecture|power|fibre|optic|telecommunication|technology|platform|qubit|correlation|entanglement|node|photon|telecommunication|wavelength|downconversion|medium|complexity|photon|generation|generation|semiconductor|telecommunication|wavelength|photon|entanglement|inequality|deviation|visibility|oscillation|biphoton|polarization|evolution|state|clarity|coherence|fidelity|entanglement|photon|exciton|lifetime
10.1103/PhysRevA.90.012304,quantum teleportation|quantum teleportation|quantum teleportation|quantum state|bell state|entanglement|swap|matter|qubit|multiphoton|state|protocol|entanglement|swap|material|qubit|protocol|state|projection|material|qubit|help|multiphoton|state|postselection|homodyne|photodetection|postselection|possibility|unit|fidelity|entanglement|swap|success|probability|photon|entanglement|projection|material|qubit|mode|radiation|field|cavity|ramsey|type|interaction|sequence|field|state|homodyne|detection|scenario|quantum|protocol|tool|engineering|multiphoton|state|homodyne|photodetection|perspective|information|process
10.1038/srep04623,quantum computer|quantum dot|quantum system|quantum|computation|one|construction|logic|gate|element|computation|degree|freedom|dof|possibility|computation|dof|photon|hyper|hyper|gate|mode|polarization|dof|photon|birefringence|quantum|dot|spin|microcavitie|cavity|quantum|electrodynamic|qed|gate|qubit|dof|photon|spatial|mode|polarization|mode|gate|resource|information|process|dissipation|noise|integration|cnot|gate|dof
