DOI,Institutions
10.1103/PhysRevB.96.201304,"Univ Konstanz,Univ Basel"
10.1039/d4qi01782j,"South China Univ Technol,Natl Univ Def Technol,Sun Yat sen Univ,Peking Univ"
10.1088/1367-2630/18/5/053024,"Stanford Univ,Univ Sherbrooke,Natl Res Council Canada,Univ Waterloo,KTH Royal Inst Technol,Natl Inst Informat"
10.1038/NPHOTON.2013.41,"USN,Sotera Def Solut Inc"
10.1134/S1070328424600335,"Russian Acad Sci,Novosibirsk State Univ"
10.1002/qute.201800067,"Univ Maryland,CNR,Univ Firenze,US Army Res Lab"
10.1109/JSSC.2017.2737549,"Delft Univ Technol,QuTech,Kavli Inst Nanosci,Analog Devices Inc,Catena BV,Univ Coll Dublin,Univ Calif Berkeley,Inst Super Elect Paris,Ecole Polytech Fed Lausanne,Intel Corp"
10.1021/jz101650z,"Osaka City Univ,Osaka Univ,Japan Sci & Technol Agcy JST"
10.1063/5.0096467,"Univ New South Wales,Keio Univ"
10.1103/PhysRevB.82.155315,"Sandia Natl Labs,Purdue Univ,Univ Melbourne"
10.1103/PhysRevB.92.235401,"Rhein Westfal TH Aachen,Forschungszentrum Julich"
10.1109/JSSC.2020.3024678,"Delft Univ Technol,Intel Corp,TNO,Zurich Instruments,Apple Inc,Intel Guadalajara,Kavli Inst Nanosci,Ecole Polytech Fed Lausanne"
10.1103/PhysRevLett.113.197601,"Harvard Univ,Harvard Smithsonian Ctr Astrophys,Broad Inst MIT & Harvard"
10.1038/nature12016,"Delft Univ Technol,Element Six Ltd,McGill Univ"
10.1038/s41565-021-00925-0,"RIKEN,Tokyo Tech Acad Super Smart Soc"
10.1038/ncomms4860,"Univ Calif Los Angeles,Lab Phys Sci"
10.3389/fchem.2019.00662,"Univ Valencia,Max Planck Inst Struct & Dynam Matter"
10.1038/nature13407,"Univ Wisconsin,Sandia Natl Labs"
10.1103/PhysRevB.95.144306,"SUNY Stony Brook,Univ Calif Irvine,Shenzhen Univ,Chinese Acad Sci"
10.1103/RevModPhys.89.035002,"Swiss Fed Inst Technol,Tech Univ Munich,MIT"
10.1038/s41467-017-01113-2,"Univ Sherbrooke,Sandia Natl Labs,Canadian Inst Adv Res"
10.1038/s41586-021-04273-w,"Delft Univ Technol,Netherlands Org Appl Sci Res TNO"
10.1038/s41565-021-00846-y,"Univ Grenoble Alpes,Ruhr Univ Bochum"
10.1038/s41467-018-04340-3,"Harvard Univ,Univ Cambridge,Sandia Natl Labs"
10.1038/nature25766,"Delft Univ Technol,Univ Wisconsin"
10.1038/s41534-019-0169-4,"Univ Paris Diderot,Chalmers Univ Technol,PSL Res Univ,INRIA Paris"
10.1038/s41586-021-04182-y,"RIKEN,Delft Univ Technol,Netherlands Org Appl Sci Res TNO"
10.1021/ja102030w,"Osaka Univ,JST,Osaka City Univ,RIKEN"
10.1063/1.5036521,"CSIC,Univ New South Wales,SUNY Buffalo"
10.1038/NNANO.2013.117,"UCL,Univ Oxford,Princeton Univ,Inst Crystal Growth,Phys Tech Bundesanstalt,Vitcon Projectconsult GmbH,Simon Fraser Univ"
10.1109/TCSI.2020.3019413,"Delft Univ Technol,Kavli Inst Nanosci,Intel Corp,Swiss Fed Inst Technol Lausanne EPFL"
10.1103/PhysRevLett.115.093602,"Univ Stuttgart,Univ Ulm,Ruhr Univ Bochum"
10.1103/PhysRevApplied.12.044054,"Delft Univ Technol,Kavli Inst Nanosci,Okinawa Inst Sci & Technol,Intel Corp,Ecole Polytech Fed Lausanne"
10.1038/nature16984,"Florida State Univ,Univ Valencia"
10.1038/s41524-023-01135-z,"Wigner Res Ctr Phys,MTA ELTE Lendulet Momentum NewQubit Res Grp,Univ Alabama,Tech Univ Munich,Eotvos Lorand Univ,Linkoping Univ"
10.1038/ncomms2738,"Rhein Westfal TH Aachen,Forschungszentrum Julich"
10.1038/NNANO.2014.153,"Delft Univ Technol,Univ Wisconsin"
10.1038/s41586-020-2171-6,"Univ New South Wales,Univ Sherbrooke,Aalto Univ,Keio Univ,Canadian Inst Adv Res,Univ Sydney,IQM Finland Oy"
10.1007/s00723-021-01392-5,"Osaka City Univ,Univ Guilan,JST PRESTO,TCG Ctr Res & Educ Sci & Technol TCG CREST"
10.1038/NNANO.2016.188,"Delft Univ Technol,ETH"
10.1088/2058-9565/ac82c3,"Argonne Natl Lab,Univ Chicago"
10.1038/nature11449,"Univ New S Wales,Univ Oxford,Univ Melbourne"
10.1038/s41467-024-51902-9,"Univ New South Wales,Univ Basel,RIKEN,Diraq"
10.1038/s41586-018-0365-y,"Swiss Fed Inst Technol,Univ Sherbrooke,Canadian Inst Adv Res"
10.1039/c9mh01594a,"CSIC,Univ Zaragoza,Ctr Univ Def"
10.1103/PhysRevX.10.011060,"RIKEN,Univ Tokyo,Slovak Acad Sci,Ruhr Univ Bochum,Univ Basel,Univ New South Wales,PRESTO,Tohoku Univ,Univ Paris Diderot"
10.1038/nature11559,"Princeton Univ,Joint Quantum Inst NIST"
10.1021/acs.nanolett.4c03882,"Georgia Inst,Univ Calif San Diego,Natl Inst Adv Ind Sci & Technol"
10.3390/nano11102486,"Univ Sci & Technol China,Chinese Acad Sci,Origin Quantum Comp Co Ltd"
10.1038/s41534-018-0112-0,"Natl Inst Stand & Technol & Univ Maryland,NIST,Southern Univ Sci & Technol"
10.1038/s41534-024-00864-3,"IMEC,Katholieke Univ Leuven"
10.1038/s41467-019-10848-z,"Univ Grenoble Alpes,CEA"
10.1103/PhysRevA.95.012312,"Univ Calif Berkeley,Peking Univ"
10.1038/s41467-022-28328-2,"Univ Wurzburg,Univ Stuttgart,Univ St Andrews,Princeton Univ"
10.1038/s41534-021-00378-2,"Univ Sheffield,Lahore Univ Management Sci"
10.1021/acs.nanolett.3c00213,"Univ Sci & Technol China,Qilu Inst Technol,Chinese Acad Sci,Southern Univ Sci & Technol,Int Quantum Acad,Origin Quantum Comp Co Ltd"
10.1021/nl101662v,"Harvard Univ,Stanford Univ,Humboldt Univ"
10.1088/1674-1056/ad1747,"Univ Sci & Technol China,Suzhou Univ"
10.1038/s41567-023-02071-x,"Delft Univ Technol,Jozef Stefan Inst,Univ Ljubljana,Univ Copenhagen,CSIC,Leiden Univ,Univ Roma La Sapienza,Univ Illinois"
10.1038/NNANO.2013.168,"Harvard Univ,Univ Copenhagen,NIST,Univ Sydney,Rhein Westfal TH Aachen,Forschungszentrum Julich,Univ Calif Santa Barbara"
10.1038/s41467-024-45364-2,"Univ Sheffield,Johannes Kepler Univ Linz,Indian Inst Technol Delhi"
10.1103/PhysRevB.93.235428,"Univ Oxford,Heriot Watt Univ"
10.1063/1.4979521,"Univ Sci & Technol China,Chinese Acad Sci"
10.1103/PRXQuantum.5.010306,"Univ Maryland,Princeton Univ,Univ Calif Los Angeles"
10.1088/1367-2630/ab51f5,"Natl Univ Singapore,Max Planck Inst Sci Light,TU Wien,Tech Univ Crete"
10.1038/s41586-024-07371-7,"MIT,Delft Univ Technol,Army Res Lab,Univ Munster,MITRE Corp,Cornell Univ"
10.1103/PhysRevB.110.035304,"Princeton Univ,Univ Konstanz,Univ Calif Los Angeles"
10.1088/0953-4075/43/13/135502,"Harbin Inst Technol,Yanbian Univ,Chungbuk Natl Univ"
10.1016/j.aej.2023.12.053,"Umm Al Qura Univ,Univ Bisha,Al Azhar Univ,Prince Sattam Bin Abdulaziz Univ,Univ Sharjah,Abu Dhabi Univ,Texas A&M Univ"
10.1103/PhysRevLett.119.010503,"Univ Cambridge,Univ Sheffield,Univ Cote Azur,Quantum Opus LLC,Univ Calif Berkeley"
10.1002/adfm.201801695,"CSIC,Univ Zaragoza,Ctr Univ Def,UPMC Univ Paris 06,Univ Paris 05,Synchrotron SOLEIL"
10.1038/s41467-019-13000-z,"Swiss Fed Inst Technol,IBM Res Zurich,Univ Wisconsin,Univ New South Wales"
10.1063/1.4893242,"UNSW Australia,Bayer Akad Wissensch,NIM"
10.1109/JLT.2022.3210466,"Univ Calgary,Natl Res Council Canada,Univ Alberta"
10.1103/PhysRevB.90.174402,"Kazan Fed Univ,CNRS,Univ Grenoble 1"
10.1038/s41563-021-01022-2,"IST Austria,Politecn Milan,Univ Konstanz,Autonomous Univ Barcelona,Catalan Inst Res & Adv Studies"
10.1039/c5dt04062k,"Univ Manchester,Univ Calif Berkeley"
10.1038/npjqi.2015.3,"Univ Maryland,City Univ Hong Kong"
10.1088/0957-4484/27/24/244001,"Univ New S Wales,Beijing Normal Univ"
10.1515/zpch-2016-0799,"Osaka City Univ,JSPS,Osaka Univ"
10.1038/s41534-016-0003-1,"Harvard Univ,Purdue Univ"
10.1002/adma.201906523,"Chinese Acad Sci,Univ Chinese Acad Sci,IST Austria,Xi An Jiao Tong Univ,Univ Basel,Univ Utah,Songshan Lake Mat Lab"
10.1038/ncomms9955,"Stanford Univ,Natl Inst Informat,Univ Glasgow,Yokohama Natl Univ,Hewlett Packard Labs,Heriot Watt Univ,Univ Wurzburg,Univ St Andrews"
10.1038/s41928-022-00727-9,"Delft Univ Technol,Intel Corp"
10.1103/PhysRevB.105.075313,"Chinese Acad Sci,Univ Chinese Acad Sci,Beijing Acad Quantum Informat Sci"
10.1103/PhysRevA.104.032407,"Delft Univ Technol,Forschungszentrum Julich"
10.22331/q-2017-05-11-11,"Univ Sherbrooke,Rigetti Quantum Comp,INRIA Paris,Canadian Inst Adv Res"
10.1038/s41467-024-45235-w,"Univ Basel,Lund Univ,Ecole Polytech Fed Lausanne,Univ Twente"
10.1103/PRXQuantum.5.020339,"Univ Rhode Isl,Univ Maryland,NIST,Univ Calif Los Angeles"
10.1038/s41467-022-31231-5,"Rhein Westfal TH Aachen,Forschungszentrum Julich,Natl Inst Mat Sci"
10.1038/nature11577,"Stanford Univ,Heriot Watt Univ,Natl Inst Informat,Univ Wurzburg"
10.1063/1.4934693,"Univ New S Wales,Univ Wisconsin"
10.1038/s41467-024-49182-4,"Forschungszentrum Julich GmbH,Rhein Westfal TH Aachen,ARQUE Syst GmbH"
10.1063/5.0137259,"Univ Sci & Technol China,Chinese Acad Sci,Beijing Superstring Acad Memory Technol,Origin Quantum Comp Co Ltd"
10.1103/PhysRevB.98.245424,"Lab Phys Sci,Delft Univ Technol,Univ New South Wales"
10.1103/PhysRevLett.118.147701,"Univ Basel,IBM Res Zurich"
10.1103/PhysRevB.92.115448,"Rhein Westfal TH Aachen,Forschungszentrum Julich"
10.1038/s41567-024-02694-8,"Delft Univ Technol,QuTech & Netherlands Org Appl Sci Res TNO"
10.1038/s41467-021-23437-w,"Univ New South Wales,Univ Sherbrooke,Keio Univ,Canadian Inst Adv Res,Quantum Mot Technol Ltd,Univ Sydney"
10.1103/PhysRevApplied.19.064038,"Purdue Univ,Northeast Normal Univ,Univ New South Wales"
10.1103/PhysRevB.99.174416,"Univ Palermo,Ist Nazl Fis Nucl,St Kliment Ohridski Univ Sofia"
10.1038/s41586-022-04821-y,"Simon Fraser Univ,Photonic Inc,Univ Montreal"
10.1103/PRXQuantum.4.020345,"Quantum Mot,Univ Oxford"
10.1364/OL.460836,"Purdue Univ,Northeast Normal Univ"
10.1126/sciadv.aba3442,"UNSW Sydney,HRL Labs LLC,Keio Univ,Univ Melbourne"
10.1103/PhysRevB.81.045304,"Santa Clara Univ,SUNY Buffalo"
10.1103/PhysRevB.101.195438,"Uppsala Univ,Univ Konstanz"
10.1038/s41565-019-0426-x,"RIKEN,Slovak Acad Sci,Univ Tokyo,PRESTO,Ruhr Univ Bochum,Univ Basel,Univ Paris Diderot,Tohoku Univ"
10.1021/acs.jpclett.0c00193,"Univ Florida,Ctr Mol Magnet Quantum Mat,Univ Connecticut,Florida State Univ"
10.1103/PhysRevB.81.085313,"Univ Maryland,Polish Acad Sci,SUNY Buffalo"
10.1103/PhysRevA.85.052125,"Univ Guadalajara,Los Alamos Natl Lab"
10.1103/PhysRevApplied.19.044078,"Delft Univ Technol,QuTech & Netherlands Org Appl Sci Res TNO"
10.1038/s41467-022-33453-z,"RIKEN Ctr Emergent Matter Sci CEMS,RIKEN Ctr Quantum Comp RQC,Delft Univ Technol,Netherlands Organizat Appl Sci Res TNO"
10.1103/PhysRevB.105.024507,"Harvard Univ,Univ Calif Berkeley,Lawrence Berkeley Natl Lab,Swiss Fed Inst Technol"
10.1103/PhysRevLett.107.030506,"Harvard Univ,Delft Univ Technol,Univ Calif Santa Barbara"
10.1140/epjqt/s40507-023-00199-6,"Univ Basel,Univ Twente"
10.1103/PhysRevB.94.205421,"Lab Phys Sci,Univ Maryland,NIST"
10.1038/s41534-023-00716-6,"Inst Basic Sci IBS,Ewha Womans Univ,Univ Tokyo,Univ Paris Saclay,Univ Oxford"
10.1038/srep23169,"SUNY Buffalo,NIST,Univ Maryland"
10.1103/PRXQuantum.4.030303,"Delft Univ Technol,QuTech,Netherlands Org Appl Sci Res TNO"
10.1038/npjqi.2015.12,"Univ Oxford,Univ Manchester,Ecole Polytech Fed Lausanne,Ctr Adv Electron Spin Resonance"
10.1134/S0021364010120131,"Natl Acad Sci Belarus,Univ Szczecin"
10.1021/acs.nanolett.9b03847,"RIKEN,Tokyo Inst Technol"
10.1126/science.abf0345,"Yale Univ,QuTech,Delft Univ Technol,Univ Politecn Cartagena,Univ Autanoma Madrid,Univ Copenhagen,Univ Autonoma Madrid,Chalmers Univ Technol,MIT"
10.1103/PhysRevA.98.012304,"Univ Crete,FORTH"
10.1007/s11433-016-0015-3,"S China Normal Univ,Tsinghua Univ,Fudan Univ,Univ Hong Kong,Nanjing Univ"
10.1109/LED.2018.2880303,"Univ Toronto,GlobalFoundries Fab1 LLC & Co KG,CEA Leti,Lake Shore Cryotron Inc,IMT Bucharest,George Washington Univ,Univ Waterloo,Keysight Technol,Univ Calif San Diego"
10.1038/ncomms13575,"Univ Grenoble Alpes,CEA"
10.1126/science.1217692,"Harvard Univ,Weizmann Inst Sci"
10.1038/s41467-021-24371-7,"Univ New South Wales,Keio Univ,Univ Sydney,Tokyo Inst Technol,Swiss Fed Inst Technol"
10.1038/s41467-024-49358-y,"Delft Univ Technol,QuTech,Netherlands Org Appl Sci Res TNO"
10.1103/PhysRevApplied.11.061006,"Princeton Univ,HRL Labs LLC"
10.1038/s41534-023-00679-8,"Riverlane,Hitachi Cambridge Lab,Quantum Mot Technol"
10.1103/PhysRevLett.123.063601,"Delft Univ Technol,Netherlands Org Appl Sci Res TNO,Univ Montpellier,CNRS"
10.1038/ncomms2776,"Linkoping Univ,Chinese Acad Sci,Paul Drude Inst Festkorpelekt,Natl Renewable Energy Lab,Univ Calif"
10.1103/PRXQuantum.5.040328,"Univ Oxford,Quantum Mot,UCL"
10.1038/s41467-022-28133-x,"Temple Univ,Acad Sinica,Northeastern Univ"
10.1038/nphoton.2014.84,"Naval Res Lab,Sotera Def Solut,US Naval Acad"
10.1038/s41565-019-0488-9,"Delft Univ Technol,QuTech,Netherlands Org Appl Sci Res TNO"
10.1126/sciadv.1602811,"Univ New South Wales,Purdue Univ,Univ Melbourne,Delft Univ Technol,Monash Univ"
10.1103/PhysRevB.106.155412,"Eotvos Lorand Univ,Budapest Univ Technol & Econ"
10.1063/5.0155448,"Leibniz Inst Kristallzuchtung,IHP Leibniz Inst innovat Mikroelekt,Siltronic AG"
10.1038/s41567-024-02481-5,"Univ Basel,IBM Research Europe Zurich,RIKEN"
10.1038/s41467-021-27880-7,"Univ Sci & Technol China,Univ Sci & Technol,Chinese Acad Sci,Univ New South Wales,SUNY Buffalo,Univ Calif Los Angeles,Origin Quantum Comp Co Ltd"
10.1103/PhysRevB.104.235304,"Univ Belgrade,Pavol Jozef Safarik Univ"
10.1038/s41467-018-06418-4,"IST Austria,Chinese Acad Sci,Johannes Kepler Univ Linz,Univ Chinese Acad Sci"
10.1103/PhysRevB.107.155301,"Southern Univ Sci & Technol,Int Quantum Acad"
10.1103/PhysRevB.99.104425,"Harvard Univ,Univ Calif Berkeley"
10.1063/5.0160847,"QuTech,Delft Univ Technol,Netherlands Org Appl Sci Res TNO"
10.1038/s41598-020-77047-5,"Aix Marseille Univ,Univ Lille,Univ Groningen,Florida State Univ"
10.1016/j.jmmm.2015.06.069,"Tel Aviv Univ,Southern Fed Univ,Voronezh State Univ"
10.1038/s41534-021-00403-4,"Univ Tokyo,RIKEN,Univ Sydney,Ruhr Univ Bochum,Tokyo Inst Technol,Tohoku Univ"
10.1038/s41534-022-00645-w,"UNSW Sydney,Diraq,Keibniz Inst Kristallzuchtung,Vitcon Projectconsult GmbH,Simon Fraser Univ"
10.1103/PhysRevB.99.205415,"Forschungszentrum Julich,Rhein Westfal TH Aachen,UNSW"
10.1002/ejic.202300125,"Tohoku Univ,Nara Womens Univ,Osaka Metropolitan Univ,Nankai Univ"
10.1038/s41534-021-00470-7,"Osaka Univ,Ruhr Univ Bochum"
10.1103/PhysRevLett.124.023602,"MIT,Univ Cambridge,Univ Oxford,SUNY Polytech Inst,Humboldt Univ"
10.1103/PhysRevB.107.125415,"Univ Lille,Univ Grenoble Alpes"
10.1038/s41567-024-02497-x,"Delft Univ Technol,Univ Copenhagen"
10.1103/PhysRevB.91.205434,"Univ Wisconsin,SUNY Buffalo,Lab Phys Sci"
10.1038/s41563-020-0743-3,"Univ New South Wales Sydney,Tohoku Univ,Univ New South Wales Canberra,Univ Melbourne,Leibniz Inst Kristallzuchtung,PTB Braunschweig,VITCON Projectconsult,RIKEN"
10.1038/s41928-022-00722-0,"Univ Basel,IBM Res Zurich"
10.1038/s41467-020-14818-8,"RIKEN,Univ New South Wales,Tokyo Inst Technol"
10.1103/PhysRevB.106.075415,"Univ Konstanz,IQM"
10.1103/PhysRevLett.105.216803,"Harvard Univ,Weizmann Inst Sci"
10.1038/s41467-018-07522-1,"RIKEN,Univ Paris Diderot,Tohoku Univ,JST,Univ Tokyo,Ruhr Univ Bochum,Univ Basel"
10.1103/PhysRevApplied.14.014059,"Univ Oxford,Quantum Mot Technol Ltd"
10.1088/1054-660X/24/4/045204,"Yanbian Univ,Harbin Inst Technol"
10.1103/PhysRevB.100.115435,"Eotvos Lorand Univ,Univ Basel,Hungarian Acad Sci,Budapest Univ Technol & Econ"
10.1103/PRXQuantum.2.010341,"Univ Maryland,Virginia Tech"
10.1038/s41467-024-48557-x,"Univ New South Wales,Diraq,Swiss Fed Inst Technol,Keio Univ,Leibniz Inst Kristallzuchtung,Vitcon Projectconsult GmbH,Simon Fraser Univ"
10.1038/s41598-017-13308-0,"Australian Natl Univ,Univ Melbourne"
10.1038/ncomms12279,"Univ Stuttgart,Tech Univ Munich"
10.1038/s41928-019-0234-1,"Univ New South Wales,Univ Sydney,Keio Univ"
10.1103/PhysRevLett.129.040501,"Seoul Natl Univ,Pusan Natl Univ,Weizmann Inst Sci"
10.1103/PhysRevMaterials.6.086201,"Univ Sci & Technol China,Chongqing Univ Posts & Telecommun,Hefei Natl Lab"
10.1039/d2nh00375a,"Inst Basic Sci IBS,Ewha Womans Univ,Paul Scherrer Inst PSI"
10.1103/PhysRevA.99.042310,"Natl Taiwan Univ,Univ New South Wales"
10.1103/PhysRevB.92.125402,"Rhein Westfal TH Aachen,Harvard Univ,Weizmann Inst Sci"
10.1103/PhysRevA.90.042118,"Beijing Computat Sci Res Ctr,Univ Sci & Technol China,Tsinghua Univ"
10.1063/5.0048399,"Univ Chicago,Argonne Natl Lab"
10.1038/s41467-024-45583-7,"Forschungszentrum Julich GmbH,Rhein Westfal TH Aachen,ARQUE Syst GmbH,Forschungszentrum Julich,Polish Acad Sci"
10.1103/PhysRevA.103.052421,"Tokyo Int Univ,Istanbul Univ,Tokyo Inst Technol,Univ Tokyo"
10.1109/JSSC.2022.3174605,"Ecole Polytech Fed Lausanne EPFL,IBM Res Zurich,Hitachi Cambridge Lab,Univ Cambridge,Quantum Mot Technol"
10.1038/s41467-022-28519-x,"Univ Rochester,HRL Labs LLC"
10.1103/PhysRevA.96.042337,"Sharif Univ Technol,Aarhus Univ"
10.1103/PhysRevApplied.16.064008,"Norwegian Univ Sci & Technol,Univ Autonoma Madrid"
10.1038/s41598-018-26633-9,"Humboldt Univ,ETH"
10.1088/1674-1056/ad3812,"Univ Sci & Technol China,Chinese Acad Sci,Beijing Superstring Acad Memory Technol,Origin Quantum Comp Co Ltd"
10.1103/PhysRevB.93.085420,"Univ Maryland,Virginia Tech"
10.1103/PhysRevA.90.032319,"Chinese Univ Hong Kong,Univ Stuttgart,Beijing Computat Sci Res Ctr"
10.1103/PhysRevB.110.125414,"Univ New South Wales,Keio Univ,Leibniz Inst Kristallzuchtung,Vitcon Projectconsult GmbH,Simon Fraser Univ"
10.1103/PhysRevA.106.022608,"Tsinghua Univ,Hefei Natl Lab,HYQ Co Ltd"
10.1002/adma.202201625,"Univ New South Wales,UNSW,Southern Univ Sci & Technol"
10.1103/PhysRevLett.110.160402,"Univ Cambridge,CNR,LENS,Univ Bonn"
10.1103/PhysRevB.96.045302,"Univ New South Wales,Delft Univ Technol,Univ Twente"
10.1038/s41524-021-00525-5,"Univ Calif Santa Cruz,Lawrence Livermore Natl Lab"
10.1103/PhysRevB.92.224419,"Cornell Univ,Purdue Univ"
10.1109/JETCAS.2022.3201980,"IMEC,Katholieke Univ Leuven"
10.1016/j.xcrp.2023.101693,"Univ Chicago,Westlake Univ,Westlake Inst Adv Study,Argonne Natl Lab,Arizona State Univ"
10.1103/PhysRevB.91.245416,"UCL,Chinese Univ Hong Kong"
10.1103/PhysRevLett.132.263602,"Harvard Univ,MIT,Tech Univ Carolo Wilhelmina Braunschweig,Univ Leipzig,AWS Ctr Quantum Comp,IAV GmbH,Northrop Grumman Mission Syst"
10.1038/ncomms4895,"Univ Stuttgart,Stuttgart Res Ctr Photon Engn SCoPE,Beijing Computat Sci Res Ctr,Inst Appl Phys & Computat Math,Univ Sci & Technol China,Ruhr Univ Bochum"
10.1063/1.5088412,"Forschungszentrum Julich,Rhein Westfal TH Aachen,Ruhr Univ"
10.1021/acs.nanolett.2c04552,"Univ Maryland,Naval Res Lab"
10.1038/s41534-021-00386-2,"Univ New South Wales,Univ British Columbia"
10.1103/PhysRevApplied.13.034068,"Forschungszentrum Julich,Rhein Westfal TH Aachen,Univ Regensburg,Tokyo City Univ,Leibniz Inst Kristallzuchtung IKZ"
10.1103/PhysRevLett.110.067601,"Harvard Univ,Harvard Smithsonian Ctr Astrophys"
10.1103/PhysRevLett.110.057601,"Univ Calif Berkeley,Natl High Magnet Field Lab"
10.1021/acsami.2c17395,"Leibniz Inst Kristallzuchtung,Leibniz Inst Innovat Mikroelekt,European Synchrotron Radiat Facil,Delft Univ Technol,QuTech & Netherlands Org Appl Sci Res TNO,Univ Pisa,Univ Roma Tre"
10.1039/d2dt01564a,"Adam Mickiewicz Univ,Univ Catania,State Univ New York SUNY Maritime Coll,Univ Wroclaw,Univ Buenos Aires,Univ Rzeszow"
10.1103/PRXQuantum.2.020320,"Southern Univ Sci & Technol,Univ Sci & Technol China,Peking Univ,Collaborat Innovat Ctr Quantum Matter"
10.1103/PhysRevLett.133.146902,"Univ Washington,Pacific Northwest Natl Lab,Univ Oslo"
10.1038/NNANO.2013.7,"CSIC,Natl Res Council Canada,Univ Sherbrooke"
10.1103/PRXQuantum.4.020305,"Forschungszentrum Julich,Rhein Westfal TH Aachen,Polish Acad Sci"
10.1038/s41467-022-32236-w,"Harvard Univ,Purdue Univ,Univ Sydney,Stanford Univ"
10.1103/PhysRevB.97.245412,"Delft Univ Technol,Kavli Inst Nanosci,Univ New South Wales,UNSW Node"
10.1038/s41467-023-36951-w,"QuTech,Delft Univ Technol,Netherlands Org Appl Sci Res TNO,CSIC,BIST,ICREA"
10.1103/PhysRevB.93.075301,"RIKEN,Univ Basel"
10.1038/s41467-021-22416-5,"Univ Rochester,Purdue Univ"
10.1103/PhysRevB.83.235316,"Univ Sydney,Harvard Univ"
10.1038/s41467-023-39334-3,"Delft Univ Technol,QuTech,Netherlands Org Appl Sci Res TNO,QuSoft,CWI"
10.1038/NPHYS2688,"Univ Basel,Ruhr Univ Bochum,Univ Paderborn"
10.1103/PhysRevA.110.052408,"Virginia Tech,Virginia Tech Ctr Quantum Informat Sci & Engn,Univ New South Wales,Univ Wisconsin Madison,Okinawa Inst Sci & Technol Grad Univ"
10.1038/NPHYS3470,"Tech Univ Munich,Los Alamos Natl Lab,Stanford Univ"
10.1103/PhysRevB.92.201401,"Univ New S Wales,Lab Phys Sci,Univ Iowa,Keio Univ"
10.1021/acs.inorgchem.1c01474,"Univ Tennessee,Univ Valencia,Natl High Magnet Field Lab"
10.1038/s41534-024-00910-0,"Delft Univ Technol,Univ Geneva,Constructor Univ Bremen GmbH"
10.1126/science.aar4054,"Delft Univ Technol,QuTech,Netherlands Org Appl Sci Res TNO,Univ Sherbrooke,Canadian Inst Adv Res"
10.1126/science.aat3581,"Univ Maryland,NIST"
10.1103/PRXQuantum.5.020353,"Univ Basel,Delft Univ Technol"
10.1038/ncomms11059,"Lab Phys Sci,Univ Maryland"
10.1038/s41467-023-41632-9,"Univ Chicago,Univ Calif Davis,Argonne Natl Lab"
10.1007/s11128-015-0985-1,"Univ Waterloo,Osaka City Univ,Perimeter Inst Theoret Phys,Canadian Inst Adv Res"
10.1021/acs.nanolett.2c04446,"Delft Univ Technol,QuTech,Netherlands Org Appl Sci Res TNO"
10.1038/s41467-023-36031-z,"Argonne Natl Lab,Northwestern Univ,Boston Univ,Arizona State Univ,Univ Chicago"
10.1103/PhysRevB.92.195411,"NIST,Univ Maryland"
10.1021/acsphotonics.1c01775,"RMIT Univ,Heriot Watt Univ,Univ Calif Davis,Tech Univ Denmark,Univ Stuttgart"
10.1103/PhysRevApplied.14.054015,"Univ Calif Los Angeles,HRL Labs LLC"
10.1038/s41467-022-35510-z,"Univ Wisconsin,Univ New South Wales"
10.1038/s41467-020-14560-1,"Univ Cambridge,Natl Phys Lab,Delft Univ Technol,LS Instruments AG,Univ New South Wales,Mokpo Natl Univ,Univ Politecn Madrid,Univ Calif San Francisco,Univ Sheffield"
10.1038/s41467-019-11160-6,"Univ Sheffield,Tech Univ Munich,Univ Cambridge"
10.22331/q-2018-05-28-70,"Univ Basel,Univ Wisconsin Madison,RIKEN"
10.1038/nphys2149,"Natl Res Council Canada,Univ Sherbrooke"
10.1021/acs.jpclett.7b01376,"Univ Valencia,Trinity Coll Dublin"
10.1103/PhysRevApplied.16.034031,"Univ Grenoble Alpes,CEA"
10.1126/sciadv.1500707,"Univ Melbourne,Univ New South Wales"
10.1063/5.0217987,"Univ Nebraska,Univ Latvia"
10.1007/s10701-013-9735-3,"Univ Waterloo,Univ Queensland"
10.1088/0253-6102/53/6/07,"Changshu Inst Technol,Suzhou Univ"
10.1021/acs.nanolett.2c01561,"Argonne Natl Lab,Univ Chicago"
10.1103/PhysRevB.106.115439,"Univ Toulon & Var,Univ Grenoble Alpes,CNRS"
10.1103/PhysRevX.5.011009,"Technion Israel Inst Technol,Nicolaus Copernicus Univ"
10.1103/PhysRevLett.129.066801,"Univ Basel,Ecole Polytech Fed Lausanne"
10.1103/PhysRevB.98.195307,"NIST,Univ Maryland,Southern Univ Sci & Technol"
10.1021/jacs.0c08986,"Northwestern Univ,Univ Chicago,Univ Calif Santa Barbara,Argonne Natl Lab"
10.1002/qute.202000011,"Univ British Columbia,Univ Tokyo"
10.1038/s41467-024-49175-3,"Purdue Univ,Washington Univ,Sandia Natl Labs"
10.1103/PhysRevB.100.075433,"Ist Italiano Tecnol,Univ Genoa,Scuola Normale Super Pisa,Univ Florence,Ist Nazl Fis Nucl,Bedimens Spa"
10.1038/s41534-020-00308-8,"Univ Calif San Diego,Colorado State Univ"
10.1038/s42005-020-00405-2,"Univ Basel,CNR,Scuola Normale Super Pisa"
10.1103/PhysRevB.98.155320,"Forschungszentrum Julich,Rhein Westfal TH Aachen"
10.1007/s11128-023-04193-w,"Jishou Univ,Hunan Normal Univ"
10.1103/PhysRevB.91.214303,"UCL,Univ Oxford"
10.1103/PhysRevLett.117.015502,"RIKEN,Xi An Jiao Tong Univ,TU Wien,Univ Michigan"
10.1103/PhysRevA.109.032601,"Univ Illinois,Univ Calif Los Angeles"
10.1364/JOSAB.435409,"Xi An Jiao Tong Univ,Hubei Univ Automot Technol"
10.1002/chem.202303082,"Tohoku Univ,Nara Womens Univ,Nankai Univ,Tongji Univ"
10.1103/PhysRevX.9.021011,"Delft Univ Technol,Univ Wisconsin,Univ New South Wales"
10.1103/PhysRevX.12.021026,"Delft Univ Technol,QuTech,Netherlands Org Appl Sci Res TNO"
10.1103/PhysRevApplied.10.044017,"Univ New South Wales,Keio Univ"
10.1103/PhysRevB.105.165308,"Chinese Acad Sci,Univ Chinese Acad Sci,Beijing Acad Quantum Informat Sci"
10.1038/s41534-021-00500-4,"Southern Univ Sci & Technol,Hefei Natl Lab,Univ Buffalo SUNY"
10.1103/PhysRevApplied.11.044026,"Xi An Jiao Tong Univ,Purdue Univ"
10.1038/s41467-024-50763-6,"IST Austria,Ist NanoSci CNR,Scuola Normale Super Pisa,Politecn Milan"
10.1103/PhysRevLett.131.197001,"Univ Basel,IBM Res Europe Zurich,Univ Sao Paulo,RIKEN"
10.1002/adma.202405916,"Nanyang Technol Univ,Univ New South Wales"
10.1002/advs.202407442,"Forschungszentrum Julich,Rhein Westfal TH Aachen,Univ Munster,Tascon GmbH,Univ Wisconsin,Leibniz Inst Kristallzuchtung IKZ,Univ New South Wales,Albert Ludwigs Univ Freiburg,ARQUE Syst GmbH,Univ Regensburg"
10.1126/sciadv.abn5130,"Princeton Univ,Univ Maryland,Sandia Natl Labs,Univ Penn"
10.1016/j.cap.2014.06.017,"Univ Paderborn,Stanford Univ,Natl Inst Informat,Korea Adv Inst Sci & Technol"
10.1021/jacs.5b13408,"Univ Florence,Univ Turin"
10.1103/PhysRevApplied.20.044058,"Rhein Westfal TH Aachen,Univ Regensburg,Ruhr Univ Bochum"
10.1103/PhysRevB.103.L161409,"City Univ Hong Kong,Univ Maryland Baltimore Cty"
10.1038/s41467-023-44114-0,"IST Austria,Eindhoven Univ Technol,Politecn Milan,Univ Oxford,Univ Copenhagen,Consejo Super Invest Cient ICMM CSIC,Lund Univ,Norwegian Univ Sci & Technol,Louisiana State Univ"
10.1039/c5sc04295j,"Univ Florence,INSTM RU Florence,Univ Turin,NIS Ctr"
10.1007/s00340-016-6527-4,"Johannes Gutenberg Univ Mainz,UBA,Consejo Nacl Invest Cient & Tecn"
10.1103/PhysRevApplied.18.064028,"Princeton Univ,Univ Maryland,HRL Labs LLC,Univ Calif Los Angeles,Univ Penn"
10.1016/j.physe.2018.01.024,"Univ Bahrain,Aswan Univ"
10.1103/PhysRevB.87.195307,"AGH Univ Sci & Technol,Univ Antwerp"
10.1038/s41598-018-34108-0,"Univ Sci & Technol China,Univ Calif Los Angeles"
10.21468/SciPostPhys.17.1.014,"Norwegian Univ Sci & Technol,Leiden Univ"
10.1021/acsanm.3c05470,"Univ Basel,Qnami AG"
10.1126/science.aau4691,"Harvard Univ,CALTECH,Sandia Natl Labs"
10.1103/PhysRevB.101.165302,"Univ Belgrade,Safarik Univ"
10.1103/PhysRevB.91.085419,"Forschungszentrum Julich,Rhein Westfal TH Aachen"
10.1209/0295-5075/107/67004,"Univ Gdansk,Natl Quantum Informat Ctr Gdansk,Wroclaw Univ Technol,Charles Univ Prague,Gdansk Univ Technol"
10.1103/PhysRevB.82.075403,"Harvard Univ,NIST,IBM TJ Watson Res Ctr,Univ Calif Santa Barbara"
10.1038/s41598-019-52868-1,"Univ New Mexico,Sandia Natl Labs,Univ Sherbrooke,Ctr Integrated Nanotechnol"
10.1038/s41586-024-07252-z,"Harvard Univ,AWS Ctr Quantum Networking,MIT"
10.1103/PRXQuantum.2.040306,"Univ Copenhagen,Purdue Univ"
10.1021/acsami.1c16988,"Ajou Univ,Univ Chicago,Argonne Natl Lab"
10.1103/PhysRevB.101.155307,"Univ Belgrade,Safarik Univ"
10.1038/nature10401,"Delft Univ Technol,Bates Coll"
10.1088/1367-2630/acf2bd,"Univ Santiago Chile,Univ Notre Dame,Millennium Inst Res Opt"
10.1103/PhysRevApplied.22.064077,"Virginia Commonwealth Univ,Univ Calif Los Angeles,Lawrence Berkeley Natl Lab,Univ Calif Berkeley"
10.1063/5.0072414,"Natl Taiwan Univ,Taiwan Semicond Res Inst"
10.1557/s43577-021-00147-8,"Delft Univ Technol,US Army,Univ Maryland,NIST,Univ Delaware"
10.1103/PhysRevB.85.014408,"Univ Groningen,Univ Grenoble 1,CEA Grenoble,Univ Tokyo,JST,Res Ctr Julich,IM2NP CNRS,Univ Aix Marseille"
10.1016/j.aop.2015.07.029,"Jaypee Inst Informat Technol,Indian Inst Technol,Poornaprajna Inst Sci Res"
10.1103/PhysRevLett.127.057701,"Univ Basel,RIKEN,Slovak Acad Sci,Univ Calif Santa Barbara,Lab Phys Sci,Colorado Sch Mines"
10.1103/PhysRevB.109.045438,"Budapest Univ Technol & Econ,MTA BME Quantum Dynam & Correlat Res Grp"
10.1038/s41467-020-17865-3,"Forschungszentrum Julich GmbH,Rhein Westfal TH Aachen,Ruhr Univ Bochum,Univ Regensburg"
10.1103/PhysRevB.95.195316,"Univ New South Wales,Univ Sci & Technol China"
10.1038/s41534-023-00699-4,"Seoul Natl Univ,Pusan Natl Univ,Weizmann Inst Sci"
10.1038/s41563-021-01148-3,"Univ Stuttgart,Kyoto Univ,Fraunhofer Inst Integrated Syst & Device Technol,Helmholtz Zentrum Dresden Rossendorf,Leibniz Inst Surface Engn IOM,Univ Calif Davis,Linkoping Univ"
10.1103/PhysRevB.103.235314,"Univ Maryland Baltimore Cty,Lab Phys Sci"
10.1103/PhysRevApplied.17.054006,"Univ New South Wales,UNSW Sydney"
10.1103/PhysRevA.82.013601,"Shanxi Univ,Shaoxing Univ,Zhejiang Ocean Univ"
10.1103/PhysRevB.106.L201305,"Lund Univ,Univ Copenhagen"
10.1103/PhysRevLett.118.167204,"Univ Melbourne,Melbourne Ctr Nanofabricat,Univ Basel"
10.1126/science.1253512,"Delft Univ Technol,Element Six Ltd"
10.1103/PhysRevB.109.085303,"Univ Basel,RIKEN"
10.1140/epjp/s13360-023-04267-9,"SUNY Polytech Inst,Informat Directorate"
10.1038/s41534-024-00813-0,"RIKEN Ctr Emergent Matter Sci CEMS,RIKEN Ctr Quantum Comp RQC,Delft Univ Technol,Netherlands Org Appl Sci Res TNO"
10.1103/PhysRevApplied.18.L061003,"Virginia Tech,Univ Colorado Boulder,Univ Delaware"
10.1103/PhysRevLett.106.040505,"Harvard Univ,CALTECH,Univ Michigan"
10.1038/s41586-019-1919-3,"Delft Univ Technol,Netherlands Org Appl Sci Res TNO"
10.1002/cjoc.202400048,"Westlake Univ,Westlake Inst Adv Study"
10.1038/s41534-021-00449-4,"Nanyang Technol Univ,Univ New South Wales,Natl Univ Singapore"
10.1103/PhysRevB.109.134106,"Univ Melbourne,CUNY City Coll New York"
10.1038/s41534-022-00639-8,"Delft Univ Technol,QuTech,Netherlands Org Appl Sci Res TNO,Forschungszentrum Julich"
10.1016/j.physleta.2011.11.022,"Natl Univ Def Technol,Tsinghua Univ"
10.1038/nature12011,"Univ New S Wales,UCL,Univ Melbourne"
10.1063/1.4868107,"Univ Sydney,Univ Calif Santa Barbara"
10.1038/s41565-017-0014-x,"RIKEN,Univ Tokyo,PRESTO,Tokyo Inst Technol,Nagoya Univ,Keio Univ"
10.1088/0253-6102/61/2/06,"Xuchang Univ,Zhejiang Ocean Univ"
10.1103/PhysRevApplied.10.054026,"Forschungszentrum Julich,Rhein Westfal TH Aachen,Harvard Univ,Weizmann Inst Sci,Ruhr Univ Bochum,Univ Regensburg"
10.1038/s41467-020-16745-0,"Univ Rochester,Chapman Univ,Purdue Univ"
10.1103/PhysRevB.100.041304,"Delft Univ Technol,IHP Leibniz Inst innovat Mikroelekt,Univ Roma Tre,QuTech,Netherlands Org Appl Sci Res TNO"
10.1103/PhysRevA.107.033708,"Univ Sci & Technol China,Univ Calif Los Angeles,Suzhou Univ"
10.1038/s41534-024-00897-8,"Delft Univ Technol,Univ Calif Los Angeles"
10.1038/s41586-022-04819-6,"Delft Univ Technol,Univ Technol,Element Six,Forschungszentrum Juelich"
10.1002/adma.202208998,"Univ Stuttgart,Heidelberg Univ"
10.1063/5.0177857,"IBM Res Zurich,Univ Basel"
10.1103/PhysRevLett.120.137702,"Univ Grenoble Alpes,CEA"
10.1109/TASC.2022.3148965,"VTT Tech Res Ctr Finland Ltd,Bluefors Oy"
10.1145/3474222,"Intel Corp,HITEC Univ,UCL,Delft Univ Technol"
10.1021/acs.nanolett.3c03681,"Nanyang Technol Univ,Univ New South Wales,Agcy Sci Tech & Res A STAR"
10.1088/0953-4075/45/23/235501,"Sci Pract Mat Res Ctr NAS Belarus,Univ Szczecin"
10.1103/PhysRevA.90.042327,"Harbin Inst Technol,Yanbian Univ"
10.1038/s42005-022-01041-8,"Univ Calif Los Angeles,UCLA,Virginia Commonwealth Univ"
10.1103/PhysRevApplied.18.054090,"CSIC,Univ Basque Country UPV EHU,Basque Res & Technol Alliance BRTA"
10.1088/2058-9565/aaf3c4,"Univ Waterloo,Univ Oxford"
10.1103/PhysRevB.95.075403,"Univ New South Wales,Delft Univ Technol,NIST"
10.1039/d3nr03844k,"Natl Univ Singapore,ASTAR,Natl Inst Mat Sci,Univ Arkansas"
10.1038/s41598-020-61976-2,"Univ Sci & Technol China,Univ Calif Los Angeles"
10.1038/s41565-020-0769-3,"Univ Sheffield,Johannes Kepler Univ Linz"
10.1016/j.aop.2016.03.001,"Inner Mongolia Univ Sci & Technol,Harbin Inst Technol"
10.1103/PhysRevApplied.18.064082,"Sandia Natl Labs,Princeton Univ,Univ Calif Los Angeles"
10.1103/PhysRevB.108.205404,"Natl Res Lobachevsky State Univ Nizhny Novgorod,Russian Quantum Ctr,Natl Res Council Canada"
10.1103/PhysRevApplied.16.064058,"Japan Adv Inst Sci & Technol,Kyoto Univ,Natl Inst Mat Sci,Tohoku Univ,Niigata Univ"
10.1039/d4qi02324b,"Zhejiang Univ,Westlake Univ,Westlake Inst Adv Study"
10.1021/jacs.2c11784,"Northwestern Univ,Univ Calif Irvine,Univ Florida,Univ Arizona,Univ Sydney,MIT,Georgia Inst Technol,Univ Colorado Boulder,Argonne Natl Lab,Arizona State Univ,Westlake Univ"
10.1038/s41534-018-0059-1,"CEA,Univ Grenoble Alpes"
10.1038/s41586-024-07160-2,"Univ New South Wales,Diraq,Univ Oxford,Leibniz Inst Kristallzuchtung,VITCON Projectconsult,Simon Fraser Univ,Univ Sydney,Quantum Mot Technol"
10.1103/PhysRevApplied.17.054007,"Univ New South Wales,UNSW Sydney,Univ Saarland"
10.1109/LED.2020.3001291,"Katholieke Univ Leuven,IMEC"
10.1103/PhysRevLett.122.207703,"RIKEN,RIKEN Cluster Pioneering Res,B Verkin Inst Low Temp Phys & Engn,Kharkov Natl Univ,Natl Inst Adv Ind Sci & Technol,NIMS,Univ Michigan"
10.1088/0957-4484/27/46/464003,"McGill Univ,Univ Sherbrooke,Canadian Inst Adv Res"
10.1103/PhysRevX.11.041041,"Univ Cambridge,MIT,CCDC Army Res Lab,Delft Univ Technol"
10.1103/PRXQuantum.4.010319,"Univ New South Wales,Silicon Quantum Comp,Univ Basel,Univ Queensland,PsiQuantum Ltd"
10.1126/science.aaw2906,"Univ Cambridge,Tech Univ Denmark,Univ Sheffield,Univ Cote dAzur"
10.1021/acsnano.3c10633,"Univ Calif San Diego,Georgia Inst Technol,Max Planck Inst Phys Komplexer Syst,Univ Calif Los Angeles"
10.1002/qute.202000005,"Australian Res Council,UNSW Sydney,Univ Paris Saclay,Univ Melbourne"
10.1038/ncomms3069,"Univ New S Wales,Lab Phys Sci,Purdue Univ"
10.1039/d3mh01201h,"CSIC,Univ Zaragoza"
10.1038/s41567-020-0952-3,"Yale Univ,Delft Univ Technol,Microsoft Quantum Lab Delft,Univ Copenhagen"
10.1016/j.cclet.2024.110100,"Peking Univ,South China Univ Technol,Guangdong Univ Technol,Kunming Univ Sci & Technol,Chinese Acad Sci,Nanjing Univ Posts & Telecommun,Soochow Univ,Univ Sci & Technol China,Inst Phys,Univ Chinese Acad Sci,Beijing Normal Univ,South China Normal Univ,Nanjing Univ Sci & Technol,Zhengzhou Univ,East China Univ Sci Technol,Shaanxi Normal Univ,Northeast Normal Univ,Natl Ctr Nanosci & Technol,Henan Agr Univ,Huazhong Univ Sci & Technol,Shanghai Univ,Nanchang Univ,Tsinghua Univ,CSIC UPV,Inst Mol Sci,Tongji Univ,Tianjin Fifth Cent Hosp,ShanghaiTech Univ,Univ Chinese Acad Sci UCAS,Natl Nat Sci Fdn China"
10.1126/sciadv.aaq1459,"Univ New South Wales,Purdue Univ,Univ Sussex"
10.1038/ncomms5822,"Chinese Acad Sci,Chinese Univ Hong Kong,Univ Sci & Technol China,UCL,Univ Oxford,Beijing Computat Sci Res Ctr"
10.1038/s42005-019-0113-0,"Natl Res Council Canada,Univ Waterloo,Sandia Natl Labs"
10.1021/acs.nanolett.2c03034,"Barcelona Inst Sci & Technol,Argonne Natl Lab"
10.1103/PhysRevLett.128.067702,"Swiss Fed Inst Technol,Natl Inst Mat Sci"
10.1587/transele.2022FUS0001,"Tokyo Inst Technol,Nikon Inc"
10.1103/PhysRevB.101.155311,"Forschungszentrum Julich,Rhein Westfal TH Aachen"
10.1103/PhysRevApplied.20.054024,"RIKEN,Slovak Acad Sci,Tokyo Inst Technol,QuTech,Netherlands Org Appl Sci Res TNO,Delft Univ Technol,Univ Basel"
10.1088/1751-8113/48/6/065304,"CNR,Univ Milano Bicocca"
10.1016/j.optcom.2017.01.056,"Chungbuk Natl Univ,Korea Inst Sci & Technol,Natl Secur Res Inst"
10.1103/PhysRevA.89.022310,"Univ Maryland,Univ Maryland Baltimore Cty"
10.1103/PhysRevA.106.L030402,"Univ Maryland,Forschungszentrum Julich,Julich Aachen Res Alliance"
10.1103/PhysRevB.89.085314,"Univ Maryland,Univ Maryland Baltimore Cty"
10.1103/PhysRevApplied.22.044057,"HRL Labs LLC,Univ Calif Los Angeles,Stanford Univ,Microsoft,SCAD Savannah"
10.1103/PhysRevA.102.042602,"Wroclaw Univ Technol,Polish Acad Sci"
10.1039/c6dt02664h,"CSIC,Univ Zaragoza,Fdn ARAID,Univ Barcelona,TU Wien,Delft Univ Technol"
10.1038/s41565-020-00828-6,"Univ Basel,Eindhoven Univ Technol"
10.1103/PhysRevA.81.044305,"Univ Basque Country,Basque Fdn Sci"
10.1103/PhysRevA.99.042316,"City Univ Hong Kong,South China Normal Univ"
10.1063/5.0031231,"Seoul Natl Univ,Pusan Natl Univ,Weizmann Inst Sci"
10.1038/s41563-024-01857-5,"IBM Res Europe Zurich,TJ Watson Res Ctr"
10.1103/PhysRevB.107.085428,"Barcelona Inst Sci & Technol,ICREA,Czech Acad Sci"
10.1021/acs.nanolett.7b01796,"Univ Stuttgart,Tech Univ Munich,Hungarian Acad Sci,Budapest Univ Technol & Econ,Swabian Instruments GmbH,Univ Leipzig,Natl Inst Mat Sci,Univ Tsukuba,Australian Natl Univ,Ctr Phys Sci & Technol,Max Planck Inst Solid State Res,CSIC,Barcelona Inst Sci & Technol,ICREA"
10.1103/PhysRevA.107.033516,"Wenzhou Univ,Hangzhou Normal Univ,Anhui Univ"
10.1103/PhysRevA.96.042108,"Univ Warsaw,Polish Acad Sci"
10.1039/d3cc04770a,"Nara Womens Univ,Nihon Univ"
10.1002/chem.202304202,"Chitose Inst Sci & Technol,Tohoku Univ,Univ Hong Kong,Osaka Metropolitan Univ,Tongji Univ"
10.1016/j.physleta.2014.08.015,"Univ Elect Sci & Technol China,Univ Hong Kong,Tsinghua Univ,Collaborat Innovat Ctr Quantum Matter"
10.1039/c3nr04114j,"Fudan Univ,Huazhong Univ Sci & Technol"
10.1103/PhysRevLett.110.010403,"Rhein Westfal TH Aachen,JARA Fundamentals Future Informat Technol"
10.1038/s41467-021-24494-x,"Hasselt Univ,Czech Tech Univ,Czech Acad Sci,Univ Vienna,Wigner Res Ctr Phys,Linkoping Univ,IMEC,Budapest Univ Technol & Econ"
10.1098/rsta.2021.0275,"Univ Maryland Baltimore Cty,Lab Phys Sci,Univ Maryland"
10.1134/S1070328417040066,"Southern Fed Univ,Russian Acad Sci"
10.1088/1367-2630/aa7faf,"J Stefan Inst,Univ Ljubljana"
10.1103/PhysRevB.83.121403,"Delft Univ Technol,CNRS,Univ Grenoble 1"
10.1039/d0sc03107k,"Univ Parma,INSTM,Univ Zaragoza,Univ Barcelona,Univ Barcelona IN2UB"
10.1103/PhysRevLett.121.177701,"Univ Konstanz,Princeton Univ"
10.1103/PhysRevLett.122.217702,"Univ Sherbrooke,Sandia Natl Labs,Canadian Inst Adv Res"
10.1103/PhysRevB.88.195131,"Sandia Natl Labs,Univ Maryland,Univ Maryland Baltimore Cty"
10.1038/s41534-023-00719-3,"RIKEN Ctr Quantum Comp,RIKEN,Tokyo Inst Technol"
10.1103/PhysRevA.100.022318,"Wroclaw Univ Sci & Technol,Acad Sci Czech Republ,Polish Acad Sci"
10.1103/PhysRevApplied.18.024053,"Delft Univ Technol,Univ Technol Sydney,Netherlands Org Appl Sci Res TNO,Intel Corp"
10.1038/srep03121,"ETH,UCL"
10.22331/q-2019-12-09-212,"Quantum Mot Technol Ltd,Univ Oxford,UCL"
10.1038/ncomms1378,"Natl Inst Mat Sci,Japan Sci & Technol Agcy"
10.1103/PhysRevA.85.062312,"Univ Waterloo,Natl Univ Singapore,Univ Guelph,Perimeter Inst Theoret Phys"
10.1103/PhysRevA.90.022118,"SUNY Buffalo,Jilin Univ"
10.1088/0953-8984/23/11/115302,"Silesian Univ,Lund Univ,Polish Acad Sci"
10.1103/PhysRevLett.111.086805,"Beijing Computat Sci Res Ctr,Fudan Univ,RIKEN,Univ Michigan"
10.1063/1.4966946,"Univ Grenoble Alpes,CEA"
10.1038/NNANO.2017.154,"Princeton Univ,Lawrence Berkeley Natl Lab"
10.1088/2058-9565/ab86c9,"HRL Labs LLC,IBM Thomas J Watson Res Ctr"
10.1103/PhysRevX.8.041050,"Technion Israel Inst Technol,Natl Res Council Canada,Univ Ottawa"
10.1063/1.5082878,"Hefei Univ Technol,Shanxi Univ,Univ Oxford"
10.1063/1.5004147,"Tech Univ Berlin,Technion Israel Inst Technol,Univ Washington,Otto von Guericke Univ"
10.1063/1.4752863,"Univ Sydney,Univ Calif Santa Barbara"
10.1103/PhysRevB.108.245301,"Univ New South Wales,Delft Univ Technol,Univ British Columbia"
10.1103/PhysRevB.105.075308,"Univ Basel,Univ Augsburg"
10.1103/PhysRevB.93.205434,"Univ Konstanz,Norwegian Univ Sci & Technol"
10.1021/acs.nanolett.9b02149,"Univ Copenhagen,Microsoft Quantum Lab Copenhagen"
10.1021/acs.nanolett.0c02589,"Delft Univ Technol,TNO"
10.1038/srep12685,"Univ Maryland,City Univ Hong Kong"
10.1021/jacs.3c01243,"Northwestern Univ,Univ Oxford"
10.1038/ncomms1856,"Harvard Smithsonian Ctr Astrophys,Harvard Univ,MIT,Pontificia Univ Catolica Chile"
10.1126/science.ade5050,"Inst Basic Sci IBS,Ewha Womans Univ,Peking Univ,Collaborat Innovat Ctr Quantum Matter,Univ Tokyo,Univ Basque Country,Donostia Int Phys Ctr DIPC,Basque Fdn Sci,Almaden Res Ctr"
10.1038/s41467-022-28302-y,"Sandia Natl Labs,IBM Quantum,HRL Laboratories LLC"
10.1038/s41467-023-44494-3,"Washington Univ,Kansas State Univ,Harvard Univ,Purdue Univ"
10.1063/5.0088576,"Delft Univ Technol,QuTech & Netherlands Org Appl Sci Res TNO"
10.1038/s41928-021-00687-6,"Ecole Polytech Fed Lausanne,Hitachi Europe Ltd,Univ Cambridge,Nexus"
10.1103/PhysRevApplied.22.054048,"Univ Sci & Technol China,Natl Key Lab Solid State Microwave Devices & Circu"
10.1038/ncomms6156,"Harvard Univ,Univ Sydney,Weizmann Inst Sci"
10.1038/s41467-024-52010-4,"Univ New South Wales,Diraq,Keio Univ"
10.1103/PhysRevB.92.121301,"Univ Sheffield,Univ London,Hitachi Europe Ltd"
10.1016/j.physleta.2010.12.048,"Hebei Normal Univ,NYU"
10.1038/ncomms5225,"Lab Phys Sci,Univ Maryland"
10.1103/PhysRevApplied.22.014033,"Univ Copenhagen,Leiden Univ,Norwegian Univ Sci & Technol,QDevil,Univ Oxford,Purdue Univ"
10.1038/srep19482,"Shanxi Normal Univ,Harbin Inst Technol,Yanbian Univ"
10.1103/PRXQuantum.3.040328,"Harvard Univ,Princeton Univ,Suranaree Univ Technol,Natl Changhua Univ Educ,Inst Solid State Phys & Opt,Budapest Univ Technol & Econ,Delft Univ Technol,Univ Waterloo,IMEC"
10.1103/PhysRevX.10.021006,"Delft Univ Technol,Univ Konstanz,Univ Wisconsin,McGill Univ,Univ New South Wales"
10.1103/PhysRevB.108.125405,"Univ Wisconsin Madison,Univ New South Wales,Delft Univ Technol"
10.1038/s41534-024-00823-y,"Quantum Mot,UCL,Univ Oxford"
10.1103/PhysRevB.105.245308,"Univ Maryland Baltimore Cty,Lab Phys Sci,Univ Maryland"
10.1007/s10773-013-1944-1,"Changsha Univ Sci & Technol,Huanggang Normal Univ"
10.1109/TMAG.2018.2815696,"IIT Roorkee,Dept Elect & Elect Engn"
10.1103/PhysRevLett.106.180503,"Univ Wisconsin,SUNY Buffalo"
10.1002/qute.201900017,"Univ Milano Bicocca,Univ Nottingham,Liverpool John Moores Univ,Univ Lincoln"
10.1103/PhysRevA.86.012317,"Univ Calif Berkeley,Berkeley Quantum Informat & Computat Ctr"
10.1021/acs.nanolett.9b03254,"Delft Univ Technol,Intel Corp"
10.1103/PhysRevB.96.235434,"Univ Konstanz,Princeton Univ,NIST"
10.1016/j.sse.2024.108883,"Nanoacad Technol Inc,STMicrolectronics"
10.1088/1367-2630/ad19ab,"Beijing Acad Quantum Informat Sci,Peking Univ"
10.1038/s41565-022-01282-2,"Univ Cambridge,Johannes Kepler Univ Linz,Indian Inst Technol Delhi,Univ Sheffield,Univ Oxford"
10.1103/PhysRevApplied.19.024068,"Univ New South Wales,UNSW"
10.1103/PhysRevB.92.125434,"Univ Waterloo,Natl Res Council Canada"
10.1016/j.optcom.2013.11.051,"Beijing Forestry Univ,Beijing Univ Aeronaut & Astronaut"
10.1088/1367-2630/18/1/013033,"Kinki Univ,NTT Corp,Tech Univ Dortmund,Univ Sao Paulo"
10.1063/1.3518919,"Univ Tokyo,Univ Sherbrooke,Pohang Univ Sci & Technol,Univ Leoben,Tokyo Inst Technol,Japan Sci & Technol Agcy"
10.1063/5.0179958,"Univ New South Wales,Diraq,Keio Univ"
10.1002/qute.202200044,"Beihang Univ,Shandong Univ"
10.1021/nl303863s,"Univ New S Wales,Sandia Natl Labs,Purdue Univ,Univ Melbourne"
10.1038/ncomms9603,"CNRS,Univ Grenoble Alpes,Univ Montpellier"
10.1103/PhysRevLett.128.126803,"Inst Sci & Technol Austria ISTA,Univ Konstanz,Univ Basel,CNR,Scuola Normale Super Pisa,Univ Oxford,Hitachi Cambridge Lab,Politecn Milan"
10.1103/PhysRevB.104.115308,"Virginia Tech,Univ Maryland Baltimore Cty,Lab Phys Sci"
10.1038/s41467-024-53964-1,"Toshiba Europe Ltd,Univ Cambridge"
10.1038/s41467-019-13548-w,"Univ Wisconsin,Univ New South Wales"
10.1038/s41598-018-36476-z,"RIKEN,Natl Inst Adv Ind Sci & Technol,NIMS"
10.1038/s41467-024-45857-0,"Univ Copenhagen,Leiden Univ,QDevil,Purdue Univ,Norwegian Univ Sci & Technol"
10.1103/PhysRevLett.125.047701,"Forschungszentrum Julich,Rhein Westfal TH Aachen,Ruhr Univ Bochum,Univ Copenhagen,UNSW Sydney"
10.1002/adma.202206688,"Univ Strasbourg,Synchrotron SOLEIL,Univ Lorraine,Inst Carnot MICA,Univ Valencia"
10.1103/PhysRevLett.132.160804,"Univ Sheffield,Johannes Kepler Univ Linz,Univ Sussex"
10.1140/epjst/e2018-00094-2,"Univ Ljubljana,Jozef Stefan Inst,Beijing Computat Sci Res Ctr"
10.1039/d3sc04375d,"Univ Freiburg,Univ Bonn,Heinrich Heine Univ Dusseldorf,Univ Strasbourg"
10.1103/PhysRevB.92.115424,"McGill Univ,Beijing Computat Sci Res Ctr,RIKEN,Canadian Inst Adv Res"
10.1103/PhysRevB.100.125402,"McGill Univ,Beijing Computat Sci Res Ctr,Beijing Normal Univ,Univ New South Wales,Univ British Columbia"
10.1103/PhysRevB.98.024404,"CALTECH,Montana State Univ,Univ Chicago"
10.1038/s41565-017-0030-x,"Harvard Univ,Natl Inst Mat Sci"
10.1038/NNANO.2014.175,"Univ Basel,Ruhr Univ Bochum,Univ Paderborn"
10.1103/PhysRevA.103.062426,"Moscow MV Lomonosov State Univ,Peter Great St Petersburg Polytech Univ"
10.1088/1367-2630/aba462,"Univ Ljubljana,Graz Univ Technol"
10.1103/PhysRevApplied.16.054034,"CNR,Appl Mat MDLx Italy R&D,Univ Toronto"
10.1039/d3sc03089j,"Rudjer Boskovic Inst,Univ Zagreb,Natl Inst Chem,Leibniz IFW Dresden"
10.1063/5.0174588,"Teikyo Univ,RIKEN"
10.1103/PhysRevApplied.21.014044,"Univ Sci & Technol China,Chinese Acad Sci,Guangxi Univ,Beijing Superstring Acad Memory Technol,Origin Quantum Comp Co Ltd"
10.1063/1.4867905,"Univ New S Wales,Univ Melbourne"
10.1103/PhysRevB.91.075435,"CNR,Univ Milano Bicocca"
10.1103/PhysRevB.82.115445,"Univ Konstanz,Princeton Univ"
10.1103/PhysRevApplied.17.024068,"Univ Sydney,Univ New South Wales,Keio Univ"
10.1103/PhysRevB.100.035310,"CNR,Univ Milano Bicocca"
10.1103/PhysRevApplied.22.064029,"Univ Rochester,Virginia Tech,Univ Chicago,Virginia Tech Ctr Quantum Informat Sci & Engn,Southern Univ Sci & Technol"
10.1002/anie.202207947,"Univ Manchester,Ashoka Univ,Univ Parma,Ist Nazl Fis Nucl,UdR Parma"
10.1021/nl303663n,"Stanford Univ,Natl Inst Informat,Univ Paderborn"
10.1038/s41586-019-1867-y,"Princeton Univ,Google Inc"
10.1038/s41467-023-42169-7,"Univ Manchester,Univ Oxford"
10.1103/PhysRevLett.114.226803,"Univ Maryland,NIST"
10.1103/PhysRevB.100.125430,"Univ Konstanz,Princeton Univ,Univ Wien,Google Inc"
10.1103/PhysRevApplied.10.044058,"Univ Sydney,Purdue Univ"
10.1088/1367-2630/18/10/103018,"UNSW Australia,Sandia Natl Labs,Delft Univ Technol,FOM Inst AMOLF,Simon Fraser Univ"
10.1103/PhysRevLett.107.266803,"Princeton Univ,Sandia Natl Labs"
10.1038/s41586-022-04697-y,"Delft Univ Technol,Univ Innsbruck"
10.1063/5.0035300,"Rhein Westfal TH Aachen,Forschungszentrum Julich,Natl Inst Mat Sci"
10.1088/2058-9565/ab5e07,"Forschungszentrum Julich,Rhein Westfal TH Aachen,Univ Duisburg Essen"
10.1038/s41534-024-00820-1,"Univ Cambridge,Hitachi Cambridge Lab,Univ Bristol,Univ Grenoble Alpes,Univ Vienna,Quantum Mot"
10.1142/S0217979218400283,"J Stefan Inst,Univ Ljubljana"
10.1103/PRXQuantum.2.040314,"Univ Chicago,Univ Iowa,Argonne Natl Lab,Eindhoven Univ Technol"
10.1038/NPHYS2326,"Univ Munich,Natl Res Council Canada,McGill Univ,Univ Sherbrooke,Univ Regensburg,ETH"
10.1103/PhysRevX.9.031045,"Delft Univ Technol,Element Six"
10.1088/1361-6641/ab516a,"Univ Waterloo,Indian Inst Technol"
10.1021/jacs.8b06733,"Tohoku Univ,Univ Firenze,Univ Torino,Res Area Firenze,Nankai Univ"
10.1103/PhysRevX.8.021046,"Univ Sherbrooke,Sandia Natl Labs,McGill Univ,Canadian Inst Adv Res,Univ Copenhagen"
10.1038/s41467-019-13416-7,"Univ New South Wales,Aalto Univ,Keio Univ,HRL Labs LLC,NIST,IQM Finland Oy,Univ Sydney"
10.1103/PhysRevA.104.032409,"Univ Sci & Technol China,Univ Calif Los Angeles,Suzhou Univ"
10.3390/photonics9090617,"Istanbul Univ,Tokyo Int Univ,CERN,Istanbul Tech Univ,Bogazici Univ,Isik Univ"
10.1103/PhysRevB.82.075304,"Natl Res Council Canada,Univ Sherbrooke"
10.1103/PhysRevA.87.062337,"Yanbian Univ,Dalian Univ Technol,Chungbuk Natl Univ"
10.1063/1.5042501,"Univ Basel,Univ Twente,Eindhoven Univ Technol,Delft Univ Technol"
10.1103/PhysRevB.97.155412,"Wroclaw Univ Sci & Technol,AGH Univ Sci & Technol"
10.1103/PhysRevB.100.035304,"Virginia Tech,Princeton Univ"
10.1038/s41467-020-17211-7,"Delft Univ Technol,QuTech,Netherlands Org Appl Sci Res TNO"
10.1103/PhysRevA.105.052438,"Univ Illinois,Purdue Univ"
10.1038/s41534-018-0105-z,"RIKEN,JST,Tohoku Univ,Univ Paris Diderot,Tokyo City Univ,Nagoya Univ,Keio Univ,Tokyo Inst Technol,Univ Tokyo"
10.1103/PhysRevLett.122.100501,"MIT,Univ Calif Berkeley,Lawrence Berkeley Natl Lab"
10.1126/sciadv.adp6442,"Delft Univ Technol,Netherlands Org Appl Sci Res TNO,Element Six Innovat,Fraunhofer Inst Laser Technol ILT,Rhein Westfal TH Aachen,TOPTICA Photon AG,AIT Austrian Inst Technol Gmbh"
10.1038/s41534-022-00615-2,"Forschungszentrum Julich,Rhein Westfal TH Aachen"
10.1038/s41534-024-00924-8,"Ludwig Maximilians Univ Munchen,SUNY Buffalo"
10.1103/PhysRevLett.118.216802,"City Univ Hong Kong,Univ Maryland,Virginia Tech"
10.1088/0268-1242/26/5/055004,"JST,Univ Tokyo,Tokyo City Univ,NTT Corp,RIKEN"
10.1103/PhysRevApplied.19.044039,"Univ Strathclyde,Univ New South Wales,Nexus,Natl Phys Lab"
10.1103/PhysRevLett.117.170501,"Univ Sci & Technol China,Louisiana State Univ,MIT"
10.1038/s41567-024-02614-w,"UNSW,Diraq,Sandia Natl Labs,Keio Univ,Leibniz Inst Kristallzuchtung,Vitcon Projectconsult GmbH,Simon Fraser Univ,Univ Sydney,Quantum Mot Technol Ltd,Swiss Fed Inst Technol"
10.1038/s41467-024-54989-2,"Zhejiang Univ,Westlake Univ,Westlake Inst Adv Study,Chinese Acad Sci,Univ Chinese Acad Sci,CIQTEK Co Ltd"
10.35848/1347-4065/acb4f8,"Teikyo Univ,Univ Panamericana"
10.1103/PhysRevA.96.052321,"McGill Univ,Univ Konstanz,Canadian Inst Adv Res,Univ Copenhagen"
10.1038/s41586-021-04292-7,"UNSW Sydney,Univ Technol Sydney,Ain Shams Univ,Sandia Natl Labs,Keio Univ,Univ Melbourne,Delft Univ Technol,Univ Copenhagen,Univ Grenoble Napes"
10.1038/s41467-018-03578-1,"Univ Melbourne,Melbourne Ctr Nanofabricat,Univ Basel"
10.1038/s41467-018-02982-x,"Univ New South Wales,Univ Melbourne"
10.1021/jacs.5b11641,"Univ Oxford,Kyoto Univ"
10.1103/PhysRevA.89.032305,"UCL,Univ Cambridge"
10.1103/PhysRevA.97.042324,"City Univ Hong Kong,Southern Univ Sci & Technol,Shenzhen Key Lab Quantum Sci & Engn"
10.1088/1367-2630/12/11/113019,"Univ Munich,Univ Regensburg,Tech Univ Munich"
10.1103/PhysRevB.96.180408,"Florida State Univ,Natl High Magnet Field Lab,Aix Marseille Univ"
10.1103/PhysRevB.109.035157,"Univ New South Wales,UNSW Sydney"
10.1103/PhysRevA.82.052339,"Univ Basque Country,Basque Fdn Sci,So Illinois Univ,Univ Hong Kong,Beijing Inst Technol"
10.1063/5.0036520,"Univ Basel,IBM Res Zurich,Helmholtz Zentrum Berlin Mat & Energie"
10.1021/nl402744s,"Naval Res Lab,Sotera Def Solut"
10.1038/s41467-017-01905-6,"Delft Univ Technol,Univ New South Wales"
10.1063/1.4984745,"CNRS,Univ Grenoble Alpes,Ruhr Univ Bochum"
10.1103/PhysRevB.87.081410,"Univ Basque Country,Basque Fdn Sci IKERBASQUE"
10.1002/adma.202405006,"Univ Melbourne,Univ Technol Sydney,UNSW,Helmholtz Zent Dresden Rossendorf HZDR,RMIT Univ,Leibniz Inst Oberflachenmodifizierung e V"
10.1103/PhysRevLett.121.183603,"CALTECH,Univ Chicago,NIST"
10.1103/PhysRevB.82.155312,"Univ Maryland,Polish Acad Sci,SUNY Buffalo"
10.1103/PhysRevB.90.045308,"SUNY Buffalo,Univ Wisconsin"
10.1103/PhysRevA.89.062318,"Natl Quantum Informat Ctr Gdansk,Univ Gdansk,Wroclaw Univ Technol,Adam Mickiewicz Univ,ICFO Inst Ciencies Foton,Gdansk Univ Technol"
10.1038/NNANO.2014.216,"Univ New S Wales,Univ Twente,Keio Univ"
10.1103/PhysRevA.98.052348,"Forschungszentrum Julich,Rhein Westfal TH Aachen,Univ Groningen"
10.1002/adma.202208557,"Univ New South Wales,Diraq"
10.1103/PhysRevApplied.19.064046,"Linkoping Univ,Max Planck Inst Phys Komplexer Syst,Eotvos Lorand Univ,MTA ELTE Lendulet Momentum NewQubit Res Grp"
10.1103/PhysRevLett.112.010502,"CNRS,Univ Grenoble 1,Univ Paris 11,ENS Cachan"
10.35848/1882-0786/ac7030,"Gunma Univ,Natl Inst Quantum Sci & Technol,Natl Inst Mat Sci,Univ Tsukuba"
10.1103/PhysRevX.12.031028,"Univ Chicago,Univ Glasgow,MIT,Northwestern Univ,Ctr Mol Engn,Argonne Natl Lab"
10.1103/PhysRevLett.117.027402,"Tech Univ Munich,Los Alamos Natl Lab,Stanford Univ"
10.1103/PhysRevLett.112.050502,"Tech Univ Dortmund,Ctr Brasileiro Pesquisas Fis"
10.1021/acsnano.3c06668,"UNSW Sydney,Univ New South Wales"
10.1002/adma.202312736,"UNSW Sydney,Univ New South Wales"
10.1103/PhysRevB.97.235409,"Harvard Univ,Univ Sydney"
10.1103/PRXQuantum.4.010329,"Univ Grenoble Alpes,Ruhr Univ Bochum"
10.1063/1.4704561,"Univ Calif Berkeley,Ilmenau Univ Technol,Univ Oxford,Princeton Univ"
10.1021/acs.nanolett.2c00358,"Ecole Polytech Fed Lausanne EPFL,Swiss Fed Inst Technol"
10.1002/chem.201804165,"Univ Glasgow,Tulane Univ,Cardiff Univ"
10.1038/ncomms3017,"Univ New S Wales,Sandia Natl Labs"
10.1103/PhysRevA.93.062511,"NIST,Army Res Lab,Georgia Tech Res Inst,Univ Stellenbosch,CSIR,Univ Sydney"
10.1038/s41586-019-1566-8,"Univ Rochester,Purdue Univ"
10.1021/acs.jpcc.4c07265,"Univ Zaragoza,CSIC,UPV,Fdn ARAID,IMDEA Nanociencia"
10.1103/PhysRevApplied.5.034011,"Univ Oxford,Univ Cambridge,Univ Paris Diderot"
10.1038/s41467-020-20424-5,"UNSW Sydney,Univ Melbourne,Keio Univ"
10.1038/srep11321,"Yanbian Univ,Harbin Inst Technol"
10.1063/1.5021491,"Univ Melbourne,Melbourne Ctr Nanofabricat"
10.1103/PhysRevA.98.062340,"Univ Isfahan,Inst Res Fundamental Sci IPM"
10.1103/PhysRevB.88.165102,"Univ Calif Berkeley,Lawrence Livermore Natl Lab"
10.1103/PhysRevLett.117.167401,"Polytech Montreal,Univ Joseph Fourier"
10.1103/PhysRevB.98.214307,"Univ Firenze,CNR,MIT"
10.1103/PhysRevMaterials.8.066201,"Univ Basel,Swiss Nanosci Inst"
10.1038/NPHYS2881,"Delft Univ Technol,Element Six Ltd,Ames Lab,Iowa State Univ"
10.1063/1.4945736,"Univ New S Wales,Hitachi Cambridge Lab,Univ Grenoble Alpes,CEA"
10.1109/JSSC.2023.3237603,"Delft Univ Technol,QuTech,Univ Pisa,Kavli Inst Nanosci,NXP Semicond,Ecole Polytech Fed Lausanne EPFL"
10.1021/acs.jpclett.8b01813,"Univ Valencia,Max Planck Inst Struct & Dynam Matter"
10.1088/0953-4075/48/11/115302,"Univ Basque Country UPV EHU,Samarkand Agr Inst,Samarkand State Univ,IKERBASQUE Basque Fdn Sci"
10.1103/PhysRevLett.108.206811,"Univ Konstanz,Eotvos Lorand Univ,Harvard Univ,Univ Copenhagen"
10.1103/PhysRevB.94.161302,"Univ New South Wales,Keio Univ,Univ Melbourne,Simon Fraser Univ,Univ Queensland,Delft Univ Technol,AMOLF"
10.1103/PhysRevA.87.052315,"Univ Dusseldorf,Max Planck Inst Sci Light,Univ Erlangen Nurnberg,Johannes Gutenberg Univ Mainz"
10.1103/PhysRevB.94.205309,"Univ St Andrews,Ist Italiano Tecnol"
10.35848/1347-4065/ad27bd,"Tokyo Inst Technol,Kobe Univ"
10.1038/s41534-020-0276-2,"Forschungszentrum Julich,Rhein Westfal TH Aachen,Univ Regensburg,Tokyo City Univ,Leibniz Inst Kristallzuchtung IKZ,Polish Acad Sci"
10.1088/1674-1056/acf208,"Chinese Acad Sci,Univ Chinese Acad Sci"
10.1103/PhysRevA.82.062120,"Natl Tsing Hua Univ,Acad Sinica,Natl Ctr Theoret Sci"
10.1007/s10909-023-03033-6,"Okinawa Inst Sci & Technol,Univ Konstanz"
10.1103/PhysRevB.95.205420,"Univ Konstanz,Univ Chicago"
10.1209/0295-5075/110/33001,"Univ Valencia,Univ Dublin Trinity Coll"
10.1103/PhysRevB.94.125204,"Princeton Univ,Lawrence Berkeley Natl Lab,Univ Calif Berkeley,Keio Univ"
10.35848/1347-4065/abd533,"Osaka Univ,Ruhr Univ Bochum"
10.1063/5.0145278,"Univ Oxford,Northwestern Univ"
10.1103/PhysRevLett.120.213603,"TU Wien,Harvard Univ,CALTECH,Natl Univ Singapore"
10.1103/PhysRevLett.121.060401,"Univ Ulm,Element Six,Univ Melbourne"
10.1116/6.0000549,"Natl Inst Stand & Technol,Univ Maryland,Sci Syst & Applicat Inc"
10.1103/PhysRevLett.122.190503,"Ulm Univ,Univ Paris 13,PSL Res Univ"
10.1063/5.0118391,"NTT Corp,Univ Tokyo,VTT Tech Res Ctr Finland"
10.1088/1367-2630/ac430c,"Southern Univ Sci & Technol,Int Quantum Acad,Univ Buffalo SUNY"
10.1103/PhysRevLett.105.266603,"Univ Basel,Univ Regensburg"
10.1103/PhysRevA.86.042329,"Dartmouth Coll,Rhein Westfal TH Aachen"
10.1103/PhysRevB.110.115413,"AGH Univ Krakow,Univ Basel"
10.1038/s41524-024-01361-z,"HUN REN Wigner Res Ctr Phys,MTA ELTE Lendulet Momentum NewQubit Res Grp,Budapest Univ Technol & Econ,Univ Texas Austin,Linkoping Univ,Tech Univ Munich,MTA WFK Lendulet Momentum Semicond Nanostruct Res,Eotvos Lorand Univ"
10.1038/s41467-019-13495-6,"Wigner Res Ctr Phys,Linkoping Univ,Argonne Natl Lab,Univ Chicago,IBM TJ Watson Res Ctr,Natl Univ Sci & Technol MISIS,Budapest Univ Technol & Econ"
10.1038/s41598-021-95562-x,"Forschungszentrum Julich,Rhein Westfal TH Aachen,Univ Regensburg"
10.1103/PhysRevLett.106.110504,"Univ Oxford,Princeton Univ,Heriot Watt Univ"
10.1103/PhysRevApplied.18.064040,"Univ Copenhagen,QDevil"
10.1021/acs.nanolett.2c04049,"Tohoku Univ,Natl Inst Technol KOSEN,Josai Univ,Nankai Univ"
10.1038/s41534-021-00377-3,"Seoul Natl Univ,Delft Univ Technol,UCL"
10.1063/5.0088840,"Osaka Univ,Kyushu Univ"
10.1038/s41565-019-0443-9,"Univ Grenoble Alpes,CEA"
10.1103/PhysRevLett.126.017701,"Univ Rochester,Purdue Univ,Univ Buffalo"
10.1021/acs.jpca.2c04730,"Univ Chicago,Argonne Natl Lab"
10.1103/PhysRevLett.108.187401,"Univ Michigan,USN,Univ Calif San Diego"
10.1103/PhysRevApplied.15.044042,"Univ Sci & Technol China,Chinese Acad Sci,Southern Univ Sci & Technol,SUNY Buffalo,Univ Calif Los Angeles,Origin Quantum Comp Co Ltd"
10.1007/s00723-016-0857-6,"Univ Manchester,Univ Illinois"
10.1063/5.0039521,"Teikyo Univ,RIKEN"
10.1103/PhysRevLett.110.167402,"Univ Stuttgart,Hungarian Acad Sci,Budapest Univ Technol & Econ,Univ Ulm,Max Planck Inst Solid State Res"
10.1103/PhysRevA.100.022343,"Austrian Acad Sci,Univ Innsbruck,Max Planck Inst Quantum Opt,Harvard Univ"
10.1038/NNANO.2014.211,"Univ New S Wales,Keio Univ,Univ Melbourne"
10.21468/SciPostPhys.17.1.004,"Univ Firenze,MIT,Abdus Salam Int Ctr Theoret Phys,INFN,SISSA,Univ Trieste,Consiglio Nazl Ric CNR INO"
10.1016/j.chaos.2017.03.029,"Abdus Salam Int Ctr Theoret Phys,Al Imam Mohammad Ibn Saud Islamic Univ IMSIU"
10.1103/PhysRevB.110.045419,"Univ Autonoma Madrid,TU Wien,Austrian Acad Sci,Nord Quant,Univ Calif Berkeley,Lawrence Berkeley Natl Lab,Bayer Akad Wissensch,Tech Univ Munich,Munich Ctr Quantum Sci & Technol MCQST"
10.1002/qute.202300316,"Univ New South Wales,Univ Melbourne,Diraq,Keio Univ"
10.1038/s41467-019-09194-x,"Univ Copenhagen,Univ Sydney,Purdue Univ"
10.1063/1.4875909,"RIKEN,Purdue Univ,Univ Tokyo"
10.1021/acs.nanolett.3c04301,"MIT,Sandia Natl Labs,MITRE Corp,US Army,Univ Arizona"
10.1209/0295-5075/130/17003,"Renmin Univ China,Univ Chinese Acad Sci,Univ Sci & Technol China"
10.1103/PhysRevB.100.165305,"Univ Rochester,HRL Labs LLC"
10.1103/PhysRevLett.121.123604,"RIKEN,Univ Autonoma Madrid,Univ Michigan"
10.1016/j.physleta.2017.01.052,"Chungbuk Natl Univ,Korea Inst Sci & Technol,Natl Secur Res Inst"
10.1021/jacs.6b05574,"Univ Firenze,Univ Torino"
10.1021/acs.nanolett.3c03349,"Delft Univ Technol,QuTech,Netherlands Org Appl Sci Res TNO"
10.1103/PhysRevB.107.035302,"Forschungszentrum Julich GmbH,Rhein Westfal TH Aachen,Univ Konstanz"
10.1016/j.commatsci.2016.12.032,"East China Normal Univ,Chinese Acad Sci"
10.1038/NNANO.2016.114,"Univ Basel,Ruhr Univ Bochum"
10.1063/1.4705287,"Purdue Univ,USN,Univ Duisburg Essen"
10.1103/PhysRevB.91.035305,"Univ Hong Kong,Shenzhen Univ"
10.1103/PhysRevB.94.155407,"AGH Univ Sci & Technol,Univ Basel"
10.1038/s41467-018-06039-x,"Univ New South Wales,Delft Univ Technol,Keio Univ,HRL Labs LLC,UCL"
10.1002/qute.202100002,"Tech Univ Berlin,Ruhr Univ Bochum,Univ Bremen,Tech Univ Munich,Univ Paderborn"
10.3390/molecules24244582,"Int Tomog Ctr SB RAS,Novosibirsk State Univ,Russian Acad Sci"
10.1002/chem.202301771,"Nanjing Univ,Gannan Normal Univ,Chinese Acad Sci"
10.1103/PhysRevLett.112.236801,"UNSW Australia,Univ Fed Rio de Janeiro,Univ Wisconsin,Univ Melbourne"
10.1103/PhysRevApplied.17.034047,"Univ Grenoble Alpes,CEA"
10.1103/PhysRevA.110.012417,"Budapest Univ Technol & Econ,HUN REN Wigner Res Ctr Phys,HUN REN BME Quantum Dynam & Correlat Res Grp"
10.1557/s43577-021-00139-8,"Sandia Natl Labs,Univ Maryland,Zyvex Labs"
10.1103/PhysRevLett.128.213602,"Harvard Univ,AWS Ctr Quantum Comp,Univ Hamburg,Hamburg Ctr Ultrafast Imaging,Hebrew Univ Jerusalem"
10.1103/PhysRevB.109.155164,"Jozef Stefan Inst,Univ Ljubljana"
10.1103/PRXQuantum.2.010353,"UCL,Quantum Mot Technol,CEA,Hitachi Cambridge Lab,Univ Grenoble Alpes"
10.1364/OE.525337,"RMIT Univ,Univ Padua,Ulm Univ"
10.1103/PhysRevB.92.161403,"Chinese Acad Sci,Chinese Univ Hong Kong,Univ Sci & Technol China,UCL,Univ Oxford"
10.1002/adma.202300472,"Univ Parma,INFN,Consorzio Interuniv Nazl Sci & Tecnol Mat INSTM,Univ Florence,Free Univ Berlin,Weizmann Inst Sci,Northwestern Univ"
10.3390/magnetochemistry9020053,"Univ Tennessee,Univ Illinois,Univ Valencia"
10.1038/ncomms4371,"Univ Stuttgart,SCOPE,ISI Fdn,Univ Ulm,Univ Leipzig,Tech Univ Munich"
10.1016/j.carbon.2019.10.068,"Chinese Acad Sci,Peking Univ,Inner Mongolia Univ"
10.1103/PhysRevB.92.165201,"UCL,Univ Oxford,Princeton Univ,Inst Crystal Growth,Vitcon Projectconsult GmbH,Simon Fraser Univ"
10.1103/PhysRevLett.108.086802,"Harvard Univ,Polish Acad Sci,Univ Calif Santa Barbara"
10.1002/anie.201706181,"KIT,Univ Grenoble Alpes,Univ Strasbourg"
10.1103/PhysRevLett.113.246801,"Ctr Excellence Quantum Computat & Commun Technol,Univ New South Wales Australia,Purdue Univ,Univ Melbourne"
10.1063/5.0179921,"Linkoping Univ,Univ Florida,Washington State Univ"
10.1103/PhysRevLett.124.163604,"Harvard Univ,Austrian Acad Sci,Univ Innsbruck,Max Planck Inst Quantum Opt,ICFO Inst Ciencies Foton"
10.1140/epjb/e2011-20072-7,"Hunan Normal Univ,Hunan Inst Sci & Technol"
10.1038/s41598-017-12217-6,"RIKEN,Univ Tokyo,JST,Slovak Acad Sci,Univ Basel,Ruhr Univ Bochum"
10.1021/acs.nanolett.3c01511,"MIT,Sandia Natl Labs,MITRE Corp,Univ Arizona"
10.1063/1.4959153,"UNSW Australia,Univ Queensland,Delft Univ Technol,Simon Fraser Univ,FOM Inst AMOLF"
10.1103/PhysRevB.96.195424,"Univ Maryland,City Univ Hong Kong,Virginia Tech"
10.1103/PhysRevLett.126.250505,"Harvard Univ,Amazon Quantum Solut Lab,AWS Ctr Quantum Comp,IAV GmbH"
10.1038/NNANO.2016.170,"Univ Copenhagen,Virginia Tech,Univ Maryland,Polish Acad Sci,Niels Bohr Int Acad,Purdue Univ"
10.1038/s41534-023-00796-4,"Univ Exeter,Hitachi Europe Ltd"
10.1038/s41534-022-00646-9,"Univ New South Wales,Univ Buffalo SUNY"
10.1103/PhysRevB.101.235133,"Delft Univ Technol,Univ Wisconsin,Intel Corp,Univ New South Wales"
10.1002/jcc.24313,"Univ Dublin Trinity Coll,Univ Valencia,Univ Paris 11"
10.1088/1367-2630/acc126,"Univ Copenhagen,Univ Grenoble Alpes"
10.1007/s11082-023-04604-3,"Mohammed V Univ Rabat,Hassan II Univ"
10.1103/PhysRevB.103.125201,"Univ Fed Campina Grande,Univ New South Wales,Univ Wisconsin,Univ Buffalo SUNY,Univ Fed Rio de Janeiro"
10.1021/ja507846k,"Northwestern Univ,Argonne Natl Lab"
10.7567/1347-4065/ab5b62,"Univ Tokyo,Osaka Univ,Ruhr Univ Bochum,Univ Electrocommun"
10.1038/srep10076,"Toshiba Co Ltd,RIKEN,Tsinghua Univ,Tsinghua Natl Lab Informat Sci & Technol TNList,Univ Michigan"
10.1103/PhysRevLett.110.076401,"Univ Maryland,Hong Kong Univ Sci & Technol,Tsinghua Univ,MIT"
10.1103/PhysRevLett.118.177702,"Univ Copenhagen,Polish Acad Sci,Niels Bohr Int Acad,Purdue Univ"
10.1103/PRXQuantum.3.010339,"Univ Chicago,Argonne Natl Lab"
10.1016/j.optcom.2014.02.019,"Ocean Univ China,Qingdao Technol Univ"
10.1103/PhysRevLett.122.096801,"Univ Sheffield,Univ Warsaw"
10.1103/PhysRevApplied.17.064043,"Fuzhou Univ,Univ Buffalo"
10.1103/PhysRevLett.109.140403,"Univ Maryland,Polish Acad Sci"
10.1103/PhysRevA.86.062309,"Princeton Univ,Sandia Natl Labs,Tsinghua Univ"
10.1038/s41534-022-00552-0,"Univ Saarland,Tokyo Inst Technol,Natl Inst Mat Sci,Ruhr Univ Bochum,Element Six Global Innovat Ctr"
10.1103/PhysRevB.90.241203,"Beijing Computat Sci Res Ctr,Univ Stuttgart,Univ Sci & Technol China"
10.1103/PhysRevX.12.041008,"UNSW Sydney,Ctr Excellence Quantum Computat & Commun Technol,Keio Univ,Univ Melbourne"
10.1002/chem.202101922,"Univ Valencia,Peking Univ"
10.1038/ncomms1034,"Univ Copenhagen,Univ Lancaster,Univ Gothenburg,BI Verkin Inst Low Temp Phys & Engn,Heriot Watt Univ,Konkuk Univ,CNRS"
10.1088/1367-2630/15/1/013041,"Univ Melbourne,Harvard Univ"
10.1038/NPHYS1679,"Harvard Smithsonian Ctr Astrophys,Harvard Univ,Yale Univ,Austrian Acad Sci,Univ Innsbruck"
10.1038/s41567-021-01344-7,"Univ Cambridge,Univ Sheffield,Univ Cote dAzur"
10.1103/PhysRevLett.123.090404,"Univ Vienna,Austrian Acad Sci"
10.1021/acs.nanolett.8b03921,"Univ Stuttgart,Max Planck Inst Struct & Dynam Matter,Max Planck Inst Solid State Res,Univ Firenze,Synchrotron SOLEIL"
10.1209/0295-5075/104/47005,"Univ Strasbourg,Univ Ferhat Abbas Setif 1"
10.1038/s41467-022-35048-0,"Univ Texas Dallas,Incheon Natl Univ,Univ Calif Santa Cruz,Univ Calif SantaCruz,Univ Washington"
10.1063/5.0004454,"Linkoping Univ,Univ Chicago,Univ Stuttgart,IQST,Max Planck Inst Solid State Res,Argonne Natl Lab"
10.1364/OE.482008,"Simon Fraser Univ,Photonic Inc,Univ Montreal,Leibniz Inst Kristallzuchtung,Vitcon Projectconsult GmbH"
10.1103/PhysRevB.105.174412,"Harvard Univ,Dept Phys,Harvard Smithsonian Ctr Astrophys,Stanford Univ,Inst Theoret Phys"
10.1021/acsami.8b00427,"Japan Adv Inst Sci & Technol,Natl Inst Adv Ind Sci & Technol,Hitachi Europe Ltd"
10.1103/PhysRevMaterials.5.074602,"Univ Chicago,Argonne Natl Lab"
10.1103/PRXQuantum.2.020347,"Univ Konstanz,Princeton Univ"
10.1063/5.0055630,"NIST,Univ Maryland"
10.1021/jacs.7b12170,"Peking Univ,Univ Oxford"
10.1140/epjb/e2013-40677-x,"Univ Bergen,Stockholm Univ,Tampere Univ Technol"
10.1038/ncomms3053,"Univ Hong Kong,Beijing Inst Technol,Carnegie Mellon Univ,Univ Washington"
10.1021/jacs.3c04021,"Univ Freiburg,Univ Strasbourg"
10.1021/acs.nanolett.2c03161,"Univ Florence,Univ Fed Parana,Univ Roma La Sapienza,Univ Rome,CNR"
10.1021/acs.jpcc.1c03549,"Naval Res Lab,Univ Vienna,Northwest Univ,Oak Ridge Natl Lab"
10.1038/s42005-019-0262-1,"Natl Res Council Canada,Tohoku Univ,Sandia Natl Labs"
10.1007/s11128-021-03063-7,"Indian Inst Technol,Univ Pittsburgh"
10.1103/PhysRevA.101.032320,"Univ Waterloo,Canadian Inst Adv Res,Perimeter Inst Theoret Phys"
10.1103/PhysRevA.101.052302,"South China Normal Univ,City Univ Hong Kong"
10.1103/PhysRevX.5.031024,"UCL,Univ New S Wales,CEA Grenoble,Hitachi Cambridge Lab"
10.1103/PhysRevA.81.044304,"Nanjing Univ,Hubei Normal Univ,Chinese Acad Sci"
10.1038/s41467-022-35458-0,"Delft Univ Technol,Univ Wisconsin,Ecole Polytech Montreal,QuTech,Netherlands Org Appl Sci Res TNO,Univ New South Wales"
10.1103/PhysRevA.101.022329,"Univ Cambridge,Hitachi Cambridge Lab,MIT"
10.1038/s41534-018-0075-1,"Purdue Univ,Delft Univ Technol,AGH Univ Sci & Technol,Univ Wisconsin"
10.1021/acs.nanolett.5b04356,"Hitachi Cambridge Lab,B Verkin Inst Low Temp Phys & Engn,V Karazin Kharkov Natl Univ,RIKEN,CEA Grenoble,Univ Cambridge,Univ Michigan"
10.1039/d1nr02877d,"Univ Strasbourg,CNRS"
10.1021/jacs.6b08467,"Northwestern Univ,Argonne Natl Lab"
10.1103/PhysRevB.100.035416,"Rhein Westfal TH Aachen,JARA,Forschungszentrum Julich"
10.1103/PhysRevB.90.060404,"Aix Marseille Univ,Florida State Univ,Univ Stuttgart,Univ Grenoble Alpes,CNRS"
10.1038/srep17013,"SUNY Buffalo,Jilin Univ"
10.1103/PhysRevB.92.075302,"RIKEN,Slovak Acad Sci,Univ Basel,Delft Univ Technol"
10.1007/s00723-019-01125-9,"RAS,Novosibirsk State Univ,Osaka City Univ"
10.1103/PRXQuantum.4.040343,"Univ Cambridge,Univ Twente,Univ Oxford"
10.1038/s41534-020-0247-7,"Univ Chicago,Argonne Natl Lab,Sandia Natl Labs"
10.1038/s41534-023-00717-5,"Univ Copenhagen,Ruhr Univ Bochum,Univ PSL,Univ Cambridge"
10.1103/PhysRevB.82.045311,"Univ Regensburg,Slovak Acad Sci,Univ Arizona"
10.1038/s41567-023-02238-6,"Tokyo Inst Technol,RIKEN,Slovak Acad Sci,Univ Basel"
10.1103/PhysRevA.107.052411,"AF Res Lab,SUNY Polytech Inst,Univ Camerino,Al Farabi Kazakh Natl Univ,Politecn Bari,INFN,Univ Nacl Autonoma Mexico,Univ Roma La Sapienza"
10.1103/PhysRevB.105.165201,"Univ Tsukuba,Natl Inst Mat Sci,Bruker Japan KK,Sumitomo Elect Ind Ltd,Natl Inst Quantum Sci & Technol,Ulm Univ,Univ Stuttgart"
10.1103/PhysRevB.89.115438,"Univ Basel,RIKEN"
10.1039/d4sc03290j,"Univ Fed Parana,Univ Florence,Univ Turin,Inst Chem Organometall Cpds ICCOM CNR"
10.1126/sciadv.aat9199,"UNSW,Univ Grenoble Alpes,CEA"
10.1038/s41534-024-00826-9,"Delft Univ Technol,QuTech & Netherlands Org Appl Sci Res TNO,Catalan Inst Nanosci & Nanotechnol ICN2,BIST,ICREA"
10.1038/nmat4959,"Univ Sheffield,LUMS,IFW Dresden,Paul Drude Inst Festkorperelekt,Leibniz Univ Hannover"
10.1103/PhysRevApplied.19.054029,"MIT,Univ Arizona,Tech Univ Denmark,Univ Massachusetts,Brookhaven Natl Lab"
10.1088/2058-9565/ac107f,"Indian Inst Sci Educ & Res Thiruvananthapuram,Sandia Natl Labs"
10.1142/S0219749910006435,"Keio Univ,Stanford Univ,Res Org Informat & Syst,Univ Melbourne"
10.1103/PhysRevB.81.161305,"JST CREST,AIST,Tohoku Univ"
10.1103/PhysRevB.103.L081404,"Rhein Westfal TH Aachen,Forschungszentrum Julich,AMO GmbH,Natl Inst Mat Sci"
10.1063/PT.3.5290,"Univ Illinois,Univ Chicago,Argonne Natl Lab Lemont"
10.1103/PhysRevMaterials.5.014601,"Univ Melbourne,Silicon Quantum Comp,Univ New South Wales Sydney,Univ New South Wales"
10.1038/NMAT4704,"Univ Basel,Univ Lyon 1,Ruhr Univ Bochum"
10.1038/s41467-024-50667-5,"Harvard Univ,Univ Chicago,Univ Tokyo,Argonne Natl Lab"
10.1140/epjd/e2015-60223-4,"Univ Elect Sci & Technol China,Expt Middle Sch Chengdu Econ & Technol Dev Zone"
10.1039/d3nh00573a,"Ecole Polytech Fed Lausanne EPFL,Solid State Lab,CSIC,BIST,ICREA,St Petersburg State Univ"
10.1038/s41563-024-01887-z,"Univ Cambridge,Univ Manchester,Hitachi Europe Ltd,Univ Technol Sydney,Australian Natl Univ"
10.1103/PhysRevB.97.241401,"Purdue Univ,Univ New South Wales,Delft Univ Technol"
10.1103/PhysRevB.86.245301,"UCL,Univ Oxford,Princeton Univ,Inst Crystal Growth,Phys Tech Bundesanstalt,Vitcon Projectconsult GmbH,Simon Fraser Univ"
10.1038/s41565-019-0400-7,"Univ New South Wales,Univ Sydney,Univ Cambridge,Hitachi Cambridge Lab"
10.1103/PhysRevX.9.041003,"Univ New South Wales,Nanyang Technol Univ"
10.1039/c8sc01695j,"Univ Firenze,Univ Parma,Forschungszentrum Julich,Univ Torino"
10.1103/PhysRevB.104.075301,"IFW Dresden,Leibniz Univ Hannover,Tech Univ Chemnitz,Tech Univ Dresden,Fraunhofer Inst Angew Festkorper Phys IAF"
10.1103/PhysRevB.95.201304,"Cavendish Lab,Univ Cambridge,Chinese Acad Sci"
10.1021/acsnano.3c11739,"Univ Bordeaux,Inst Opt,CNRS,Mat Phys Ctr CSIC,Donostia Int Phys Ctr DIPC,Ulm Univ,L F Vereshchagin Inst High Pressure Phys,Tours Univ,Basque Fdn Sci,Univ Basque Country UPV EHU"
10.1038/s41467-022-32807-x,"Leibniz Inst Forsch Verbund Berlin eV,NTT Corp,Queens Univ"
10.1103/PhysRevB.103.035430,"Rhein Westfal TH Aachen,Forschungszentrum Julich"
10.1021/acs.inorgchem.7b02616,"Univ Florence,Univ Turin"
10.1103/PhysRevApplied.14.064024,"Budapest Univ Technol & Econ,Hitachi Cambridge Lab,Quantum Mot Technol"
10.1103/PhysRevB.104.235303,"Univ New South Wales,Hitachi Cambridge Lab,Univ Basel,HRL Labs LLC,Delft Univ Technol,Keio Univ"
10.1088/1612-202X/aca759,"State Grid FuJian Elect Power Co Ltd,Nanjing NARI Informat & Commun Technol Co Ltd,Fuzhou Univ,Harbin Inst Technol"
10.1364/OE.22.000593,"Beijing Normal Univ,Beijing Univ Posts & Telecommun"
10.1103/PhysRevB.101.144109,"Helmholtz Zentrum Dresden Rossendoif,Aalto Univ,Univ Oulu,Chalmers Univ Technol,Tech Univ Dresden"
10.1038/s41467-018-05700-9,"Univ New South Wales,Delft Univ Technol"
10.1088/1367-2630/aaa910,"Nat Acad Sci Belarus,Belarusian State Univ,Belarusian State Univ Informat & Radioelect,Nat Acad Sci Ukraine,Ulm Univ"
10.1016/j.mssp.2024.108231,"IMEC,IST Austria,Katholieke Univ Leuven,Univ Ghent,Soitec"
10.1103/PhysRevA.96.012309,"Univ Maryland,Virginia Tech,Univ Maryland Baltimore Cty"
10.1038/s41467-024-49057-8,"Linkoping Univ,Univ Chicago,Argonne Natl Lab"
10.1021/jacs.4c04720,"Soochow Univ,Univ Rovira & Virgili,Westlake Univ,Westlake Inst Adv Study"
10.1039/c5dt02609a,"Southern Fed Univ,Russian Acad Sci"
10.1073/pnas.2211786119,"Xiamen Univ,Univ Warwick"
10.1021/acs.jpcc.1c08998,"Harvard Univ,Bar Ilan Univ,Westlake Univ,Westlake Inst Adv Study"
10.1103/PhysRevB.95.165429,"Delft Univ Technol,Univ Wisconsin,Intel Corp"
10.1038/s41467-024-55077-1,"Korea Adv Inst Sci & Technol,Korea Basic Sci Inst KBSI,Kyungpook Natl Univ KNU,Inha Univ,Korea Adv Nano Fab Ctr KANC"
10.22331/q-2021-06-17-478,"Indian Inst Sci Educ & Res,Nanyang Technol Univ,Univ Gdansk"
10.1103/PhysRevB.89.045403,"UCL,Univ Oxford"
10.1039/c8sc04500c,"Univ Glasgow,Cardiff Univ"
10.1038/s41586-018-0200-5,"Delft Univ Technol,Element Six Innovat"
10.1103/PhysRevX.9.021028,"Univ New South Wales,Keio Univ,ARC Ctr Excellence Future Low Energy Elect Techno,UCL"
10.1021/acs.nanolett.0c04771,"Univ New South Wales,Purdue Univ,Keio Univ"
10.1038/s41467-017-01993-4,"Univ Chicago,Tohoku Univ,Argonne Natl Lab"
10.1103/PhysRevB.108.235312,"Univ Sci & Technol China,Sichuan Univ,ZJU Hangzhou Global Sci & Technol Innovat Ctr,Chinese Acad Sci"
10.1038/s42004-020-00422-w,"CSIC,Univ Zaragoza,Univ Barcelona,Fdn ARAID"
10.1103/PRXQuantum.2.020309,"Princeton Univ,HRL Labs LLC,Google Inc"
10.1140/epjb/e2015-50768-3,"Univ Strasbourg,Univ Ferhat,CNRS"
10.1063/1.5096610,"Natl Inst Adv Ind Sci & Technol,Nagoya Univ"
10.1002/qute.202200049,"Tech Univ Munich,Technion Israel Inst Technol,Univ Grenoble Alpes,Ruhr Univ Bochum,Tech Univ Berlin,Univ Paderborn"
10.1103/PhysRevB.104.085421,"Norwegian Univ Sci & Technol,IMEC,Katholieke Univ Leuven"
10.1515/nanoph-2024-0485,"Univ Maryland Baltimore Cty,Natl Inst Stand & Technol,Theiss Res,Univ Maryland Coll Pk,Joint Quantum Inst"
10.1021/acs.nanolett.7b00927,"Peking Univ,Chinese Acad Sci,Lund Univ"
10.1103/PhysRevLett.107.117203,"Univ Zaragoza,Univ Barcelona"
10.1103/PhysRevX.8.031049,"Univ New South Wales,Purdue Univ,Univ Melbourne"
10.1103/PhysRevB.109.235427,"Inst Basic Sci IBS,Ewha Womans Univ,Politecn Milan,Paul Scherrer Inst PSI,Empa Swiss Fed Labs Mat Sci & Technol"
10.1038/s41467-024-46519-x,"Forschungszentrum Julich,Rhein Westfal TH Aachen,ARQUE Syst GmbH"
10.1039/c7sc05464e,"Univ Valencia,Max Planck Inst Struct & Dynam Matter"
10.1021/acsnano.3c07752,"Penn State Univ,Penn State Abington,Auburn Univ,Shinshu Univ"
10.1103/PRXQuantum.2.010321,"Swiss Fed Inst Technol,Purdue Univ,Norwegian Univ Sci & Technol"
10.1103/PhysRevB.90.075436,"Univ Grenoble Alpes,CNRS,Ruhr Univ Bochum"
10.1103/PhysRevA.103.052430,"Indian Inst Technol,Univ Pittsburgh"
10.1103/PhysRevB.94.115404,"CSIC,Max Planck Inst Quantum Opt,Donostia Int Phys Ctr,Basque Fdn Sci"
10.1038/s41565-019-0587-7,"Univ New South Wales,Keio Univ,HRL Labs,Delft Univ Technol"
10.1021/jacs.3c03402,"Univ Nebraska,Indiana Univ,Univ Tubingen,Univ Washington"
10.1021/acs.nanolett.0c01466,"IST Austria,Chinese Acad Sci,Univ Chinese Acad Sci,Vienna Univ Technol"
10.1021/acsphotonics.4c00340,"Forschungszentrum Julich,Julich Aachen Res Alliance,MIT,Rhein Westfal TH Aachen"
10.1134/S1070328415080060,"Southern Fed Univ,Russian Acad Sci"
10.1103/PhysRevLett.128.247701,"Univ Wisconsin,Univ New South Wales"
10.1103/PhysRevLett.110.016804,"Toshiba Res Europe Ltd,Univ Cambridge"
10.1103/PhysRevB.81.121306,"CSIC,Univ Geneva"
10.1134/S1063776123080113,"Lomonosov Moscow State Univ,Peter Great St Petersburg Polytech Univ,Russian Quantum Ctr"
10.1103/PhysRevB.88.155321,"Osaka Prefecture Univ,AIST,Tohoku Univ"
10.1088/1367-2630/12/9/093028,"Stanford Univ,Univ Tokyo,Panasonic Corp,Natl Inst Informat,Simon Fraser Univ"
10.1103/PhysRevA.84.032308,"Univ York,Univ Leeds"
10.1103/PhysRevB.82.245314,"Univ Fed Rio de Janeiro,Univ Wisconsin"
10.1103/PhysRevB.88.161408,"Forschungszentrum Julich,Rhein Westfal TH Aachen,Julich Aachen Res Alliance"
10.1021/acs.jpclett.7b00479,"Univ Valencia,Univ Toulouse"
10.1088/1367-2630/ac2dab,"Max Planck Inst Phys Komplexer Syst,Agcy Sci Technol & Res,Goethe Univ,Univ Leipzig"
10.1142/S0219887824400097,"US Air Force,SUNY Albany,SUNY Polytech Inst"
10.1007/s11128-020-02803-5,"Payame Noor Univ,Azarbaijan Shahid Madani Univ"
10.1103/PhysRevB.82.195305,"Univ Tokyo,RIKEN ASI"
10.7567/APEX.10.103004,"Japan Adv Inst Sci & Technol,CUNY City Coll,Kyoto Univ,CREST JST,Tokyo Inst Technol,Tohoku Univ,Japan Atom Energy Agcy,RIKEN,CUNY,Univ New Mexico"
10.1103/PhysRevLett.112.026801,"Harvard Univ,Niels Bohr Inst,Univ Calif Santa Barbara"
10.1103/PhysRevLett.110.156402,"Harvard Univ,Austrian Acad Sci,Univ Innsbruck,TU Wien"
10.1103/PhysRevA.81.014302,"Changshu Inst Technol,Suzhou Univ"
10.1088/0953-4075/47/15/155502,"Sci Pract Mat Res Ctr NAS Belarus,Univ Szczecin"
10.1103/PhysRevLett.131.097001,"Delft Univ Technol,Jozef Stefan Inst,Univ Ljubljana,Univ Copenhagen,CSIC,Univ Illinois,Leiden Univ,Univ Roma La Sapienza"
10.1021/acs.nanolett.0c02342,"Nanyang Technol Univ,Sorbonne Univ,Univ Technol Sydney,Harbin Inst Technol"
10.1103/PhysRevLett.106.187601,"Tech Univ Munich,Bayer Akad Wissensch"
10.1103/PhysRevB.84.195314,"Univ Basel,Univ Calif Los Angeles"
10.1103/PhysRevLett.124.223601,"Univ Sci & Technol China,Wuhan Univ"
10.1016/j.ssc.2020.114014,"US Naval Acad,US Naval Res Lab"
10.1038/s41534-022-00554-y,"Univ Buffalo,Quaid i Azam Univ Campus"
10.1103/PhysRevLett.110.177602,"Univ Munich,Univ Regensburg,Swiss Fed Inst Technol,Max Planck Inst Quantum Opt"
10.1103/PhysRevLett.107.026602,"RIKEN,Tokyo Inst Technol,Univ Tokyo"
10.1103/PhysRevApplied.18.054017,"Univ Ottawa,Natl Res Council Canada,Natl Inst Mat Sci"
10.1088/1361-648X/ab0686,"Univ Barcelona,CUNY"
10.1103/PhysRevLett.116.116801,"Univ Copenhagen,Virginia Tech,Univ Maryland,Purdue Univ"
10.1103/PhysRevB.86.104428,"UCL,Univ Warwick,Sandia Natl Labs"
10.1103/PhysRevApplied.20.044062,"C12 Quantum Elect,Univ Lorraine"
10.1103/PhysRevLett.133.260604,"Karlsruhe Inst Technol,Stuttgart Univ,IQM Quantum Comp"
10.1038/s41467-019-13822-x,"Harvard Univ,CALTECH,Univ Texas Austin"
10.1103/PhysRevB.92.035403,"Univ Basel,AGH Univ Sci & Technol"
10.1103/PhysRevA.100.012332,"Fuzhou Univ,Harbin Inst Technol"
10.1103/PhysRevB.107.085427,"Univ New South Wales,Diraq,Keio Univ,Tokyo Inst Technol,Otto Stern Weg 1"
10.1103/PhysRevApplied.17.034046,"Univ Sci & Technol China,Chinese Acad Sci"
10.1364/OL.522770,"Sichuan Univ,Harbin Inst Technol,Quantum Sci Ctr Guangdong Hong Kong"
10.1088/2632-2153/ad88d5,"Univ Sherbrooke,IMEC,Natl Res Council Canada,Univ Waterloo,Perimeter Inst Theoret Phys"
10.1103/PhysRevLett.109.107201,"AGH Univ Sci & Technol,Univ Antwerp"
10.1039/c3tc30800f,"Harbin Univ Sci & Technol,Hefei Univ Technol,Univ Nebraska"
10.1063/1.5049506,"Univ Sydney,Q CTRL Pty Ltd,Univ Calif Los Angeles,Hella Corp"
10.1002/adts.202100254,"Univ Chicago,Argonne Natl Lab"
10.1142/S2010324713500070,"Kafr Elsheikh Univ,Umm Al Qura Univ,Ain Shams Univ"
10.1103/PhysRevApplied.21.014034,"Harvard Univ,Delft Univ Technol,Virginia Tech,AWS Ctr Quantum Networking"
10.1063/5.0139825,"Univ Basel,IBM Res Europe Zurich,UCL"
10.1103/PhysRevB.89.045432,"Univ Sci & Technol China,Univ New S Wales"
10.1364/JOSAB.33.000804,"Univ Sci & Technol Beijing,Beijing Normal Univ"
10.1126/science.1239584,"Simon Fraser Univ,Univ Oxford,Leibniz Inst Kristallzuchtung,PTB Braunschweig,VITCON Projectconsult,UCL"
10.1103/PhysRevLett.130.090801,"Tech Univ Dortmund,Quantum Brilliance GmbH"
10.1063/5.0151029,"Polish Acad Sci,Forschungszentrum Julich,Rhein Westfal TH Aachen,Leiden Univ"
10.1021/nl9037399,"Univ Maryland,Carnegie Inst Sci"
10.1103/PhysRevLett.108.247213,"Univ Zaragoza,Univ Valencia,Univ Stuttgart,Univ Nottingham"
10.1039/d0sc05856d,"Univ Zaragoza,Univ Paris Saclay,Univ Paul Sabatier,Univ Grenoble Alpes,Ocean Univ China"
10.1088/1612-202X/aca02c,"Russian Acad Sci,Kazan Fed Univ"
10.1021/acs.nanolett.7b02627,"IST Austria,Johannes Kepler Univ Linz"
10.1126/sciadv.abm5912,"Univ Chicago,Natl Inst Quantum Sci & Technol,Linkoping Univ,Argonne Natl Lab"
10.1103/PhysRevB.87.155315,"Univ Cambridge,Univ Glasgow"
10.3390/nano11010072,"RMIT Univ,Swinburne Univ Technol,Natl Inst Quantum & Radiol Sci & Technol,Univ Melbourne,Tokyo Inst Technol"
10.1016/j.jcrysgro.2017.05.008,"Ruhr Univ Bochum,Univ Basel,Univ Lyon 1"
10.1140/epjd/e2014-50140-5,"Hubei Normal Univ,Nanjing Univ Posts & Telecommun"
10.1039/c6dt02258h,"Univ Valencia,Univ Austral Chile,Sorbonne Univ,Trinity Coll Dublin"
10.1088/1361-648X/aa6aac,"Tsinghua Univ,Univ Michigan"
10.1103/PhysRevB.85.115319,"Ocean Univ China,Univ Calif San Diego,Univ Maryland,Natl Inst Stand & Technol"
10.1021/acs.nanolett.9b05295,"Rhein Westfal TH Aachen,Forschungszentrum Julich,Natl Inst Mat Sci"
10.1126/sciadv.abj5030,"Leibniz Inst Forsch Verbund Berlin eV,Russian Acad Sci,Helmholtz Zentrum Dresden Rossendorf,Tech Univ Dresden"
10.35848/1347-4065/acac36,"Hitachi Ltd,Tokyo Inst Technol,Tokyo Tech Acad Super Smart Soc"
10.1038/s41467-018-04544-7,"RIKEN Ctr Emergent Matter Sci,JST,Tohoku Univ,Univ Tokyo,Ruhr Univ Bochum,SUNY Buffalo,RIKEN Cluster Pioneering Res,Univ Michigan"
10.1038/ncomms12912,"Pohang Univ Sci & Technol,Chung Ang Univ,Max Planck Inst Chem Phys Solid,RIKEN,NIST,Korea Atom Energy Res Inst"
10.1038/s41534-022-00534-2,"Ioffe Inst,Northern Arctic Fed Univ,Helmholtz Zentrum Dresden Rossendorf,Tech Univ Dresden,Tech Univ Dortmund"
10.1038/NPHYS2826,"Univ Wurzburg,Ioffe Phys Tech Inst,Bavarian Ctr Appl Energy Res ZAE Bayern"
10.1016/j.nanoen.2021.106310,"Univ Elect Sci & Technol China,Swansea Univ,Chinese Acad Sci,Univ Chinese Acad Sci"
10.1002/pssb.201100145,"UCL,Univ Sydney,Univ Utah,Florida State Univ"
10.1063/5.0156358,"Polish Acad Sci,Leiden Univ"
10.1103/PhysRevB.89.205439,"Budapest Univ Technol & Econ,Hungarian Acad Sci,Eotvos Lorand Univ"
10.1103/PhysRevApplied.21.014019,"Princeton Univ,Univ Calif Los Angeles"
10.1103/PhysRevApplied.20.034066,"Univ New South Wales,Silicon Quantum Comp,Univ Basel,PsiQuantum Ltd,Univ Queensland"
10.1038/s41534-023-00802-9,"Natl Taiwan Univ,RIKEN,QuTech,Netherlands Org Appl Sci Res TNO,Delft Univ Technol,Natl Ctr Theoret Sci"
10.1088/1367-2630/17/12/122003,"Univ Oxford,Univ Grenoble Alpes,Inst Neel"
10.1007/s11128-019-2497-x,"Kim Il Sung Univ,Univ Sci"
10.1039/c5qi00142k,"Univ Valencia,Univ Paris 11,Florida State Univ,Jacobs Univ Bremen"
10.1103/PhysRevApplied.19.054090,"Univ Washington,Sandia Natl Labs,Univ Oslo,Pacific Northwest Natl Lab"
10.1103/PhysRevApplied.20.064019,"Univ Regensburg,Aalto Univ,Univ Lancaster"
10.1126/science.aaa4298,"Harvard Univ,Univ Maryland"
10.1103/PhysRevA.86.062328,"Univ Wisconsin,Yale Univ,SUNY Buffalo"
10.1109/TED.2024.3393947,"IIT Delhi,IMEC"
10.1021/acs.nanolett.2c04417,"Univ New South Wales,Diraq"
10.1038/ncomms2854,"Univ Calif Santa Barbara,Ames Lab,Iowa State Univ,Case Western Reserve Univ"
10.1002/jcc.27120,"Carl von Ossietzky Univ Oldenburg,Unicontrol,Univ Exeter,Univ Oxford"
10.1103/PRXQuantum.3.020343,"Swiss Fed Inst Technol,Natl Inst Mat Sci"
10.1103/PhysRevB.88.075206,"Japan Atom Energy Agcy,Univ Tsukuba,Natl Inst Mat Sci,Element Six Ltd,Univ Ulm,Univ Stuttgart"
10.1073/pnas.2313754120,"Univ Chicago,Argonne Natl Lab,Univ Iowa,Tohoku Univ,Eindhoven Univ Technol"
10.1103/PhysRevB.98.075201,"Eotvos Lorand Univ,Hungarian Acad Sci,Univ Konstanz,Budapest Univ Technol & Econ"
10.1103/PhysRevB.88.085314,"SUNY Buffalo,Polish Acad Sci,Univ Maryland"
10.1038/s41524-022-00862-z,"Colorado Sch Mines,Natl Renewable Energy Lab"
10.1063/5.0230736,"Sungkyunkwan Univ,Ajou Univ,Univ Wisconsin Madison,Korea Inst Sci & Technol,Eotvos Lorand Univ,MTA ELTE Lendulet Momentum NewQubit Res Grp,Linkoping Univ"
10.1063/1.5043108,"Univ Grenoble Alpes,Aix Marseille Univ"
10.1038/s41598-018-24004-y,"Univ Twente,IST Austria"
10.1103/PhysRevB.92.121202,"Univ Turku,Kazan Fed Univ,Univ Fukui,Korea Basic Sci Inst,Korea Adv Inst Sci & Technol,Russian Acad Sci"
10.1038/NPHYS2731,"Univ Basel,Eindhoven Univ Technol,Delft Univ Technol"
10.1021/acs.nanolett.4c04112,"Univ Penn,IBM Res,Nokia Bell Labs,Delft Univ Technol"
10.1021/acs.nanolett.9b04495,"Stanford Univ,SLAC Natl Accelerator Lab"
10.1063/1.5040474,"Univ Bristol,Hitachi Cambridge Lab,Univ Grenoble Alpes,CSIC,Univ Cambridge,CEA Grenoble"
10.1021/acsnano.4c02470,"Univ Strasbourg,Ctr Fiis Mat CFM MPC"
10.1103/PhysRevB.101.121302,"Univ New South Wales,Beijing Computat Sci Res Ctr"
10.1021/jacs.9b09101,"Univ Strasbourg,Sorbonne Univ"
10.1021/nl500299h,"UMR E CEA UJF Grenoble 1,CEA"
10.1038/s41598-018-19977-9,"Zhejiang Univ,Basque Country Univ EHU UPV,IKERBASQUE"
10.1002/pssr.201600029,"Univ Brasilia,Univ Fed Uberlandia,Univ Fed Goias"
10.1103/PhysRevLett.131.193601,"Nanyang Technol Univ,Natl Taiwan Univ"
10.1021/acs.nanolett.6b02522,"Tsinghua Univ,Univ Michigan"
10.1103/PhysRevB.103.174106,"Wenzhou Univ,Zhejiang Univ,Anhui Univ,Hefei Presch Educ Coll,Hefei Univ"
10.1038/s41534-024-00852-7,"Forschungszentrum Julich GmbH,Rhein Westfal TH Aachen,ARQUE Syst GmbH,Forschungszentrum Julich,Polish Acad Sci"
10.1021/jacs.9b12797,"Univ Wien,Florida State Univ,Univ Valencia"
10.1038/s41467-017-00534-3,"Univ Grenoble Alpes,CNRS,Ruhr Univ Bochum"
10.1103/PhysRevB.97.115445,"Renmin Univ China,Chinese Acad Sci,Texas Tech Univ,Univ Chinese Acad Sci,Collaborat Innovat Ctr Quantum Matter,Hong Kong Polytech Univ,Shanghai Jiao Tong Univ,Collaborat Innovat Ctr Adv Microstruct"
10.1103/PhysRevLett.133.040401,"Southern Univ Sci & Technol,City Univ Hong Kong,Quantum Sci Ctr Guangdong Hong Kong Macao Greater,Huawei Technol Co Ltd,Univ Hong Kong,Int Quantum Acad"
10.1016/j.commatsci.2021.111041,"CUNY,Flatiron Inst"
10.1021/acsnano.4c07184,"Warsaw Univ Technol,Univ Warsaw,Univ Calif Santa Barbara,Polish Acad Sci,Univ South Carolina"
10.1063/5.0158262,"Delft Univ Technol,QuTech,Netherlands Org Appl Sci Res TNO"
10.1021/jacs.0c06073,"Northwestern Univ,Argonne Natl Lab"
10.1063/5.0023722,"Peking Univ,Chinese Acad Sci,Beijing Acad Quantum Informat Sci"
10.1002/qute.201900123,"ASTAR,Natl Univ Singapore"
10.22331/q-2023-08-31-1099,"Univ Bari,Univ Grenoble Alpes,Quandela SAS,Chapman Univ,Univ Rochester,Univ Paris Cite,NUS,Natl Univ Singapore"
10.1117/1.AP.4.6.066003,"Univ Sci & Technol China,Jinan Inst Quantum Technol,Chinese Acad Sci,Univ Wurzburg,Carl von Ossietzky Univ Oldenburg,Univ Kassel,NYU ECNU Inst Phys NYU Shanghai"
10.1103/PhysRevA.101.032322,"Fuzhou Univ,Harbin Inst Technol"
10.1038/s41534-019-0206-3,"Univ Cambridge,Tech Univ Denmark,Univ Sheffield,Univ Cote Azur,Delft Univ Technol"
10.1021/ic302068c,"Univ Valencia,Moldavian Acad Sci"
10.1103/PhysRevB.110.235305,"Univ Rochester,Sandia Natl Labs"
10.1007/s10909-022-02749-1,"Okinawa Inst Sci & Technol,Univ Konstanz"
10.1038/s41524-020-00448-7,"Univ Calif Santa Barbara,US Naval Res Lab,Univ Kansas,UCL"
10.1038/nphys2514,"Univ Sheffield,RAS,St Petersburg State Univ,Lab Photon & Nanostruct"
10.1103/PhysRevApplied.12.014013,"Delft Univ Technol,Intel Corp,URENCO Stable Isotopes,Air Liquide Adv Mat North Branch"
10.1038/NMAT3499,"UCL,Swiss Fed Inst Technol,Sandia Natl Labs"
10.1364/OME.434083,"CUNY City Coll,CUNY,Flatiron Inst"
10.1021/acsnano.4c10357,"Palacky Univ,Czech Acad Sci,Czech Tech Univ,Univ Autonoma,Univ Complutense,Campus Univ Cantoblanco,CSIC UNIOVI PA"
10.1038/NPHYS3686,"Univ Sheffield,Univ Cambridge,Cambridge Res Lab,Univ Konstanz"
10.1103/PhysRevB.109.075433,"Univ Strathclyde,Carl von Ossietzky Univ Oldenburg,Julius Maximilians Univ Wurzburg"
10.1103/PhysRevLett.133.017001,"Swiss Fed Inst Technol,Univ Konstanz,Rhein Westfal TH Aachen,Natl Inst Mat Sci,Norwegian Univ Sci & Technol"
10.1103/PhysRevB.102.085413,"McGill Univ,Beijing Computat Sci Res Ctr,Univ Chinese Acad Sci,Univ Sci & Technol China"
10.1149/2162-8777/acb734,"Leibniz Inst Kristallzuchtung,IHP Leibniz Inst innovat Mikroelekt"
10.1103/PhysRevB.97.241202,"Hungarian Acad Sci,IMEC,Hasselt Univ,Budapest Univ Technol & Econ"
10.1088/2053-1583/acddf6,"Univ Wisconsin Madison,Univ Calif Santa Cruz"
10.1038/s41467-020-20280-3,"Univ Copenhagen,CEA"
10.1103/PhysRevLett.121.256804,"Univ Sao Paulo,Univ Iowa,Univ Fed Rio Grande do Norte"
10.1073/pnas.2404298121,"RWTH Achen Univ,Forsch Zentrum Julich"
10.1038/s41534-017-0029-z,"Univ Chicago,Argonne Natl Lab"
10.1103/PhysRevB.91.195417,"Ludwig Maximilians Univ Munchen,Univ Regensburg,ETH"
10.1038/s41563-020-00802-6,"Univ Chicago,Natl Inst Quantum & Radiol Sci & Technol,Linkoping Univ,Argonne Natl Lab"
10.1103/PhysRevLett.124.067701,"UCL,Univ Cambridge,Hitachi Cambridge Lab,CEA,Univ Calif Berkeley,Univ Dhaka,MIT"
10.1103/PhysRevA.100.063840,"Zhejiang Sci Tech Univ,Huazhong Univ Sci & Technol"
10.7566/JPSJ.91.044004,"Univ Teknol Malaysia,Osaka Univ,PRESTO,Natl Inst Quantum & Radiol Sci & Technol"
10.1021/jacs.4c10632,"Univ Parma,UdR INSTM Parma,INFN Sez Milano Bicocca,Univ Florence,UdR INSTM Firenze,Northwestern Univ,North Western Univ,Univ Padua"
10.1039/c7cp03872k,"Inst Problems Chem Phys,Moldavian Acad Sci,Ben Gurion Univ Negev,Univ Valencia"
10.1063/1.3577962,"Tohoku Univ,CREST JST"
10.1103/PhysRevB.98.035432,"Univ Melbourne,Bayerische Akad Wissensch,Tech Univ Munich,Nanosyst Initiat Munich"
10.1063/5.0094900,"Sandia Natl Labs,Univ Texas Austin,Ctr Integrated Nanotechnol"
10.1103/PhysRevB.90.155306,"Univ Maryland,Univ Maryland Baltimore Cty"
10.1038/s41467-024-53890-2,"Tohoku Univ,Natl Inst Mat Sci NIMS,Univ Tokyo,RIKEN"
10.1103/PhysRevB.82.125437,"Univ Colorado,NIST,Harvard Univ"
10.1038/s41928-024-01214-z,"UCL,Univ Basel,VTT Tech Res Ctr Finland Ltd"
10.1038/NPHYS1856,"Harvard Univ,Weizmann Inst Sci"
10.1109/TED.2023.3244133,"Univ Sherbrooke,3IT,Univ Lille"
10.1038/s41467-024-46075-4,"Delft Univ Technol,Univ Penn,Element Six Innovat"
10.1103/PhysRevA.87.022306,"Harvard Univ,Univ Michigan,CALTECH,Yale Univ"
10.1002/aelm.202300753,"Huazhong Univ Sci & Technol,Hubei Univ,Shenzhen Huazhong Univ Sci & Technol"
10.1021/acs.inorgchem.0c02573,"Univ Firenze,Univ Grenoble Alpes,Univ Torino,Trinity Coll Dublin"
10.1038/s41467-023-39568-1,"Univ Basel,Ruhr Univ Bochum,Univ Oklahoma"
10.1021/jacs.1c07058,"IMDEA Nanociencia,Univ Autonoma Madrid,Univ Zaragoza,CSIC,Univ Complutense Madrid"
10.1038/s42005-023-01152-w,"Florida State Univ,Univ Florida,Univ Valencia"
10.1039/d0nr00775g,"Lund Univ,Peking Univ,Beijing Acad Quantum Informat Sci"
10.1021/acs.jpcb.3c06658,"Argonne Natl Lab,Lawrence Berkeley Natl Lab"
10.1103/PhysRevB.88.085201,"Univ Halle Wittenberg,Max Planck Inst Microstruct Phys,Rzeszow Univ Technol,Univ Tecn Lisboa,Heidelberg Univ"
10.1088/1674-1056/ace3a9,"Univ Sci & Technol China,Chinese Acad Sci,Beijing Superstring Acad Memory Technol,Origin Quantum Comp Co Ltd"
10.1038/NNANO.2015.60,"ETH,Ecole Polytech Fed Lausanne"
10.1021/acsnano.0c10601,"Harvard Univ,Flatiron Inst"
10.1039/c5nr04273a,"Peking Univ,UMR CNRS 8520,Lund Univ"
10.1103/PhysRevB.102.195418,"Univ Konstanz,Princeton Univ"
10.1021/acsaelm.8b00006,"Forschungszentrum Julich,JARA Julich Aachen Res Alliance"
10.1103/PhysRevApplied.22.064089,"Tech Univ Wien,RIKEN,Slovak Acad Sci,Univ Basel,Univ Grenoble Alpes"
10.1103/PhysRevA.107.012604,"Guangxi Univ,South China Normal Univ"
10.1063/5.0160792,"Univ Waterloo,Northern Quantum Lights Inc"
10.1038/nature10416,"CNRS,Univ Grenoble 1,Univ Tokyo,ERATO JST,ICORP Int Cooperat Res Project Quantum Spin Infor,Ruhr Univ Bochum,Inst Univ France"
10.1103/PhysRevB.88.045307,"South Dakota Sch Mines & Technol,NASA Ames Res Ctr"
10.1063/5.0209702,"Max Planck Inst Solid State Res,Univ Cambridge"
10.1021/jacs.3c11172,"Max Planck Inst Microstruct Phys,Fac Chem & Food Chem,Tech Univ Dresden,Univ Strasbourg,Univ Valencia,Univ Sci & Technol China,Univ Sofia,Max Planck Inst Polymer Res,Cent Facil Electron Microscopy,Univ Utrecht,Shandong Univ"
10.1103/PhysRevA.110.032612,"Univ Colorado,Univ Calif Santa Barbara,Harvard Smithsonian Ctr Astrophys,Harvard Univ,Delft Univ Technol"
10.1063/5.0177200,"Czech Acad Sci,Brno Univ Technol,Vilnius Univ"
10.1021/acs.jpclett.4c00294,"NYU Abu Dhabi,Dartmouth Coll,Univ Calif Santa Barbara"
10.1063/1.5048949,"Natl Isotope Ctr,Victoria Univ"
10.1021/acsnano.3c00191,"Univ Penn,Bilkent Univ,Univ Iowa,Eindhoven Univ Technol"
10.1038/s41467-021-23471-8,"Univ Sci & Technol China,Budapest Univ Technol & Econ,Wigner Res Ctr Phys"
10.3390/molecules29133033,"Harbin Inst Technol,Kazan Fed Univ,Sorbonne Univ,ISM CNR,IM Sechenov First Moscow State Med Univ"
10.1103/PhysRevB.99.205306,"UNSW Sydney,Keio Univ,Univ Melbourne,Univ Wisconsin,Univ Chinese Acad Sci"
10.1039/d4dt01290a,"Univ Fed Minas Gerais,Univ Fed Goias,Univ Brasilia,Ctr Fed Educ Tecnol Minas Gerais,Univ Estado Rio de Janeiro,BioSmart Nanotechnol LTDA,Univ Sao Paulo,Univ Fed Sergipe,Univ Fed Fluminense,Univ Estadual Campinas"
10.1007/s11467-009-0067-x,"Univ Dortmund,Univ Sci & Technol China"
10.1103/PhysRevX.7.031010,"Univ Basel,Univ Sao Paulo,Univ Calif Santa Barbara,Univ Chicago,Qufu Normal Univ,Naval Res Lab"
10.1039/c2cp40778g,"Osaka City Univ,Japan Sci & Technol Agcy JST,Osaka Univ"
10.1080/00268976.2013.811304,"Osaka City Univ,Osaka Univ"