DOI,quantum dot,gate,field,entanglement,electron,noise,state,interaction,couple,valley,exchange,decoherence,control,donor,charge,silicon,hole,dot,coherence,relaxation,photon,device,temperature,dynamic,measurement,resonance,frequency,phase,semiconductor,information,singlet,fidelity,scheme,bath,pulse,triplet,diamond,transition,orbit,order
10.1103/PhysRevB.82.155315,0.79,1.0,0.0,0.0,0.53,0.0,1.61,0.0,0.0,0.0,0.0,0.0,0.0,21.55,1.6,0.0,0.0,0.0,0.0,0.0,0.0,0.0,0.0,0.0,0.0,0.0,0.0,0.0,0.0,1.52,0.0,0.0,1.88,0.0,0.0,0.0,0.0,0.0,0.0,0.0
10.1021/ja102030w,0.0,0.0,0.96,0.0,1.59,0.0,0.54,0.0,0.0,0.0,0.0,0.0,0.0,0.0,0.0,0.0,0.0,0.0,0.0,0.0,0.0,0.0,2.14,0.0,0.0,0.0,0.0,0.0,0.0,1.52,0.0,0.0,0.0,0.0,0.0,0.0,0.0,0.0,0.0,0.0
10.1021/nl101662v,0.0,0.0,0.0,0.0,0.53,0.0,0.0,0.0,2.34,0.0,0.0,0.0,0.0,0.0,0.0,0.0,0.0,0.0,0.0,0.0,2.36,0.0,0.0,0.0,0.0,0.0,0.0,0.0,0.0,0.0,0.0,0.0,0.0,0.0,0.0,0.0,2.14,0.0,0.0,0.0
10.1103/PhysRevB.81.144519,1.57,2.0,0.0,0.0,1.06,0.0,0.0,1.13,0.0,0.0,0.0,0.0,0.0,0.0,0.0,0.0,0.0,0.0,0.0,0.0,0.0,0.0,0.0,0.0,0.0,0.0,0.0,2.36,1.72,0.0,0.0,0.0,0.0,0.0,0.0,0.0,0.0,0.0,2.22,1.68
10.1088/0953-4075/43/13/135502,0.0,0.0,0.0,0.0,0.0,0.0,3.22,0.0,0.0,0.0,0.0,7.07,0.0,0.0,0.0,0.0,0.0,0.0,0.0,0.0,0.0,0.0,0.0,0.0,4.89,0.0,0.0,0.0,0.0,0.0,0.0,1.86,1.88,0.0,0.0,0.0,0.0,0.0,0.0,1.68
10.1103/PhysRevB.81.045304,0.79,2.0,0.0,0.0,0.0,0.0,0.54,0.0,2.34,0.0,0.0,4.24,1.41,0.0,6.38,0.0,0.0,4.84,0.0,0.0,0.0,0.0,0.0,0.0,0.0,0.0,0.0,0.0,0.0,0.0,0.0,0.0,0.0,0.0,0.0,0.0,0.0,0.0,0.0,1.68
10.1103/PhysRevB.81.085313,3.14,0.0,0.0,0.0,0.0,1.86,1.07,1.13,2.34,0.0,10.4,0.0,0.0,0.0,3.19,1.76,0.0,4.84,1.6,0.0,0.0,0.0,0.0,0.0,0.0,0.0,0.0,0.0,0.0,0.0,2.08,0.0,5.65,0.0,0.0,0.0,0.0,0.0,0.0,0.0
10.1134/S0021364010120131,0.0,1.0,5.78,0.0,0.0,0.0,0.0,0.0,0.0,0.0,0.0,0.0,0.0,0.0,0.0,0.0,0.0,0.0,0.0,0.0,0.0,0.0,0.0,0.0,0.0,1.63,7.72,2.36,0.0,0.0,0.0,0.0,0.0,0.0,0.0,0.0,0.0,2.16,0.0,1.68
10.1103/PhysRevB.82.241401,2.36,0.0,0.0,0.0,0.0,0.0,0.0,0.0,1.17,0.0,0.0,0.0,0.0,0.0,0.0,0.0,0.0,0.0,0.0,0.0,0.0,0.0,0.0,0.0,0.0,0.0,0.0,0.0,0.0,0.0,0.0,0.0,0.0,0.0,0.0,0.0,0.0,0.0,0.0,0.0
10.1103/PhysRevLett.105.216803,0.79,0.0,0.0,0.0,1.06,0.0,1.07,0.0,0.0,0.0,0.0,1.41,1.41,0.0,0.0,0.0,0.0,1.61,1.6,0.0,0.0,0.0,0.0,0.0,1.63,0.0,0.0,0.0,0.0,0.0,0.0,0.0,0.0,12.36,0.0,0.0,0.0,0.0,0.0,0.0
10.1088/0253-6102/53/6/07,0.0,0.0,3.85,9.31,0.0,0.0,1.61,0.0,0.0,0.0,0.0,0.0,0.0,0.0,0.0,0.0,0.0,0.0,0.0,0.0,0.0,0.0,0.0,0.0,0.0,0.0,0.0,2.36,0.0,0.0,0.0,0.0,0.0,0.0,0.0,0.0,0.0,0.0,0.0,0.0
10.1103/PhysRevB.81.235324,1.57,0.0,0.96,3.72,1.06,0.0,0.0,0.0,4.67,0.0,2.08,1.41,0.0,0.0,0.0,0.0,0.0,0.0,0.0,0.0,0.0,0.0,0.0,7.28,0.0,0.0,0.0,0.0,0.0,0.0,0.0,0.0,0.0,0.0,0.0,0.0,0.0,0.0,0.0,0.0
10.1103/PhysRevB.82.075403,0.79,3.0,0.0,0.0,0.53,1.86,0.54,2.25,0.0,0.0,8.32,1.41,2.83,0.0,1.6,0.0,0.0,0.0,0.0,0.0,0.0,0.0,0.0,0.0,0.0,0.0,0.0,0.0,0.0,0.0,0.0,0.0,0.0,0.0,0.0,0.0,0.0,0.0,0.0,0.0
10.1103/PhysRevA.82.013601,0.0,0.0,0.0,0.0,0.0,0.0,0.54,5.63,0.0,0.0,2.08,0.0,0.0,0.0,1.6,0.0,0.0,0.0,0.0,0.0,2.36,0.0,0.0,1.82,0.0,0.0,0.0,2.36,0.0,0.0,0.0,0.0,1.88,0.0,0.0,0.0,0.0,0.0,0.0,6.73
10.1016/j.jlumin.2009.12.004,0.0,1.0,1.93,0.0,0.0,0.0,0.0,0.0,2.34,0.0,0.0,0.0,1.41,0.0,0.0,0.0,0.0,0.0,0.0,0.0,7.07,0.0,0.0,0.0,0.0,0.0,0.0,0.0,0.0,1.52,0.0,0.0,0.0,0.0,0.0,0.0,4.27,0.0,0.0,0.0
10.1016/j.ijleo.2009.03.006,0.0,0.0,0.96,1.86,0.0,0.0,0.54,0.0,0.0,0.0,0.0,0.0,0.0,0.0,0.0,0.0,0.0,0.0,0.0,0.0,2.36,0.0,0.0,0.0,0.0,0.0,0.0,0.0,0.0,0.0,0.0,0.0,0.0,0.0,0.0,0.0,0.0,0.0,0.0,0.0
10.1103/PhysRevA.81.044305,0.79,1.0,0.0,0.0,1.06,0.0,0.54,1.13,1.17,0.0,0.0,2.83,0.0,0.0,0.0,0.0,0.0,0.0,0.0,0.0,0.0,0.0,0.0,0.0,0.0,0.0,0.0,0.0,0.0,0.0,0.0,0.0,1.88,2.47,0.0,0.0,0.0,0.0,0.0,0.0
10.1016/j.chemphys.2010.03.003,0.0,0.0,0.0,0.0,0.0,0.0,0.54,0.0,0.0,0.0,0.0,0.0,0.0,0.0,0.0,0.0,0.0,0.0,0.0,0.0,0.0,0.0,0.0,1.82,0.0,0.0,0.0,0.0,0.0,0.0,0.0,0.0,0.0,0.0,6.24,0.0,4.27,0.0,0.0,0.0
10.1063/1.3518919,3.93,0.0,1.93,0.0,0.53,0.0,0.54,0.0,0.0,0.0,0.0,0.0,0.0,0.0,1.6,0.0,0.0,0.0,0.0,0.0,0.0,3.68,0.0,0.0,0.0,0.0,0.0,0.0,0.0,0.0,0.0,0.0,0.0,0.0,0.0,0.0,0.0,0.0,0.0,0.0
10.1166/jctn.2010.1536,3.14,0.0,1.93,0.0,0.0,0.0,1.07,0.0,0.0,0.0,0.0,0.0,0.0,0.0,0.0,0.0,0.0,1.61,0.0,0.0,0.0,0.0,0.0,0.0,0.0,0.0,0.0,0.0,1.72,0.0,0.0,0.0,0.0,0.0,0.0,0.0,0.0,0.0,0.0,0.0
10.1103/PhysRevB.82.115445,1.57,0.0,0.0,0.0,0.53,0.0,2.15,1.13,1.17,0.0,0.0,0.0,2.83,0.0,0.0,0.0,0.0,0.0,1.6,0.0,0.0,0.0,0.0,0.0,0.0,0.0,0.0,0.0,0.0,0.0,4.16,0.0,0.0,4.94,0.0,2.19,0.0,0.0,0.0,0.0
10.1103/PhysRevB.82.075304,2.36,0.0,0.0,0.0,0.53,0.0,0.0,0.0,0.0,0.0,0.0,0.0,0.0,0.0,0.0,0.0,0.0,1.61,0.0,0.0,0.0,0.0,0.0,0.0,0.0,0.0,0.0,0.0,0.0,0.0,0.0,0.0,0.0,0.0,0.0,0.0,0.0,0.0,0.0,0.0
10.1088/1367-2630/12/11/113019,1.57,2.0,0.0,0.0,1.06,1.86,0.0,0.0,0.0,0.0,0.0,0.0,0.0,0.0,3.19,1.76,0.0,0.0,0.0,0.0,0.0,1.84,0.0,0.0,1.63,0.0,0.0,0.0,0.0,0.0,0.0,0.0,0.0,0.0,0.0,0.0,0.0,0.0,0.0,0.0
10.1103/PhysRevA.82.052339,0.0,0.0,0.0,0.0,0.0,0.0,1.61,0.0,0.0,0.0,0.0,0.0,0.0,0.0,0.0,0.0,0.0,0.0,0.0,0.0,0.0,0.0,0.0,0.0,0.0,0.0,0.0,0.0,0.0,0.0,0.0,0.0,0.0,0.0,0.0,0.0,0.0,0.0,0.0,0.0
10.1103/PhysRevB.82.155312,3.93,0.0,1.93,0.0,0.53,0.0,1.07,2.25,4.67,19.22,2.08,0.0,0.0,0.0,0.0,1.76,0.0,8.06,1.6,0.0,0.0,0.0,0.0,0.0,0.0,0.0,0.0,0.0,0.0,0.0,6.24,0.0,0.0,0.0,0.0,6.58,0.0,0.0,6.67,0.0
10.1155/2010/342915,0.79,0.0,0.0,18.62,0.0,0.0,0.0,3.38,0.0,0.0,0.0,4.24,0.0,0.0,0.0,0.0,2.69,0.0,0.0,0.0,4.72,0.0,0.0,7.28,0.0,0.0,0.0,0.0,1.72,0.0,0.0,0.0,0.0,0.0,0.0,0.0,0.0,0.0,0.0,0.0
10.1103/PhysRevA.82.062120,0.0,0.0,2.89,5.59,0.0,0.0,0.54,0.0,1.17,0.0,0.0,0.0,1.41,0.0,0.0,0.0,0.0,0.0,4.79,0.0,0.0,0.0,0.0,0.0,0.0,0.0,0.0,0.0,0.0,0.0,0.0,0.0,1.88,4.94,14.56,0.0,0.0,0.0,0.0,0.0
10.1103/PhysRevLett.105.266603,2.36,0.0,0.0,0.0,0.0,0.0,0.0,1.13,0.0,0.0,0.0,2.83,0.0,0.0,0.0,0.0,13.47,0.0,0.0,0.0,0.0,0.0,0.0,1.82,0.0,0.0,0.0,0.0,1.72,0.0,0.0,0.0,0.0,2.47,0.0,0.0,0.0,0.0,0.0,1.68
10.1103/PhysRevB.82.165320,0.79,0.0,0.0,0.0,0.0,0.0,1.07,0.0,0.0,0.0,0.0,0.0,0.0,0.0,0.0,0.0,0.0,0.0,0.0,0.0,0.0,0.0,6.41,1.82,0.0,0.0,0.0,0.0,0.0,0.0,0.0,0.0,0.0,0.0,0.0,0.0,0.0,0.0,0.0,0.0
10.1103/PhysRevB.81.115324,1.57,0.0,1.93,0.0,0.53,0.0,2.69,0.0,3.51,19.22,0.0,1.41,0.0,0.0,0.0,1.76,0.0,3.23,0.0,0.0,0.0,0.0,0.0,0.0,0.0,0.0,0.0,0.0,0.0,0.0,0.0,0.0,0.0,0.0,0.0,0.0,0.0,0.0,4.45,0.0
10.1038/ncomms1034,0.79,0.0,0.0,0.0,1.06,0.0,0.54,0.0,2.34,0.0,0.0,0.0,0.0,0.0,0.0,0.0,0.0,0.0,0.0,0.0,0.0,1.84,4.27,0.0,0.0,0.0,0.0,0.0,0.0,0.0,0.0,0.0,0.0,0.0,0.0,0.0,0.0,0.0,0.0,0.0
10.1038/NPHYS1679,0.0,0.0,0.96,0.0,0.0,0.0,0.0,2.25,1.17,0.0,0.0,0.0,0.0,0.0,0.0,0.0,0.0,0.0,0.0,0.0,0.0,0.0,0.0,0.0,0.0,0.0,0.0,0.0,0.0,0.0,0.0,0.0,0.0,0.0,0.0,0.0,0.0,0.0,0.0,0.0
10.1103/PhysRevA.81.044304,0.0,0.0,0.0,3.72,0.0,0.0,0.0,6.76,2.34,0.0,0.0,0.0,0.0,0.0,0.0,0.0,0.0,0.0,0.0,0.0,0.0,0.0,0.0,0.0,0.0,0.0,0.0,0.0,0.0,0.0,0.0,0.0,0.0,0.0,0.0,0.0,0.0,0.0,0.0,0.0
10.1393/ncr/i2010-10056-y,0.79,0.0,0.0,0.0,1.06,0.0,0.54,0.0,0.0,0.0,0.0,1.41,0.0,0.0,0.0,0.0,0.0,0.0,0.0,0.0,0.0,0.0,0.0,0.0,1.63,0.0,0.0,0.0,0.0,0.0,0.0,0.0,0.0,0.0,0.0,0.0,0.0,0.0,0.0,0.0
10.1103/PhysRevB.82.045311,3.14,0.0,1.93,0.0,1.06,0.0,0.0,1.13,4.67,0.0,8.32,0.0,0.0,0.0,0.0,0.0,0.0,4.84,0.0,0.0,0.0,0.0,0.0,0.0,0.0,0.0,0.0,0.0,0.0,0.0,0.0,0.0,0.0,0.0,0.0,0.0,0.0,0.0,6.67,0.0
10.1142/S0219749910006435,0.0,4.0,0.0,1.86,0.0,0.0,0.54,0.0,0.0,0.0,0.0,0.0,0.0,0.0,0.0,0.0,0.0,0.0,0.0,0.0,4.72,0.0,0.0,0.0,0.0,0.0,0.0,0.0,5.16,0.0,0.0,0.0,0.0,0.0,2.08,0.0,0.0,0.0,0.0,0.0
10.1103/PhysRevB.81.161305,2.36,0.0,0.96,0.0,1.06,0.0,1.61,0.0,0.0,0.0,0.0,0.0,0.0,0.0,1.6,0.0,0.0,1.61,0.0,0.0,0.0,0.0,0.0,0.0,4.89,1.63,0.0,0.0,0.0,0.0,2.08,0.0,3.77,0.0,0.0,2.19,0.0,0.0,0.0,1.68
10.1016/j.physe.2009.12.041,0.0,0.0,0.0,7.45,0.0,0.0,1.07,4.5,3.51,0.0,0.0,0.0,0.0,0.0,0.0,0.0,0.0,0.0,0.0,0.0,0.0,0.0,0.0,1.82,0.0,0.0,0.0,0.0,0.0,0.0,0.0,0.0,0.0,0.0,0.0,0.0,0.0,0.0,0.0,0.0
10.1103/PhysRevB.81.121306,2.36,0.0,2.89,0.0,1.06,0.0,0.54,0.0,0.0,0.0,0.0,0.0,1.41,0.0,0.0,0.0,0.0,0.0,0.0,0.0,0.0,0.0,0.0,0.0,0.0,1.63,1.93,0.0,0.0,0.0,0.0,0.0,0.0,0.0,0.0,0.0,0.0,0.0,0.0,0.0
10.1088/1367-2630/12/9/093028,0.0,0.0,0.0,0.0,0.0,0.0,0.54,0.0,0.0,0.0,0.0,1.41,0.0,4.79,1.6,5.28,0.0,0.0,0.0,0.0,0.0,1.84,0.0,0.0,3.26,0.0,0.0,0.0,0.0,0.0,0.0,0.0,1.88,0.0,0.0,0.0,0.0,0.0,0.0,0.0
10.1103/PhysRevB.82.245314,0.0,0.0,0.0,0.0,0.0,0.0,2.15,0.0,0.0,10.98,0.0,0.0,0.0,0.0,0.0,1.76,0.0,0.0,0.0,0.0,0.0,0.0,0.0,0.0,0.0,0.0,0.0,0.0,0.0,0.0,0.0,0.0,0.0,0.0,0.0,0.0,0.0,0.0,0.0,0.0
10.1140/epjd/e2010-00065-0,0.0,0.0,1.93,5.59,0.0,0.0,0.54,1.13,1.17,0.0,0.0,0.0,0.0,0.0,0.0,0.0,0.0,0.0,0.0,0.0,0.0,0.0,2.14,5.46,0.0,0.0,0.0,0.0,0.0,0.0,0.0,0.0,0.0,7.41,0.0,0.0,0.0,0.0,0.0,0.0
10.1103/PhysRevB.82.195305,1.57,1.0,2.89,0.0,0.0,0.0,0.0,2.25,0.0,0.0,0.0,0.0,0.0,0.0,0.0,0.0,0.0,0.0,0.0,2.47,0.0,0.0,0.0,0.0,0.0,0.0,0.0,0.0,0.0,0.0,0.0,0.0,0.0,0.0,0.0,0.0,0.0,0.0,2.22,0.0
10.1103/PhysRevA.81.020305,0.0,0.0,0.0,0.0,1.06,0.0,1.61,0.0,0.0,0.0,0.0,0.0,2.83,0.0,0.0,0.0,0.0,1.61,0.0,0.0,0.0,0.0,0.0,0.0,0.0,0.0,0.0,0.0,0.0,0.0,0.0,0.0,0.0,0.0,4.16,0.0,0.0,0.0,0.0,0.0
10.1103/PhysRevA.81.014302,0.0,0.0,0.0,7.45,0.0,0.0,0.0,2.25,0.0,0.0,0.0,0.0,0.0,0.0,0.0,0.0,0.0,0.0,0.0,0.0,0.0,0.0,0.0,5.46,0.0,0.0,1.93,0.0,0.0,0.0,0.0,0.0,0.0,0.0,0.0,0.0,0.0,0.0,0.0,0.0
10.1103/PhysRevLett.105.257402,3.14,0.0,0.0,0.0,1.06,0.0,0.0,4.5,0.0,0.0,0.0,1.41,0.0,0.0,0.0,0.0,10.78,0.0,0.0,0.0,0.0,0.0,0.0,0.0,1.63,4.89,1.93,0.0,0.0,1.52,0.0,0.0,0.0,0.0,0.0,0.0,0.0,4.33,0.0,0.0
10.1021/nl9037399,3.93,0.0,0.0,0.0,0.53,0.0,1.07,1.13,0.0,0.0,2.08,0.0,0.0,0.0,0.0,0.0,0.0,0.0,1.6,0.0,0.0,0.0,0.0,1.82,0.0,0.0,0.0,0.0,5.16,1.52,0.0,0.0,0.0,0.0,0.0,0.0,2.14,2.16,0.0,1.68
10.1103/PhysRevB.82.125437,1.57,0.0,0.96,0.0,2.13,0.0,2.15,3.38,1.17,5.49,0.0,0.0,0.0,0.0,0.0,0.0,0.0,8.06,0.0,0.0,0.0,0.0,0.0,0.0,0.0,0.0,0.0,0.0,0.0,1.52,2.08,0.0,0.0,0.0,0.0,0.0,0.0,2.16,2.22,0.0
10.1103/PhysRevB.82.245306,1.57,3.0,1.93,0.0,3.72,0.0,2.15,1.13,0.0,0.0,0.0,0.0,0.0,0.0,3.19,0.0,0.0,0.0,0.0,0.0,0.0,0.0,0.0,0.0,1.63,0.0,0.0,0.0,0.0,0.0,2.08,0.0,0.0,0.0,0.0,0.0,0.0,2.16,0.0,0.0
10.1088/1367-2630/12/6/065016,0.0,0.0,0.0,0.0,0.53,0.0,1.07,0.0,0.0,0.0,0.0,0.0,0.0,2.39,1.6,3.52,0.0,0.0,0.0,0.0,0.0,16.56,0.0,0.0,0.0,0.0,0.0,0.0,0.0,0.0,0.0,0.0,0.0,0.0,0.0,0.0,0.0,0.0,0.0,0.0
10.1038/nature09150,0.0,1.0,0.96,0.0,0.0,0.0,0.54,5.63,2.34,0.0,0.0,0.0,1.41,0.0,0.0,0.0,0.0,0.0,0.0,0.0,0.0,3.68,0.0,0.0,0.0,1.63,1.93,0.0,6.88,1.52,0.0,0.0,1.88,0.0,0.0,0.0,0.0,2.16,0.0,0.0
10.1007/s11467-009-0067-x,0.0,0.0,0.0,1.86,0.0,0.0,2.69,2.25,0.0,0.0,0.0,0.0,0.0,0.0,0.0,0.0,0.0,0.0,0.0,0.0,0.0,0.0,0.0,1.82,0.0,3.26,0.0,0.0,0.0,9.1,0.0,0.0,0.0,0.0,0.0,0.0,0.0,0.0,0.0,0.0
10.1021/jz101650z,0.0,0.0,0.96,0.0,1.06,0.0,0.0,0.0,0.0,0.0,0.0,0.0,0.0,0.0,0.0,0.0,0.0,0.0,0.0,0.0,0.0,0.0,0.0,0.0,0.0,0.0,0.0,0.0,0.0,1.52,0.0,0.0,0.0,0.0,0.0,0.0,0.0,0.0,0.0,0.0
10.1038/NPHYS1863,2.36,2.0,0.0,3.72,1.06,0.0,0.54,2.25,0.0,0.0,0.0,0.0,5.65,0.0,0.0,0.0,0.0,3.23,0.0,0.0,0.0,0.0,0.0,0.0,0.0,0.0,0.0,0.0,1.72,3.03,0.0,0.0,0.0,0.0,0.0,0.0,0.0,0.0,0.0,1.68
10.1063/1.3543841,2.36,0.0,0.96,0.0,1.06,0.0,0.0,0.0,0.0,0.0,0.0,0.0,0.0,0.0,0.0,0.0,0.0,0.0,0.0,0.0,0.0,0.0,0.0,0.0,0.0,0.0,0.0,0.0,1.72,0.0,0.0,0.0,0.0,0.0,0.0,0.0,0.0,0.0,0.0,0.0
10.1088/0256-307X/28/7/070305,1.57,1.0,0.0,0.0,0.53,1.86,0.54,0.0,0.0,0.0,0.0,0.0,0.0,0.0,1.6,0.0,0.0,0.0,0.0,0.0,0.0,0.0,0.0,0.0,0.0,0.0,0.0,0.0,0.0,0.0,4.16,1.86,1.88,0.0,0.0,4.39,0.0,2.16,0.0,0.0
10.1103/PhysRevB.84.033301,0.79,0.0,0.0,5.59,2.13,0.0,1.07,0.0,1.17,0.0,0.0,1.41,0.0,0.0,1.6,0.0,0.0,0.0,0.0,0.0,0.0,0.0,0.0,0.0,0.0,0.0,0.0,0.0,0.0,0.0,2.08,0.0,1.88,2.47,0.0,0.0,0.0,0.0,0.0,0.0
10.1103/PhysRevLett.107.030506,1.57,5.99,0.0,0.0,1.06,0.0,0.54,0.0,1.17,0.0,0.0,0.0,0.0,0.0,1.6,0.0,0.0,1.61,0.0,0.0,0.0,1.84,0.0,0.0,0.0,0.0,0.0,0.0,0.0,0.0,4.16,0.0,0.0,0.0,0.0,4.39,0.0,0.0,0.0,0.0
10.1103/PhysRevLett.107.210502,0.79,0.0,0.0,3.72,1.06,0.0,1.07,0.0,0.0,0.0,0.0,0.0,1.41,0.0,0.0,0.0,0.0,0.0,0.0,0.0,0.0,0.0,0.0,0.0,0.0,0.0,0.0,0.0,0.0,4.55,0.0,0.0,0.0,0.0,0.0,0.0,0.0,0.0,0.0,0.0
10.1103/PhysRevB.84.155329,1.57,2.0,0.0,0.0,0.0,0.0,0.54,0.0,1.17,0.0,2.08,0.0,0.0,0.0,3.19,0.0,0.0,1.61,0.0,0.0,0.0,0.0,0.0,0.0,0.0,0.0,0.0,0.0,0.0,0.0,2.08,0.0,0.0,0.0,0.0,2.19,0.0,0.0,0.0,0.0
10.1103/PhysRevLett.107.197602,0.0,0.0,0.0,0.0,0.0,0.0,1.07,1.13,0.0,0.0,0.0,0.0,0.0,2.39,0.0,0.0,0.0,0.0,1.6,0.0,0.0,0.0,0.0,0.0,0.0,1.63,0.0,0.0,1.72,0.0,0.0,0.0,0.0,0.0,0.0,0.0,0.0,0.0,0.0,0.0
10.1088/0031-8949/84/04/045002,1.57,1.0,0.0,0.0,0.0,0.0,0.0,0.0,1.17,0.0,0.0,0.0,1.41,0.0,0.0,0.0,0.0,0.0,0.0,0.0,0.0,0.0,0.0,0.0,1.63,0.0,0.0,0.0,0.0,0.0,2.08,0.0,0.0,0.0,0.0,2.19,0.0,0.0,0.0,0.0
10.1103/PhysRevB.83.235316,0.0,0.0,0.0,0.0,0.53,9.31,1.07,0.0,0.0,0.0,0.0,1.41,0.0,0.0,0.0,0.0,0.0,0.0,4.79,0.0,0.0,0.0,0.0,3.64,1.63,0.0,3.86,0.0,0.0,0.0,2.08,0.0,0.0,0.0,0.0,2.19,0.0,0.0,0.0,1.68
10.1038/nature10401,0.0,0.0,0.0,3.72,0.0,0.0,2.69,0.0,0.0,0.0,0.0,0.0,1.41,0.0,0.0,0.0,0.0,0.0,0.0,0.0,0.0,0.0,2.14,0.0,3.26,0.0,0.0,0.0,0.0,3.03,0.0,3.72,0.0,0.0,0.0,0.0,2.14,0.0,0.0,0.0
10.1103/PhysRevLett.106.040505,0.0,0.0,0.0,0.0,0.0,0.0,1.07,0.0,3.51,0.0,0.0,1.41,1.41,0.0,0.0,0.0,0.0,0.0,0.0,0.0,0.0,0.0,4.27,0.0,0.0,0.0,0.0,0.0,0.0,1.52,0.0,0.0,0.0,0.0,0.0,0.0,0.0,0.0,0.0,0.0
10.1109/TED.2010.2089988,0.0,2.0,0.96,0.0,2.66,0.0,0.54,0.0,0.0,0.0,0.0,0.0,1.41,2.39,0.0,3.52,0.0,0.0,0.0,0.0,0.0,0.0,0.0,0.0,0.0,6.52,7.72,0.0,0.0,0.0,0.0,0.0,0.0,0.0,0.0,0.0,0.0,0.0,0.0,1.68
10.1088/0031-8949/84/06/065010,0.0,0.0,0.96,7.45,1.59,1.86,1.61,1.13,0.0,0.0,0.0,0.0,0.0,0.0,0.0,0.0,0.0,4.84,0.0,4.94,0.0,0.0,0.0,5.46,0.0,0.0,0.0,0.0,0.0,0.0,0.0,0.0,0.0,0.0,0.0,0.0,0.0,0.0,0.0,0.0
10.1103/PhysRevB.84.235309,2.36,0.0,0.0,0.0,2.66,1.86,0.0,0.0,0.0,0.0,0.0,0.0,0.0,0.0,0.0,0.0,0.0,3.23,0.0,0.0,0.0,0.0,0.0,0.0,0.0,0.0,0.0,0.0,1.72,0.0,6.24,0.0,0.0,0.0,0.0,6.58,0.0,0.0,0.0,1.68
10.1103/PhysRevB.83.121403,2.36,5.99,1.93,0.0,0.0,0.0,0.0,1.13,0.0,0.0,2.08,0.0,0.0,0.0,1.6,0.0,0.0,0.0,0.0,0.0,0.0,0.0,0.0,0.0,0.0,0.0,0.0,9.43,1.72,1.52,0.0,1.86,0.0,0.0,0.0,0.0,0.0,0.0,0.0,0.0
10.1088/1674-1056/20/10/100310,2.36,1.0,0.0,1.86,0.53,0.0,1.07,0.0,0.0,0.0,0.0,5.65,0.0,0.0,1.6,0.0,0.0,0.0,0.0,0.0,0.0,0.0,0.0,0.0,1.63,0.0,0.0,0.0,0.0,0.0,4.16,0.0,0.0,0.0,0.0,4.39,0.0,0.0,0.0,0.0
10.1038/ncomms1378,0.0,2.0,0.0,1.86,0.0,0.0,0.54,0.0,10.52,0.0,0.0,0.0,0.0,0.0,0.0,0.0,0.0,0.0,0.0,0.0,0.0,0.0,0.0,0.0,0.0,1.63,0.0,0.0,5.16,0.0,0.0,0.0,0.0,0.0,0.0,0.0,0.0,0.0,0.0,0.0
10.1088/0953-8984/23/11/115302,0.0,0.0,0.0,0.0,0.53,0.0,0.0,1.13,0.0,0.0,0.0,0.0,0.0,0.0,0.0,0.0,0.0,3.23,0.0,7.41,0.0,0.0,0.0,0.0,0.0,0.0,0.0,0.0,3.44,0.0,0.0,0.0,0.0,0.0,0.0,0.0,0.0,0.0,2.22,0.0
10.1103/PhysRevA.84.012315,1.57,5.0,0.0,0.0,0.53,1.86,0.0,0.0,2.34,0.0,0.0,0.0,0.0,0.0,0.0,0.0,0.0,1.61,0.0,0.0,0.0,0.0,0.0,0.0,0.0,0.0,0.0,0.0,0.0,0.0,0.0,0.0,0.0,0.0,4.16,0.0,0.0,0.0,0.0,0.0
10.1016/j.physleta.2010.12.048,0.0,0.0,0.96,0.0,1.06,0.0,1.07,0.0,0.0,5.49,0.0,0.0,2.83,4.79,0.0,0.0,0.0,0.0,0.0,0.0,0.0,0.0,0.0,0.0,0.0,0.0,0.0,0.0,0.0,0.0,0.0,0.0,0.0,0.0,0.0,0.0,0.0,0.0,0.0,0.0
10.1103/PhysRevLett.106.180503,1.57,1.0,0.96,0.0,0.0,0.0,0.54,2.25,3.51,0.0,6.24,0.0,0.0,0.0,0.0,0.0,0.0,1.61,0.0,0.0,0.0,0.0,0.0,0.0,0.0,0.0,0.0,0.0,0.0,0.0,0.0,0.0,1.88,0.0,0.0,0.0,0.0,0.0,0.0,0.0
10.1103/PhysRevLett.107.266803,0.0,0.0,0.96,0.0,2.13,0.0,0.0,0.0,0.0,0.0,0.0,0.0,0.0,0.0,1.6,1.76,0.0,0.0,0.0,0.0,0.0,1.84,0.0,0.0,0.0,0.0,0.0,0.0,0.0,0.0,0.0,0.0,0.0,0.0,0.0,0.0,0.0,0.0,0.0,0.0
10.1088/0268-1242/26/5/055004,2.36,5.0,0.0,0.0,1.06,0.0,0.0,0.0,0.0,0.0,0.0,0.0,0.0,0.0,0.0,0.0,0.0,0.0,0.0,0.0,0.0,1.84,0.0,0.0,0.0,0.0,0.0,0.0,0.0,0.0,0.0,0.0,0.0,0.0,0.0,0.0,0.0,0.0,0.0,0.0
10.1021/nl2025079,2.36,0.0,0.0,0.0,2.66,0.0,0.54,0.0,0.0,0.0,0.0,0.0,1.41,9.58,4.79,1.76,0.0,0.0,0.0,2.47,0.0,1.84,0.0,0.0,0.0,0.0,0.0,0.0,0.0,0.0,0.0,0.0,0.0,0.0,0.0,0.0,0.0,2.16,0.0,1.68
10.1103/PhysRevLett.106.156804,0.79,1.0,0.0,0.0,1.06,0.0,1.07,0.0,0.0,0.0,0.0,0.0,0.0,0.0,0.0,3.52,0.0,1.61,0.0,2.47,0.0,0.0,0.0,0.0,0.0,0.0,0.0,0.0,0.0,0.0,0.0,0.0,0.0,0.0,0.0,0.0,0.0,0.0,0.0,1.68
10.1038/ncomms1581,0.0,2.0,0.0,0.0,0.53,3.72,0.0,0.0,0.0,0.0,0.0,1.41,0.0,0.0,0.0,1.76,0.0,0.0,0.0,0.0,0.0,1.84,10.68,1.82,0.0,4.89,0.0,0.0,0.0,0.0,0.0,0.0,0.0,0.0,0.0,0.0,0.0,0.0,0.0,0.0
10.1103/PhysRevLett.106.110504,0.0,0.0,0.0,0.0,3.19,0.0,1.07,2.25,1.17,0.0,0.0,1.41,0.0,0.0,0.0,0.0,0.0,0.0,3.19,0.0,0.0,0.0,0.0,0.0,0.0,0.0,1.93,0.0,0.0,0.0,0.0,1.86,1.88,0.0,2.08,0.0,0.0,0.0,0.0,1.68
10.1140/epjb/e2011-20072-7,0.79,0.0,0.0,1.86,0.0,0.0,2.69,0.0,3.51,0.0,0.0,0.0,0.0,0.0,0.0,0.0,0.0,1.61,0.0,0.0,0.0,0.0,0.0,3.64,0.0,0.0,0.0,0.0,0.0,0.0,0.0,0.0,1.88,0.0,0.0,0.0,0.0,0.0,0.0,0.0
10.1103/PhysRevB.83.235322,0.79,1.0,0.96,0.0,2.13,0.0,1.07,1.13,2.34,0.0,2.08,0.0,0.0,0.0,3.19,0.0,0.0,12.9,0.0,0.0,0.0,0.0,0.0,0.0,0.0,0.0,0.0,0.0,1.72,0.0,8.32,0.0,0.0,0.0,0.0,4.39,0.0,2.16,0.0,0.0
10.1038/nnano.2010.252,3.93,1.0,0.0,0.0,1.06,0.0,0.0,0.0,1.17,0.0,0.0,0.0,0.0,0.0,0.0,0.0,0.0,0.0,3.19,0.0,0.0,0.0,0.0,1.82,0.0,1.63,3.86,0.0,0.0,0.0,0.0,0.0,0.0,0.0,0.0,0.0,0.0,0.0,0.0,0.0
10.1103/PhysRevA.84.032337,0.0,0.0,0.0,1.86,0.0,0.0,3.76,0.0,0.0,0.0,0.0,1.41,0.0,0.0,0.0,0.0,0.0,0.0,0.0,0.0,0.0,0.0,0.0,0.0,0.0,0.0,0.0,0.0,0.0,0.0,0.0,1.86,5.65,0.0,0.0,0.0,0.0,0.0,0.0,0.0
10.1103/PhysRevLett.107.117203,0.0,1.0,0.0,0.0,0.0,0.0,0.0,0.0,0.0,0.0,0.0,0.0,0.0,0.0,0.0,0.0,0.0,0.0,0.0,0.0,0.0,0.0,0.0,0.0,0.0,1.63,0.0,0.0,0.0,0.0,0.0,0.0,0.0,0.0,0.0,0.0,0.0,2.16,0.0,0.0
10.1103/PhysRevLett.106.240501,0.0,0.0,0.0,0.0,0.0,0.0,0.54,0.0,0.0,0.0,0.0,0.0,1.41,0.0,0.0,0.0,0.0,0.0,0.0,0.0,0.0,0.0,0.0,0.0,0.0,0.0,0.0,0.0,0.0,1.52,0.0,0.0,0.0,0.0,2.08,0.0,0.0,0.0,0.0,0.0
10.1088/0957-4484/22/33/335704,2.36,0.0,0.96,0.0,1.06,0.0,1.61,0.0,0.0,8.24,0.0,0.0,0.0,0.0,0.0,5.28,0.0,0.0,0.0,0.0,0.0,0.0,0.0,0.0,0.0,0.0,0.0,0.0,1.72,0.0,0.0,0.0,0.0,0.0,0.0,0.0,0.0,0.0,4.45,0.0
10.1103/PhysRevA.84.032308,0.0,0.0,0.0,0.0,0.0,0.0,1.07,0.0,0.0,0.0,0.0,0.0,0.0,0.0,0.0,0.0,0.0,0.0,0.0,0.0,0.0,0.0,0.0,0.0,0.0,0.0,0.0,0.0,0.0,0.0,0.0,0.0,0.0,0.0,0.0,0.0,0.0,0.0,0.0,0.0
10.1103/PhysRevLett.106.187601,0.0,0.0,0.0,0.0,2.13,0.0,1.07,0.0,0.0,0.0,0.0,0.0,0.0,0.0,0.0,3.52,0.0,0.0,0.0,0.0,0.0,0.0,0.0,0.0,0.0,3.26,1.93,0.0,0.0,0.0,0.0,0.0,0.0,0.0,0.0,0.0,0.0,4.33,0.0,0.0
10.1103/PhysRevB.84.195314,0.79,0.0,1.93,0.0,0.0,0.0,1.61,2.25,1.17,0.0,0.0,0.0,1.41,0.0,0.0,0.0,5.39,0.0,0.0,0.0,0.0,0.0,0.0,0.0,0.0,0.0,0.0,0.0,0.0,0.0,0.0,0.0,0.0,0.0,0.0,0.0,0.0,0.0,4.45,1.68
10.1103/PhysRevLett.107.026602,2.36,0.0,0.96,0.0,1.06,0.0,0.54,0.0,0.0,0.0,0.0,0.0,0.0,0.0,0.0,0.0,0.0,0.0,1.6,0.0,0.0,0.0,0.0,0.0,0.0,1.63,0.0,0.0,0.0,1.52,0.0,0.0,0.0,0.0,0.0,0.0,0.0,0.0,0.0,0.0
10.1063/1.3666232,1.57,1.0,0.96,0.0,1.06,0.0,1.61,0.0,0.0,2.75,0.0,0.0,0.0,0.0,0.0,0.0,0.0,3.23,0.0,0.0,0.0,1.84,0.0,0.0,0.0,0.0,0.0,0.0,0.0,0.0,4.16,0.0,0.0,0.0,0.0,4.39,0.0,0.0,2.22,0.0
10.1103/PhysRevLett.106.027402,1.57,0.0,0.0,0.0,1.06,0.0,1.07,2.25,0.0,0.0,0.0,0.0,0.0,0.0,0.0,0.0,21.56,0.0,0.0,0.0,0.0,0.0,0.0,0.0,3.26,0.0,0.0,0.0,3.44,1.52,0.0,0.0,0.0,0.0,0.0,0.0,0.0,0.0,0.0,0.0
10.1002/pssb.201100145,0.0,0.0,4.81,0.0,1.06,0.0,0.0,0.0,0.0,0.0,0.0,0.0,0.0,0.0,1.6,3.52,0.0,0.0,1.6,0.0,0.0,0.0,2.14,0.0,0.0,1.63,1.93,0.0,0.0,0.0,0.0,0.0,0.0,0.0,0.0,0.0,0.0,0.0,0.0,0.0
10.1103/PhysRevB.83.161301,0.0,0.0,0.0,0.0,0.0,0.0,0.0,0.0,0.0,0.0,2.08,0.0,0.0,0.0,1.6,0.0,0.0,3.23,0.0,0.0,0.0,0.0,0.0,0.0,1.63,0.0,0.0,0.0,3.44,3.03,0.0,0.0,0.0,0.0,0.0,0.0,0.0,0.0,0.0,1.68
10.1063/1.3577962,0.0,0.0,0.0,0.0,3.72,0.0,2.15,0.0,0.0,0.0,0.0,0.0,0.0,0.0,0.0,0.0,0.0,0.0,6.38,0.0,4.72,0.0,0.0,1.82,1.63,0.0,0.0,0.0,5.16,4.55,0.0,0.0,3.77,0.0,0.0,0.0,0.0,0.0,0.0,0.0
10.1038/NPHYS1856,0.79,1.0,2.89,0.0,2.13,0.0,0.0,1.13,0.0,0.0,0.0,4.24,0.0,0.0,0.0,0.0,0.0,0.0,4.79,0.0,0.0,1.84,0.0,1.82,1.63,0.0,0.0,0.0,0.0,3.03,0.0,0.0,0.0,2.47,4.16,0.0,0.0,0.0,0.0,1.68
10.1038/nature10416,1.57,0.0,0.0,0.0,9.03,1.86,0.0,1.13,0.0,0.0,0.0,0.0,0.0,0.0,0.0,0.0,0.0,0.0,1.6,0.0,0.0,0.0,0.0,0.0,0.0,0.0,0.0,0.0,0.0,0.0,0.0,0.0,0.0,0.0,0.0,0.0,0.0,0.0,0.0,0.0
10.1038/nature11449,0.79,0.0,0.0,0.0,2.13,0.0,0.54,0.0,0.0,0.0,0.0,0.0,2.83,2.39,0.0,5.28,0.0,0.0,3.19,0.0,0.0,3.68,0.0,0.0,1.63,1.63,0.0,0.0,0.0,1.52,0.0,0.0,0.0,0.0,0.0,0.0,2.14,0.0,0.0,0.0
10.1038/nature11559,2.36,2.0,0.0,1.86,0.53,0.0,0.0,3.38,4.67,0.0,2.08,0.0,0.0,0.0,3.19,0.0,0.0,0.0,0.0,0.0,0.0,0.0,0.0,1.82,1.63,0.0,0.0,0.0,0.0,0.0,0.0,0.0,0.0,0.0,0.0,0.0,0.0,0.0,2.22,0.0
10.1103/PhysRevB.85.205425,1.57,2.0,1.93,0.0,0.0,0.0,0.0,0.0,1.17,0.0,0.0,0.0,1.41,0.0,0.0,0.0,8.08,0.0,1.6,0.0,0.0,0.0,0.0,0.0,0.0,0.0,0.0,4.72,0.0,0.0,0.0,0.0,0.0,0.0,0.0,0.0,0.0,0.0,0.0,0.0
10.1103/PhysRevLett.108.190506,0.79,3.0,0.0,1.86,0.0,1.86,0.0,1.13,1.17,0.0,0.0,1.41,0.0,0.0,1.6,0.0,0.0,0.0,0.0,0.0,0.0,0.0,0.0,0.0,0.0,0.0,0.0,2.36,0.0,0.0,0.0,0.0,0.0,0.0,0.0,0.0,0.0,0.0,0.0,0.0
10.1209/0295-5075/100/57006,0.0,0.0,0.0,0.0,0.0,0.0,1.61,0.0,0.0,0.0,0.0,0.0,1.41,0.0,0.0,0.0,0.0,0.0,0.0,0.0,0.0,0.0,0.0,0.0,0.0,0.0,1.93,0.0,0.0,0.0,0.0,0.0,0.0,0.0,0.0,2.19,0.0,0.0,0.0,0.0
10.1038/nature11577,2.36,0.0,0.0,7.45,1.06,0.0,0.0,0.0,0.0,0.0,0.0,0.0,0.0,0.0,0.0,0.0,0.0,6.45,0.0,0.0,14.15,0.0,0.0,0.0,0.0,0.0,0.0,0.0,3.44,1.52,0.0,0.0,0.0,0.0,2.08,0.0,0.0,0.0,0.0,0.0
10.1103/PhysRevB.86.104511,2.36,5.0,0.0,0.0,0.53,0.0,0.54,0.0,1.17,0.0,0.0,0.0,1.41,0.0,3.19,0.0,0.0,1.61,0.0,0.0,0.0,0.0,0.0,0.0,1.63,0.0,0.0,0.0,0.0,1.52,0.0,0.0,0.0,0.0,0.0,0.0,0.0,0.0,0.0,0.0
10.1103/PhysRevA.85.052125,0.0,0.0,0.0,0.0,0.0,3.72,0.0,1.13,0.0,0.0,0.0,1.41,0.0,0.0,0.0,0.0,0.0,0.0,0.0,0.0,0.0,0.0,0.0,1.82,0.0,0.0,3.86,0.0,1.72,0.0,0.0,0.0,0.0,0.0,0.0,0.0,0.0,0.0,0.0,0.0
10.1126/science.1217692,0.0,3.0,0.0,3.72,0.0,0.0,1.61,1.13,1.17,0.0,0.0,0.0,0.0,0.0,0.0,0.0,0.0,0.0,1.6,0.0,0.0,0.0,0.0,0.0,0.0,0.0,0.0,0.0,0.0,0.0,4.16,1.86,0.0,0.0,0.0,4.39,0.0,0.0,0.0,0.0
10.1103/PhysRevA.85.014302,0.0,0.0,0.0,0.0,0.0,0.0,1.07,0.0,0.0,0.0,0.0,0.0,0.0,0.0,3.19,0.0,0.0,0.0,0.0,0.0,0.0,1.84,0.0,0.0,0.0,0.0,0.0,0.0,1.72,1.52,0.0,0.0,1.88,0.0,0.0,0.0,0.0,0.0,0.0,0.0
10.1038/nphys2149,3.14,0.0,0.0,0.0,0.0,0.0,1.07,0.0,2.34,0.0,4.16,1.41,2.83,0.0,0.0,0.0,0.0,0.0,1.6,0.0,0.0,0.0,0.0,0.0,0.0,0.0,0.0,0.0,0.0,3.03,0.0,0.0,0.0,0.0,0.0,0.0,0.0,0.0,0.0,0.0
10.1063/1.4730602,3.93,0.0,0.96,0.0,2.13,0.0,0.0,0.0,0.0,0.0,0.0,0.0,0.0,0.0,0.0,0.0,0.0,0.0,0.0,0.0,0.0,0.0,0.0,0.0,0.0,0.0,0.0,0.0,1.72,0.0,0.0,0.0,0.0,0.0,0.0,0.0,0.0,0.0,0.0,0.0
10.1103/PhysRevB.85.014408,0.0,0.0,0.0,0.0,0.53,0.0,0.0,0.0,0.0,0.0,0.0,2.83,0.0,0.0,0.0,0.0,0.0,0.0,0.0,0.0,0.0,0.0,0.0,0.0,0.0,1.63,1.93,0.0,0.0,0.0,0.0,0.0,0.0,0.0,0.0,0.0,0.0,0.0,0.0,0.0
10.1016/j.physleta.2011.11.022,0.0,0.0,0.0,0.0,0.0,0.0,0.0,0.0,4.67,0.0,0.0,0.0,0.0,0.0,0.0,0.0,0.0,0.0,0.0,0.0,0.0,0.0,0.0,0.0,0.0,0.0,0.0,0.0,0.0,0.0,0.0,1.86,0.0,0.0,0.0,0.0,0.0,0.0,0.0,0.0
10.1088/0953-4075/45/23/235501,0.0,0.0,4.81,0.0,0.53,0.0,0.0,0.0,0.0,0.0,0.0,0.0,0.0,0.0,0.0,0.0,0.0,0.0,0.0,0.0,0.0,0.0,0.0,1.82,0.0,1.63,5.79,14.15,0.0,0.0,0.0,0.0,0.0,0.0,0.0,0.0,0.0,0.0,0.0,5.05
10.1088/1674-1056/21/4/040306,0.0,3.0,0.0,0.0,0.53,0.0,0.0,1.13,0.0,0.0,0.0,0.0,0.0,0.0,6.38,0.0,0.0,0.0,0.0,0.0,0.0,0.0,0.0,0.0,1.63,0.0,0.0,0.0,0.0,0.0,0.0,0.0,5.65,0.0,0.0,0.0,0.0,0.0,0.0,0.0
10.1088/1674-1056/21/10/100304,0.0,0.0,0.0,3.72,0.0,0.0,1.07,4.5,0.0,0.0,0.0,1.41,0.0,0.0,0.0,0.0,0.0,0.0,0.0,0.0,0.0,0.0,0.0,1.82,0.0,0.0,0.0,0.0,0.0,0.0,0.0,0.0,0.0,0.0,0.0,0.0,0.0,2.16,0.0,0.0
10.1103/PhysRevA.85.062312,0.0,0.0,0.0,0.0,0.0,0.0,0.0,0.0,0.0,0.0,0.0,1.41,1.41,0.0,0.0,0.0,0.0,0.0,0.0,0.0,0.0,0.0,0.0,0.0,0.0,1.63,0.0,0.0,0.0,0.0,0.0,0.0,0.0,0.0,0.0,0.0,0.0,0.0,0.0,0.0
10.1007/s10773-012-1292-6,0.79,5.99,0.0,0.0,1.06,0.0,0.0,1.13,0.0,0.0,0.0,0.0,0.0,0.0,0.0,0.0,0.0,0.0,0.0,0.0,0.0,0.0,0.0,0.0,0.0,0.0,0.0,0.0,0.0,0.0,0.0,3.72,3.77,0.0,0.0,0.0,0.0,0.0,0.0,0.0
10.1016/j.sse.2012.05.039,3.14,1.0,0.96,0.0,1.59,0.0,1.07,0.0,0.0,0.0,0.0,0.0,1.41,0.0,0.0,0.0,0.0,0.0,0.0,0.0,0.0,0.0,0.0,1.82,0.0,0.0,0.0,9.43,0.0,0.0,0.0,0.0,3.77,0.0,4.16,0.0,0.0,0.0,0.0,0.0
10.1103/PhysRevB.86.125317,0.0,0.0,0.0,0.0,0.0,1.86,0.0,0.0,0.0,0.0,0.0,0.0,1.41,0.0,3.19,0.0,0.0,0.0,0.0,0.0,0.0,0.0,0.0,3.64,0.0,0.0,0.0,0.0,0.0,0.0,4.16,0.0,0.0,0.0,4.16,4.39,0.0,0.0,0.0,0.0
10.1063/1.4752863,0.0,2.0,0.0,0.0,0.0,0.0,0.0,0.0,0.0,0.0,0.0,0.0,1.41,0.0,0.0,0.0,0.0,0.0,0.0,0.0,0.0,5.52,2.14,0.0,1.63,0.0,0.0,0.0,0.0,0.0,0.0,0.0,0.0,0.0,0.0,0.0,0.0,0.0,0.0,1.68
10.1038/ncomms1856,0.0,0.0,0.0,0.0,0.0,0.0,1.07,0.0,0.0,0.0,0.0,0.0,0.0,0.0,0.0,0.0,0.0,0.0,6.38,0.0,0.0,0.0,2.14,7.28,0.0,0.0,0.0,0.0,0.0,1.52,0.0,0.0,0.0,7.41,0.0,0.0,4.27,0.0,0.0,0.0
10.1103/PhysRevA.86.012317,0.0,1.0,0.0,0.0,0.0,14.89,0.0,0.0,0.0,0.0,0.0,1.41,5.65,0.0,0.0,1.76,0.0,0.0,0.0,0.0,0.0,0.0,0.0,0.0,0.0,0.0,1.93,0.0,0.0,0.0,0.0,1.86,0.0,0.0,2.08,0.0,0.0,0.0,0.0,0.0
10.1038/NPHYS2326,0.0,0.0,0.0,0.0,0.53,0.0,0.0,0.0,0.0,0.0,0.0,0.0,0.0,0.0,1.6,0.0,0.0,4.84,0.0,0.0,0.0,0.0,0.0,0.0,3.26,0.0,0.0,0.0,0.0,1.52,0.0,0.0,0.0,0.0,0.0,0.0,0.0,0.0,0.0,0.0
10.1038/ncomms2003,0.79,0.0,0.96,0.0,0.0,0.0,0.0,0.0,1.17,0.0,0.0,0.0,5.65,0.0,0.0,0.0,0.0,0.0,0.0,0.0,0.0,0.0,0.0,0.0,0.0,0.0,0.0,0.0,1.72,0.0,4.16,0.0,0.0,0.0,4.16,4.39,0.0,0.0,0.0,3.37
10.1063/1.3681195,0.0,0.0,0.0,0.0,0.0,0.0,0.0,0.0,0.0,0.0,0.0,0.0,2.83,0.0,0.0,0.0,0.0,0.0,0.0,0.0,0.0,1.84,0.0,0.0,1.63,0.0,3.86,0.0,0.0,0.0,0.0,0.0,0.0,0.0,0.0,0.0,0.0,0.0,0.0,0.0
10.1209/0295-5075/99/40004,0.0,0.0,0.0,0.0,0.53,0.0,1.07,0.0,0.0,0.0,0.0,1.41,0.0,0.0,0.0,0.0,0.0,0.0,1.6,0.0,0.0,0.0,0.0,0.0,0.0,0.0,0.0,0.0,0.0,0.0,0.0,0.0,0.0,0.0,0.0,0.0,4.27,0.0,0.0,0.0
10.1103/PhysRevB.86.121301,0.79,0.0,0.0,0.0,1.59,0.0,2.15,0.0,0.0,0.0,0.0,0.0,0.0,0.0,0.0,0.0,0.0,0.0,0.0,0.0,0.0,0.0,0.0,0.0,0.0,0.0,0.0,0.0,0.0,3.03,2.08,0.0,0.0,0.0,0.0,0.0,0.0,0.0,0.0,0.0
10.1063/1.4704561,0.0,0.0,0.0,0.0,1.06,0.0,0.0,0.0,0.0,0.0,0.0,0.0,0.0,4.79,0.0,1.76,0.0,0.0,1.6,0.0,0.0,0.0,2.14,0.0,3.26,4.89,0.0,0.0,0.0,0.0,0.0,0.0,0.0,0.0,0.0,0.0,0.0,0.0,0.0,0.0
10.1142/S0219749912500396,0.0,0.0,0.0,3.72,0.0,0.0,2.69,4.5,0.0,0.0,0.0,0.0,0.0,0.0,0.0,0.0,0.0,0.0,0.0,0.0,0.0,0.0,0.0,0.0,0.0,0.0,0.0,0.0,0.0,0.0,0.0,0.0,0.0,0.0,0.0,0.0,0.0,0.0,0.0,0.0
10.1103/PhysRevLett.108.206811,1.57,0.0,0.96,0.0,1.06,0.0,0.0,0.0,5.84,0.0,0.0,0.0,0.0,0.0,0.0,0.0,0.0,0.0,0.0,0.0,0.0,0.0,0.0,0.0,0.0,0.0,0.0,0.0,0.0,0.0,0.0,0.0,0.0,0.0,0.0,0.0,0.0,0.0,4.45,0.0
10.1103/PhysRevA.86.042329,0.0,4.0,0.96,0.0,0.0,3.72,0.0,0.0,0.0,0.0,0.0,1.41,8.48,0.0,0.0,0.0,0.0,0.0,0.0,0.0,0.0,1.84,0.0,1.82,0.0,0.0,0.0,0.0,0.0,0.0,2.08,3.72,0.0,2.47,0.0,2.19,0.0,0.0,0.0,1.68
10.1103/PhysRevLett.108.187401,1.57,1.0,0.0,0.0,1.06,0.0,1.07,0.0,0.0,0.0,0.0,0.0,0.0,0.0,1.6,0.0,2.69,0.0,3.19,0.0,0.0,0.0,0.0,0.0,0.0,0.0,0.0,0.0,0.0,0.0,0.0,0.0,1.88,0.0,0.0,0.0,0.0,0.0,0.0,0.0
10.1063/1.4712595,0.0,1.0,0.0,0.0,0.53,0.0,1.07,0.0,0.0,0.0,0.0,0.0,0.0,0.0,1.6,0.0,0.0,0.0,0.0,0.0,0.0,0.0,0.0,0.0,0.0,0.0,0.0,0.0,0.0,0.0,0.0,0.0,0.0,0.0,0.0,0.0,2.14,0.0,0.0,0.0
10.1103/PhysRevB.86.125204,0.0,0.0,0.0,0.0,0.53,0.0,3.76,1.13,0.0,0.0,0.0,0.0,2.83,0.0,0.0,0.0,0.0,0.0,0.0,0.0,0.0,0.0,0.0,0.0,0.0,0.0,0.0,0.0,0.0,0.0,0.0,0.0,1.88,0.0,0.0,4.39,4.27,2.16,0.0,0.0
10.1063/1.4705287,7.07,0.0,3.85,0.0,0.0,0.0,0.54,0.0,1.17,0.0,0.0,0.0,2.83,0.0,0.0,0.0,0.0,1.61,0.0,0.0,0.0,0.0,0.0,0.0,0.0,0.0,0.0,0.0,0.0,0.0,0.0,0.0,0.0,0.0,0.0,0.0,0.0,0.0,0.0,1.68
10.1103/PhysRevLett.108.086802,0.0,0.0,0.0,0.0,0.0,1.86,0.0,0.0,0.0,0.0,0.0,0.0,0.0,0.0,0.0,0.0,0.0,0.0,1.6,0.0,0.0,0.0,0.0,0.0,0.0,0.0,0.0,0.0,0.0,0.0,2.08,0.0,0.0,0.0,6.24,2.19,0.0,0.0,0.0,1.68
10.1103/PhysRevLett.109.140403,0.79,0.0,0.0,0.0,0.53,0.0,1.07,0.0,3.51,0.0,0.0,2.83,0.0,0.0,0.0,0.0,0.0,0.0,1.6,0.0,0.0,0.0,0.0,1.82,0.0,0.0,0.0,0.0,0.0,0.0,0.0,0.0,0.0,14.83,0.0,0.0,0.0,0.0,0.0,1.68
10.1103/PhysRevA.86.062309,0.0,2.0,1.93,0.0,0.0,1.86,0.0,0.0,2.34,0.0,0.0,1.41,5.65,0.0,0.0,0.0,0.0,0.0,0.0,0.0,0.0,0.0,0.0,0.0,0.0,0.0,0.0,0.0,0.0,1.52,0.0,7.45,0.0,0.0,0.0,0.0,0.0,0.0,0.0,1.68
10.1038/nnano.2012.160,1.57,0.0,0.0,0.0,0.53,0.0,0.0,1.13,0.0,16.48,0.0,1.41,0.0,0.0,0.0,3.52,0.0,0.0,0.0,0.0,0.0,1.84,0.0,0.0,0.0,3.26,0.0,0.0,0.0,0.0,2.08,0.0,0.0,0.0,0.0,2.19,0.0,2.16,0.0,0.0
10.1103/PhysRevB.86.245301,0.0,0.0,1.93,0.0,3.19,0.0,0.0,0.0,1.17,0.0,0.0,2.83,0.0,11.97,0.0,3.52,0.0,0.0,7.98,0.0,0.0,0.0,0.0,0.0,0.0,3.26,1.93,0.0,0.0,0.0,0.0,0.0,0.0,0.0,0.0,0.0,0.0,6.49,0.0,0.0
10.1103/PhysRevB.86.085301,1.57,0.0,1.93,0.0,1.59,0.0,1.07,6.76,0.0,0.0,0.0,1.41,0.0,0.0,0.0,0.0,0.0,0.0,1.6,0.0,0.0,0.0,0.0,1.82,0.0,0.0,1.93,0.0,0.0,0.0,0.0,0.0,0.0,2.47,0.0,0.0,0.0,0.0,2.22,0.0
10.1103/PhysRevB.86.115318,0.0,0.0,2.89,0.0,0.0,0.0,0.0,0.0,0.0,0.0,0.0,0.0,0.0,0.0,0.0,0.0,0.0,0.0,0.0,0.0,0.0,0.0,0.0,0.0,0.0,0.0,0.0,7.07,0.0,0.0,0.0,0.0,0.0,0.0,0.0,0.0,0.0,2.16,0.0,0.0
10.1103/PhysRevB.86.104428,0.0,0.0,0.0,0.0,0.53,0.0,0.0,1.13,1.17,0.0,0.0,2.83,0.0,2.39,0.0,0.0,0.0,0.0,1.6,0.0,0.0,0.0,2.14,0.0,0.0,1.63,0.0,0.0,0.0,0.0,0.0,0.0,0.0,7.41,0.0,0.0,0.0,0.0,0.0,0.0
10.1103/PhysRevLett.109.237601,1.57,0.0,1.93,0.0,0.53,0.0,0.0,1.13,0.0,0.0,0.0,1.41,0.0,0.0,0.0,0.0,10.78,0.0,0.0,0.0,0.0,0.0,0.0,5.46,0.0,0.0,0.0,0.0,0.0,0.0,0.0,0.0,0.0,0.0,2.08,0.0,0.0,0.0,0.0,0.0
10.1103/PhysRevLett.109.107201,0.0,2.0,0.0,0.0,0.0,0.0,0.54,1.13,0.0,0.0,0.0,0.0,0.0,0.0,0.0,0.0,16.17,0.0,0.0,0.0,0.0,1.84,0.0,0.0,0.0,0.0,0.0,0.0,1.72,0.0,0.0,0.0,0.0,0.0,0.0,0.0,0.0,0.0,4.45,0.0
10.1103/PhysRevLett.108.247213,0.0,0.0,0.0,0.0,0.0,0.0,0.0,0.0,0.0,0.0,0.0,0.0,0.0,0.0,0.0,0.0,0.0,0.0,1.6,4.94,0.0,0.0,2.14,0.0,0.0,0.0,0.0,0.0,0.0,0.0,0.0,0.0,0.0,0.0,0.0,0.0,0.0,0.0,0.0,0.0
10.1103/PhysRevB.85.115319,3.93,4.0,0.0,0.0,0.53,0.0,0.54,1.13,0.0,0.0,0.0,0.0,0.0,0.0,0.0,0.0,5.39,1.61,0.0,0.0,0.0,0.0,0.0,3.64,0.0,0.0,1.93,4.72,0.0,0.0,0.0,1.86,1.88,0.0,2.08,0.0,0.0,0.0,0.0,0.0
10.1103/PhysRevA.86.062328,0.0,7.99,0.0,1.86,0.0,0.0,1.07,2.25,0.0,0.0,2.08,0.0,0.0,0.0,0.0,0.0,0.0,1.61,0.0,0.0,0.0,0.0,0.0,0.0,0.0,0.0,0.0,0.0,0.0,0.0,0.0,0.0,0.0,0.0,0.0,0.0,0.0,0.0,0.0,0.0
10.1103/PhysRevLett.108.136803,0.79,0.0,0.0,0.0,0.53,0.0,3.22,3.38,0.0,0.0,2.08,0.0,0.0,0.0,3.19,0.0,0.0,0.0,0.0,0.0,0.0,0.0,0.0,0.0,0.0,0.0,0.0,0.0,0.0,0.0,0.0,0.0,0.0,0.0,0.0,0.0,0.0,0.0,0.0,0.0
10.1021/ic302068c,0.0,0.0,0.96,0.0,0.0,0.0,0.0,0.0,0.0,0.0,0.0,0.0,0.0,0.0,3.19,0.0,0.0,0.0,0.0,2.47,0.0,0.0,0.0,0.0,0.0,0.0,0.0,0.0,0.0,1.52,0.0,0.0,0.0,0.0,0.0,0.0,0.0,0.0,0.0,1.68
10.1021/nl3012903,2.36,0.0,0.96,0.0,0.0,0.0,0.0,1.13,2.34,0.0,2.08,0.0,8.48,9.58,0.0,3.52,0.0,1.61,0.0,0.0,0.0,5.52,0.0,0.0,0.0,0.0,0.0,0.0,0.0,0.0,0.0,0.0,0.0,0.0,0.0,0.0,0.0,0.0,0.0,0.0
10.1039/c2cp40778g,0.0,0.0,0.0,0.0,3.72,0.0,0.54,3.38,2.34,0.0,16.64,0.0,0.0,0.0,0.0,0.0,0.0,0.0,0.0,0.0,0.0,0.0,0.0,0.0,1.63,1.63,9.65,0.0,0.0,0.0,0.0,0.0,0.0,0.0,2.08,0.0,0.0,2.16,0.0,0.0
10.1038/NPHOTON.2013.41,1.57,0.0,0.0,0.0,1.06,0.0,1.07,1.13,1.17,0.0,0.0,0.0,1.41,0.0,0.0,0.0,0.0,1.61,0.0,0.0,4.72,0.0,0.0,0.0,1.63,0.0,0.0,0.0,0.0,0.0,0.0,0.0,0.0,0.0,2.08,0.0,0.0,2.16,0.0,0.0
10.1038/nature12016,0.0,0.0,0.0,13.03,0.53,0.0,1.07,0.0,0.0,0.0,0.0,0.0,0.0,0.0,0.0,0.0,0.0,0.0,0.0,0.0,7.07,0.0,0.0,0.0,3.26,0.0,0.0,0.0,0.0,3.03,0.0,0.0,0.0,0.0,0.0,0.0,2.14,0.0,0.0,0.0
10.1038/NNANO.2013.117,0.0,1.0,0.96,0.0,1.59,1.86,1.07,0.0,0.0,0.0,0.0,2.83,0.0,4.79,0.0,3.52,0.0,0.0,1.6,0.0,0.0,0.0,0.0,0.0,0.0,0.0,0.0,0.0,0.0,0.0,0.0,0.0,0.0,0.0,0.0,0.0,0.0,10.82,0.0,0.0
10.1038/ncomms2738,3.14,1.0,0.0,0.0,0.53,0.0,1.61,1.13,0.0,0.0,0.0,1.41,1.41,0.0,1.6,0.0,2.69,0.0,1.6,9.89,0.0,3.68,0.0,1.82,1.63,0.0,0.0,0.0,0.0,0.0,0.0,0.0,0.0,0.0,0.0,0.0,0.0,0.0,2.22,1.68
10.1038/NNANO.2013.168,0.0,1.0,1.93,0.0,1.06,0.0,2.15,2.25,0.0,0.0,8.32,1.41,7.07,0.0,0.0,0.0,0.0,1.61,0.0,0.0,0.0,0.0,0.0,0.0,6.52,0.0,0.0,0.0,0.0,0.0,0.0,1.86,0.0,0.0,0.0,0.0,0.0,0.0,0.0,0.0
10.1103/PhysRevB.88.075301,1.57,0.0,0.0,0.0,1.06,0.0,0.0,1.13,0.0,0.0,0.0,5.65,0.0,0.0,0.0,0.0,0.0,1.61,0.0,9.89,0.0,0.0,0.0,0.0,0.0,0.0,0.0,0.0,0.0,0.0,0.0,0.0,0.0,0.0,0.0,0.0,0.0,0.0,2.22,1.68
10.1038/ncomms2776,0.0,0.0,0.96,0.0,0.53,0.0,0.54,0.0,1.17,0.0,0.0,0.0,0.0,0.0,0.0,0.0,0.0,0.0,0.0,0.0,0.0,1.84,12.81,0.0,0.0,1.63,0.0,0.0,5.16,0.0,0.0,0.0,0.0,0.0,0.0,0.0,0.0,0.0,0.0,0.0
10.1103/PhysRevB.87.045301,4.71,1.0,2.89,0.0,0.53,3.72,0.0,0.0,0.0,0.0,0.0,2.83,0.0,0.0,4.79,0.0,0.0,1.61,1.6,9.89,0.0,0.0,0.0,0.0,0.0,0.0,0.0,2.36,0.0,0.0,0.0,0.0,0.0,0.0,0.0,0.0,0.0,0.0,0.0,0.0
10.1103/PhysRevLett.110.160402,0.0,0.0,0.0,0.0,0.0,0.0,0.0,1.13,1.17,0.0,2.08,4.24,0.0,0.0,0.0,0.0,0.0,0.0,0.0,0.0,0.0,0.0,0.0,3.64,0.0,0.0,0.0,0.0,0.0,0.0,0.0,0.0,0.0,2.47,0.0,0.0,0.0,0.0,0.0,0.0
10.1103/PhysRevLett.110.067601,0.0,0.0,0.96,0.0,0.0,0.0,1.07,4.5,0.0,0.0,0.0,1.41,0.0,0.0,0.0,0.0,0.0,0.0,0.0,0.0,0.0,0.0,0.0,0.0,0.0,0.0,0.0,0.0,0.0,0.0,0.0,0.0,0.0,0.0,0.0,0.0,2.14,0.0,0.0,0.0
10.1103/PhysRevLett.110.057601,0.0,1.0,1.93,0.0,1.06,0.0,0.0,1.13,0.0,0.0,0.0,0.0,1.41,9.58,0.0,3.52,0.0,0.0,0.0,0.0,0.0,0.0,0.0,0.0,0.0,0.0,0.0,0.0,0.0,0.0,0.0,0.0,0.0,0.0,0.0,0.0,0.0,0.0,0.0,1.68
10.1038/NNANO.2013.7,3.93,0.0,0.0,0.0,0.0,0.0,1.61,0.0,0.0,0.0,0.0,0.0,0.0,0.0,1.6,0.0,0.0,1.61,0.0,0.0,0.0,0.0,0.0,0.0,0.0,0.0,0.0,0.0,0.0,1.52,0.0,0.0,0.0,0.0,0.0,0.0,0.0,0.0,0.0,0.0
10.1088/0957-4484/24/1/015202,0.0,0.0,1.93,0.0,0.0,0.0,0.0,0.0,0.0,0.0,0.0,0.0,0.0,0.0,3.19,0.0,0.0,0.0,0.0,0.0,0.0,0.0,0.0,0.0,0.0,1.63,1.93,0.0,0.0,1.52,0.0,0.0,0.0,0.0,0.0,0.0,0.0,0.0,0.0,0.0
10.1103/PhysRevA.87.022305,2.36,5.99,0.0,0.0,1.06,0.0,0.0,0.0,2.34,0.0,0.0,0.0,2.83,0.0,0.0,0.0,0.0,0.0,0.0,0.0,4.72,1.84,0.0,0.0,0.0,0.0,0.0,0.0,0.0,0.0,0.0,1.86,5.65,0.0,0.0,0.0,0.0,0.0,0.0,1.68
10.1038/NPHYS2688,1.57,0.0,2.89,0.0,0.0,22.34,1.07,0.0,0.0,0.0,0.0,1.41,0.0,0.0,6.38,0.0,0.0,1.61,0.0,0.0,2.36,5.52,0.0,0.0,0.0,1.63,5.79,0.0,5.16,0.0,0.0,0.0,0.0,0.0,0.0,0.0,0.0,0.0,0.0,0.0
10.1103/PhysRevB.88.085320,2.36,0.0,4.81,0.0,0.0,0.0,0.0,0.0,0.0,0.0,0.0,0.0,0.0,4.79,0.0,3.52,0.0,0.0,3.19,0.0,0.0,3.68,0.0,0.0,0.0,1.63,0.0,0.0,1.72,0.0,0.0,0.0,0.0,2.47,0.0,0.0,0.0,0.0,0.0,1.68
10.1103/PhysRevB.87.195307,0.0,5.99,0.96,0.0,0.0,0.0,0.54,0.0,1.17,0.0,0.0,0.0,1.41,0.0,0.0,0.0,32.34,0.0,0.0,0.0,0.0,1.84,0.0,0.0,0.0,0.0,0.0,2.36,1.72,0.0,0.0,0.0,0.0,0.0,0.0,0.0,0.0,0.0,2.22,0.0
10.1103/PhysRevLett.111.060501,0.79,1.0,0.0,0.0,1.06,0.0,0.54,0.0,1.17,0.0,0.0,0.0,0.0,0.0,0.0,0.0,0.0,3.23,3.19,0.0,0.0,0.0,0.0,0.0,0.0,0.0,0.0,0.0,0.0,0.0,6.24,0.0,0.0,0.0,0.0,4.39,0.0,0.0,0.0,0.0
10.1038/nature12011,0.0,1.0,0.96,0.0,1.59,0.0,0.54,0.0,0.0,0.0,0.0,0.0,4.24,4.79,0.0,5.28,0.0,0.0,3.19,0.0,0.0,0.0,0.0,0.0,3.26,0.0,1.93,0.0,0.0,3.03,0.0,7.45,0.0,0.0,2.08,0.0,0.0,0.0,0.0,0.0
10.1038/ncomms3069,2.36,1.0,1.93,0.0,0.53,0.0,0.54,0.0,1.17,19.22,0.0,0.0,1.41,0.0,0.0,5.28,0.0,1.61,0.0,7.41,0.0,0.0,0.0,0.0,0.0,0.0,0.0,0.0,1.72,0.0,0.0,0.0,0.0,0.0,0.0,0.0,0.0,0.0,2.22,0.0
10.1103/PhysRevLett.110.010403,0.0,0.0,0.0,0.0,0.0,7.45,0.0,0.0,0.0,0.0,0.0,1.41,1.41,0.0,0.0,0.0,0.0,0.0,0.0,2.47,0.0,0.0,0.0,0.0,1.63,0.0,0.0,0.0,0.0,0.0,0.0,1.86,0.0,2.47,0.0,0.0,0.0,0.0,0.0,0.0
10.1103/PhysRevB.88.245306,1.57,0.0,0.0,9.31,0.0,1.86,1.61,0.0,0.0,0.0,0.0,0.0,0.0,0.0,0.0,0.0,2.69,1.61,0.0,0.0,16.51,0.0,0.0,0.0,0.0,0.0,0.0,0.0,0.0,0.0,0.0,1.86,1.88,0.0,0.0,0.0,0.0,0.0,0.0,0.0
10.1103/PhysRevB.88.195131,1.57,1.0,0.0,0.0,2.13,0.0,0.0,1.13,0.0,0.0,0.0,0.0,0.0,0.0,0.0,0.0,0.0,0.0,0.0,0.0,0.0,0.0,0.0,0.0,0.0,0.0,0.0,0.0,1.72,1.52,2.08,0.0,0.0,0.0,0.0,2.19,0.0,0.0,0.0,0.0
10.1038/srep03121,2.36,1.0,0.96,0.0,2.66,1.86,0.54,0.0,0.0,0.0,0.0,0.0,0.0,0.0,1.6,0.0,0.0,0.0,1.6,0.0,0.0,0.0,0.0,0.0,0.0,1.63,0.0,0.0,0.0,0.0,8.32,0.0,0.0,0.0,0.0,8.78,0.0,0.0,0.0,1.68
10.1103/PhysRevA.88.022120,1.57,0.0,0.0,0.0,0.53,0.0,1.07,0.0,0.0,0.0,0.0,0.0,0.0,0.0,0.0,0.0,0.0,0.0,0.0,0.0,0.0,1.84,0.0,0.0,3.26,0.0,0.0,0.0,0.0,0.0,2.08,0.0,0.0,0.0,0.0,2.19,0.0,0.0,0.0,0.0
10.1103/PhysRevLett.111.086805,0.79,0.0,2.89,0.0,0.0,0.0,0.0,0.0,1.17,0.0,0.0,0.0,0.0,0.0,0.0,0.0,0.0,0.0,0.0,0.0,0.0,0.0,0.0,0.0,0.0,3.26,3.86,0.0,1.72,0.0,0.0,0.0,0.0,0.0,0.0,0.0,0.0,0.0,11.12,0.0
10.1103/PhysRevA.87.033815,0.0,0.0,0.0,7.45,0.0,0.0,1.07,0.0,0.0,0.0,0.0,1.41,0.0,0.0,0.0,0.0,0.0,0.0,6.38,0.0,4.72,0.0,0.0,3.64,1.63,0.0,3.86,0.0,0.0,3.03,0.0,0.0,0.0,0.0,0.0,0.0,0.0,0.0,0.0,0.0
10.1021/nl303863s,0.0,1.0,0.0,0.0,0.0,0.0,0.54,0.0,2.34,0.0,0.0,0.0,0.0,0.0,0.0,1.76,0.0,0.0,0.0,0.0,0.0,5.52,0.0,0.0,1.63,0.0,0.0,0.0,0.0,0.0,0.0,0.0,0.0,0.0,0.0,0.0,0.0,0.0,0.0,0.0
10.1021/nl303663n,0.0,0.0,0.0,0.0,2.13,0.0,0.54,0.0,0.0,0.0,0.0,0.0,0.0,4.79,0.0,0.0,0.0,0.0,0.0,0.0,2.36,0.0,0.0,0.0,0.0,0.0,0.0,0.0,1.72,0.0,0.0,0.0,0.0,0.0,0.0,0.0,0.0,0.0,0.0,0.0
10.1103/PhysRevA.87.062337,1.57,5.0,0.0,0.0,1.06,0.0,0.0,0.0,1.17,0.0,0.0,0.0,0.0,0.0,0.0,0.0,0.0,1.61,0.0,0.0,9.43,0.0,0.0,0.0,1.63,0.0,0.0,4.72,0.0,1.52,0.0,1.86,7.53,0.0,0.0,0.0,0.0,0.0,0.0,0.0
10.1021/nl402744s,2.36,0.0,0.0,0.0,0.0,0.0,0.54,0.0,0.0,0.0,0.0,0.0,0.0,0.0,1.6,0.0,0.0,1.61,0.0,0.0,0.0,1.84,0.0,0.0,0.0,0.0,0.0,0.0,0.0,1.52,0.0,0.0,0.0,0.0,0.0,0.0,0.0,0.0,0.0,0.0
10.1103/PhysRevB.87.081410,1.57,0.0,0.0,0.0,1.06,0.0,0.0,1.13,1.17,0.0,0.0,1.41,0.0,0.0,0.0,0.0,0.0,0.0,0.0,7.41,0.0,0.0,0.0,1.82,0.0,0.0,0.0,0.0,1.72,0.0,0.0,0.0,0.0,0.0,0.0,0.0,0.0,0.0,0.0,0.0
10.1038/ncomms3017,0.0,0.0,0.0,0.0,1.06,0.0,1.61,0.0,1.17,0.0,0.0,0.0,0.0,11.97,0.0,3.52,0.0,0.0,1.6,4.94,0.0,0.0,0.0,0.0,0.0,1.63,1.93,0.0,0.0,0.0,0.0,1.86,0.0,0.0,0.0,0.0,0.0,2.16,0.0,0.0
10.1103/PhysRevB.88.165102,0.0,0.0,0.0,0.0,2.13,0.0,0.0,0.0,1.17,0.0,0.0,0.0,0.0,7.18,0.0,3.52,0.0,0.0,0.0,4.94,0.0,1.84,0.0,0.0,0.0,1.63,0.0,0.0,0.0,0.0,0.0,0.0,0.0,0.0,0.0,0.0,0.0,0.0,0.0,1.68
10.1103/PhysRevA.87.052315,0.0,0.0,0.0,0.0,0.0,0.0,1.07,0.0,0.0,0.0,0.0,0.0,0.0,0.0,0.0,0.0,0.0,0.0,0.0,0.0,0.0,1.84,0.0,0.0,0.0,0.0,0.0,0.0,0.0,0.0,0.0,0.0,0.0,0.0,0.0,0.0,0.0,0.0,0.0,0.0
10.1103/PhysRevB.88.085402,1.57,5.0,0.0,0.0,1.06,0.0,0.0,0.0,0.0,0.0,4.16,0.0,0.0,0.0,3.19,0.0,0.0,0.0,0.0,0.0,0.0,0.0,0.0,0.0,4.89,1.63,0.0,0.0,0.0,0.0,0.0,1.86,3.77,0.0,0.0,0.0,0.0,0.0,0.0,0.0
10.1103/PhysRevLett.110.167402,0.0,0.0,0.0,0.0,0.53,0.0,1.07,0.0,0.0,0.0,0.0,0.0,0.0,0.0,6.38,0.0,0.0,0.0,0.0,0.0,0.0,0.0,4.27,1.82,0.0,0.0,0.0,0.0,0.0,1.52,0.0,1.86,0.0,0.0,0.0,0.0,4.27,0.0,0.0,0.0
10.1103/PhysRevLett.110.076401,0.0,0.0,0.96,0.0,0.0,0.0,0.54,1.13,0.0,0.0,0.0,0.0,1.41,0.0,0.0,0.0,0.0,0.0,0.0,0.0,0.0,0.0,0.0,0.0,0.0,0.0,0.0,7.07,0.0,0.0,0.0,0.0,1.88,0.0,0.0,0.0,0.0,0.0,0.0,0.0
10.1088/1367-2630/15/1/013041,0.0,1.0,0.96,0.0,0.0,0.0,0.0,0.0,0.0,0.0,0.0,0.0,2.83,0.0,0.0,0.0,0.0,0.0,0.0,0.0,0.0,0.0,0.0,0.0,0.0,1.63,0.0,2.36,0.0,1.52,0.0,0.0,0.0,0.0,0.0,0.0,4.27,0.0,0.0,0.0
10.1209/0295-5075/104/47005,0.0,0.0,0.0,0.0,1.06,0.0,0.0,0.0,1.17,0.0,0.0,1.41,0.0,0.0,0.0,0.0,0.0,0.0,1.6,0.0,0.0,0.0,6.41,0.0,0.0,0.0,1.93,0.0,0.0,0.0,0.0,0.0,0.0,0.0,2.08,0.0,0.0,0.0,0.0,1.68
10.1140/epjb/e2013-40677-x,3.14,0.0,2.89,0.0,2.13,0.0,0.54,0.0,0.0,0.0,0.0,0.0,0.0,0.0,0.0,0.0,0.0,1.61,0.0,0.0,0.0,1.84,0.0,0.0,0.0,0.0,0.0,0.0,1.72,0.0,2.08,0.0,0.0,0.0,0.0,2.19,0.0,0.0,0.0,0.0
10.1038/ncomms3053,0.0,0.0,1.93,0.0,0.0,0.0,0.0,0.0,2.34,19.22,0.0,0.0,0.0,0.0,1.6,0.0,5.39,0.0,0.0,0.0,0.0,0.0,0.0,0.0,0.0,1.63,0.0,0.0,0.0,1.52,0.0,0.0,0.0,0.0,0.0,0.0,0.0,8.66,0.0,0.0
10.1103/PhysRevX.3.041023,0.0,2.0,0.0,1.86,0.0,0.0,0.0,1.13,2.34,0.0,0.0,0.0,0.0,0.0,0.0,1.76,0.0,0.0,0.0,0.0,0.0,0.0,0.0,1.82,0.0,0.0,0.0,0.0,0.0,0.0,0.0,0.0,1.88,0.0,0.0,0.0,2.14,0.0,0.0,0.0
10.1039/c2sc21490c,0.0,0.0,0.96,0.0,0.0,0.0,0.0,0.0,0.0,0.0,0.0,0.0,0.0,0.0,0.0,0.0,0.0,0.0,0.0,0.0,0.0,0.0,0.0,0.0,0.0,0.0,0.0,0.0,0.0,0.0,0.0,0.0,0.0,0.0,0.0,0.0,0.0,0.0,0.0,0.0
10.1103/PhysRevLett.110.016804,2.36,1.0,1.93,0.0,0.53,0.0,1.07,1.13,0.0,0.0,2.08,0.0,1.41,0.0,0.0,0.0,2.69,0.0,0.0,0.0,0.0,0.0,0.0,0.0,0.0,0.0,0.0,0.0,0.0,0.0,0.0,0.0,0.0,0.0,0.0,0.0,0.0,0.0,0.0,0.0
10.1103/PhysRevB.88.155321,1.57,0.0,0.0,1.86,0.53,0.0,1.07,0.0,0.0,0.0,0.0,0.0,0.0,0.0,0.0,0.0,2.69,0.0,0.0,0.0,4.72,0.0,0.0,0.0,0.0,0.0,0.0,0.0,1.72,0.0,2.08,0.0,1.88,0.0,0.0,0.0,0.0,0.0,0.0,0.0
10.1007/s10773-013-1689-x,0.0,0.0,1.93,0.0,0.0,0.0,0.0,4.5,2.34,0.0,0.0,0.0,0.0,0.0,0.0,0.0,0.0,0.0,0.0,0.0,0.0,0.0,4.27,5.46,0.0,0.0,0.0,0.0,0.0,0.0,0.0,3.72,0.0,4.94,0.0,0.0,0.0,0.0,0.0,0.0
10.1103/PhysRevB.88.161408,1.57,4.0,0.96,0.0,1.06,5.59,0.54,0.0,0.0,0.0,0.0,0.0,0.0,0.0,4.79,0.0,0.0,1.61,0.0,0.0,0.0,0.0,0.0,0.0,0.0,0.0,0.0,2.36,0.0,0.0,4.16,1.86,0.0,0.0,0.0,2.19,0.0,0.0,0.0,0.0
10.1103/PhysRevLett.110.156402,0.0,0.0,0.0,0.0,0.0,0.0,0.54,4.5,2.34,0.0,0.0,0.0,0.0,0.0,0.0,0.0,0.0,0.0,0.0,2.47,0.0,0.0,0.0,0.0,0.0,0.0,0.0,0.0,0.0,1.52,0.0,0.0,0.0,0.0,0.0,0.0,8.54,0.0,0.0,0.0
10.1103/PhysRevLett.110.177602,1.57,1.0,2.89,0.0,0.53,0.0,1.07,1.13,0.0,0.0,0.0,1.41,0.0,0.0,0.0,0.0,0.0,1.61,0.0,0.0,0.0,0.0,0.0,1.82,0.0,0.0,0.0,0.0,0.0,0.0,0.0,0.0,0.0,0.0,0.0,0.0,0.0,0.0,0.0,0.0
10.1039/c3tc30800f,0.0,0.0,0.0,0.0,0.53,0.0,1.07,2.25,0.0,0.0,2.08,0.0,0.0,0.0,1.6,0.0,0.0,0.0,0.0,0.0,0.0,0.0,0.0,0.0,0.0,0.0,0.0,0.0,0.0,0.0,0.0,0.0,0.0,0.0,0.0,0.0,0.0,0.0,0.0,0.0
10.1142/S2010324713500070,1.57,0.0,2.89,0.0,2.13,0.0,0.0,0.0,0.0,0.0,0.0,0.0,0.0,0.0,0.0,0.0,0.0,0.0,0.0,0.0,4.72,0.0,0.0,0.0,0.0,0.0,0.0,4.72,0.0,1.52,0.0,0.0,0.0,0.0,0.0,0.0,0.0,0.0,0.0,0.0
10.1126/science.1239584,0.0,1.0,0.0,0.0,0.53,0.0,0.0,0.0,0.0,0.0,0.0,0.0,0.0,9.58,0.0,0.0,0.0,0.0,3.19,0.0,0.0,0.0,12.81,0.0,0.0,0.0,0.0,0.0,1.72,1.52,0.0,0.0,0.0,0.0,0.0,0.0,0.0,0.0,0.0,0.0
10.1103/PhysRevB.87.155315,1.57,1.0,0.96,0.0,0.0,0.0,2.15,0.0,0.0,0.0,0.0,0.0,0.0,0.0,0.0,0.0,0.0,0.0,0.0,0.0,0.0,0.0,0.0,0.0,1.63,0.0,0.0,0.0,0.0,0.0,0.0,1.86,0.0,0.0,0.0,0.0,0.0,4.33,0.0,1.68
10.1038/srep03405,0.0,1.0,0.0,0.0,0.0,0.0,0.54,2.25,0.0,0.0,4.16,0.0,0.0,0.0,0.0,0.0,0.0,0.0,0.0,0.0,0.0,0.0,0.0,0.0,0.0,0.0,0.0,0.0,0.0,0.0,0.0,0.0,0.0,0.0,0.0,0.0,0.0,0.0,0.0,0.0
10.1038/ncomms2854,0.0,0.0,0.0,0.0,1.06,0.0,2.15,2.25,0.0,0.0,0.0,0.0,1.41,0.0,0.0,1.76,0.0,0.0,3.19,0.0,0.0,0.0,2.14,0.0,0.0,1.63,0.0,0.0,0.0,1.52,0.0,0.0,0.0,0.0,0.0,0.0,2.14,2.16,0.0,0.0
10.1103/PhysRevB.88.075206,0.0,0.0,0.0,0.0,0.0,0.0,1.07,0.0,0.0,0.0,0.0,0.0,0.0,0.0,1.6,0.0,0.0,0.0,7.98,0.0,0.0,0.0,6.41,0.0,0.0,0.0,0.0,0.0,0.0,0.0,0.0,0.0,0.0,0.0,0.0,0.0,6.41,0.0,0.0,0.0
10.1103/PhysRevB.88.085314,3.14,1.0,2.89,0.0,0.53,0.0,1.07,1.13,0.0,0.0,2.08,0.0,0.0,0.0,0.0,1.76,0.0,0.0,0.0,0.0,0.0,0.0,0.0,0.0,0.0,0.0,0.0,0.0,3.44,0.0,8.32,0.0,0.0,0.0,0.0,8.78,0.0,0.0,0.0,0.0
10.1038/NPHYS2731,0.0,0.0,0.96,0.0,0.53,0.0,0.54,0.0,0.0,0.0,0.0,0.0,0.0,0.0,0.0,0.0,0.0,0.0,0.0,0.0,0.0,0.0,0.0,1.82,1.63,4.89,0.0,0.0,1.72,0.0,0.0,0.0,0.0,0.0,0.0,0.0,0.0,0.0,0.0,1.68
10.1038/nphys2514,1.57,0.0,0.0,0.0,0.53,0.0,0.0,2.25,1.17,0.0,0.0,1.41,0.0,0.0,0.0,0.0,16.17,0.0,0.0,0.0,0.0,0.0,0.0,0.0,1.63,0.0,0.0,0.0,1.72,1.52,0.0,0.0,0.0,0.0,0.0,0.0,0.0,0.0,0.0,0.0
10.1038/NMAT3499,0.0,0.0,0.0,0.0,0.0,0.0,1.07,0.0,0.0,0.0,0.0,0.0,2.83,0.0,0.0,1.76,0.0,0.0,3.19,0.0,0.0,0.0,0.0,0.0,0.0,3.26,1.93,0.0,0.0,1.52,0.0,0.0,1.88,0.0,0.0,0.0,0.0,0.0,0.0,5.05
10.1103/PhysRevB.87.205432,1.57,0.0,0.96,0.0,1.59,0.0,0.54,0.0,3.51,2.75,0.0,0.0,0.0,0.0,0.0,0.0,0.0,0.0,3.19,7.41,0.0,0.0,0.0,0.0,0.0,0.0,0.0,0.0,0.0,0.0,0.0,0.0,0.0,0.0,0.0,0.0,0.0,0.0,2.22,1.68
10.1103/PhysRevA.87.022306,0.0,3.0,0.0,0.0,0.0,0.0,1.61,0.0,2.34,0.0,0.0,2.83,0.0,0.0,0.0,0.0,0.0,0.0,0.0,0.0,0.0,0.0,0.0,0.0,0.0,0.0,0.0,0.0,0.0,0.0,0.0,5.59,0.0,0.0,0.0,0.0,2.14,0.0,0.0,0.0
10.1103/PhysRevB.88.085201,0.0,0.0,2.89,3.72,0.0,0.0,0.0,0.0,5.84,0.0,0.0,0.0,0.0,0.0,0.0,0.0,0.0,0.0,0.0,0.0,0.0,0.0,0.0,0.0,0.0,0.0,0.0,0.0,0.0,0.0,0.0,0.0,0.0,0.0,0.0,0.0,6.41,0.0,0.0,0.0
10.1103/PhysRevB.88.045307,0.0,0.0,4.81,0.0,0.53,0.0,0.0,1.13,0.0,2.75,0.0,0.0,0.0,14.37,0.0,1.76,0.0,0.0,0.0,0.0,0.0,0.0,0.0,0.0,0.0,1.63,0.0,0.0,0.0,1.52,0.0,0.0,0.0,0.0,0.0,0.0,0.0,0.0,4.45,0.0
10.1080/00268976.2013.811304,0.0,0.0,1.93,0.0,4.25,0.0,1.07,9.01,3.51,0.0,29.11,0.0,0.0,0.0,0.0,0.0,0.0,0.0,0.0,0.0,0.0,0.0,0.0,0.0,1.63,3.26,3.86,2.36,0.0,1.52,0.0,0.0,0.0,0.0,2.08,0.0,0.0,4.33,0.0,3.37
10.1039/c4an00734d,0.0,0.0,0.0,0.0,1.59,0.0,0.0,0.0,0.0,0.0,0.0,0.0,0.0,0.0,0.0,0.0,0.0,0.0,0.0,0.0,0.0,0.0,0.0,0.0,0.0,3.26,0.0,0.0,0.0,0.0,0.0,0.0,0.0,0.0,0.0,0.0,0.0,0.0,0.0,0.0
10.1103/PhysRevLett.113.197601,0.0,0.0,0.0,0.0,0.0,0.0,0.0,0.0,1.17,0.0,0.0,0.0,0.0,0.0,0.0,0.0,0.0,0.0,0.0,0.0,0.0,0.0,0.0,0.0,0.0,4.89,0.0,0.0,0.0,0.0,0.0,0.0,0.0,0.0,0.0,0.0,6.41,0.0,0.0,0.0
10.1038/ncomms4860,2.36,0.0,0.0,0.0,1.59,0.0,0.54,1.13,0.0,13.73,0.0,0.0,1.41,0.0,0.0,10.55,0.0,1.61,0.0,0.0,0.0,0.0,0.0,0.0,0.0,3.26,0.0,0.0,0.0,0.0,0.0,0.0,0.0,0.0,0.0,0.0,0.0,0.0,2.22,0.0
10.1038/nature13407,4.71,1.0,0.0,0.0,0.0,0.0,1.61,0.0,0.0,0.0,0.0,0.0,2.83,0.0,3.19,0.0,0.0,3.23,1.6,0.0,0.0,0.0,0.0,0.0,0.0,0.0,0.0,2.36,5.16,0.0,0.0,1.86,0.0,0.0,0.0,0.0,0.0,2.16,0.0,1.68
10.1038/NNANO.2014.153,3.14,2.0,1.93,0.0,1.06,0.0,1.61,1.13,1.17,2.75,0.0,0.0,4.24,0.0,0.0,1.76,0.0,0.0,1.6,0.0,0.0,0.0,0.0,0.0,0.0,1.63,1.93,0.0,0.0,1.52,0.0,0.0,0.0,0.0,2.08,0.0,0.0,0.0,0.0,1.68
10.1063/1.4893242,0.0,0.0,1.93,0.0,0.53,1.86,0.0,0.0,2.34,0.0,0.0,0.0,0.0,0.0,0.0,1.76,0.0,0.0,0.0,0.0,0.0,0.0,0.0,0.0,0.0,0.0,0.0,0.0,1.72,0.0,0.0,0.0,0.0,0.0,0.0,0.0,0.0,0.0,0.0,0.0
10.1103/PhysRevB.90.174402,0.0,1.0,2.89,0.0,0.0,0.0,0.0,0.0,1.17,0.0,0.0,1.41,0.0,0.0,0.0,0.0,0.0,0.0,0.0,2.47,0.0,0.0,0.0,1.82,0.0,0.0,1.93,0.0,0.0,0.0,0.0,0.0,0.0,0.0,0.0,0.0,0.0,0.0,0.0,1.68
10.1103/PhysRevB.90.195440,0.0,0.0,0.96,0.0,1.06,0.0,0.0,0.0,0.0,10.98,0.0,0.0,1.41,0.0,0.0,0.0,2.69,0.0,0.0,0.0,0.0,0.0,0.0,0.0,1.63,3.26,0.0,0.0,0.0,0.0,0.0,0.0,0.0,0.0,0.0,0.0,0.0,0.0,0.0,0.0
10.1038/nphoton.2014.84,1.57,0.0,0.0,1.86,0.53,0.0,1.07,0.0,0.0,0.0,0.0,0.0,0.0,0.0,0.0,0.0,0.0,0.0,0.0,0.0,7.07,0.0,0.0,0.0,0.0,0.0,0.0,0.0,0.0,1.52,0.0,0.0,0.0,0.0,0.0,0.0,0.0,0.0,0.0,1.68
10.1088/0268-1242/29/5/053001,3.14,0.0,0.0,0.0,1.06,0.0,1.61,0.0,0.0,0.0,0.0,0.0,4.24,0.0,0.0,0.0,0.0,0.0,0.0,0.0,2.36,0.0,0.0,0.0,0.0,0.0,0.0,0.0,3.44,1.52,0.0,0.0,0.0,0.0,4.16,0.0,0.0,0.0,0.0,0.0
10.1088/1054-660X/24/4/045204,1.57,4.0,0.0,0.0,0.53,0.0,1.61,1.13,0.0,0.0,0.0,0.0,0.0,0.0,0.0,0.0,0.0,0.0,0.0,0.0,7.07,1.84,0.0,0.0,0.0,0.0,0.0,7.07,0.0,0.0,0.0,0.0,5.65,0.0,0.0,0.0,0.0,0.0,0.0,0.0
10.1103/PhysRevA.90.042118,0.0,0.0,0.0,0.0,0.0,0.0,0.54,0.0,0.0,0.0,0.0,0.0,2.83,0.0,0.0,0.0,0.0,0.0,1.6,0.0,0.0,0.0,10.68,0.0,3.26,0.0,1.93,0.0,0.0,0.0,0.0,0.0,0.0,0.0,2.08,0.0,0.0,0.0,0.0,0.0
10.1103/PhysRevA.90.032319,0.0,0.0,0.0,0.0,1.59,3.72,0.0,0.0,0.0,0.0,0.0,0.0,1.41,0.0,0.0,0.0,0.0,0.0,0.0,0.0,0.0,0.0,0.0,0.0,0.0,1.63,0.0,0.0,0.0,3.03,0.0,0.0,0.0,2.47,4.16,0.0,4.27,0.0,0.0,0.0
10.1038/ncomms4895,0.0,0.0,0.0,0.0,1.06,0.0,0.0,0.0,1.17,0.0,0.0,0.0,0.0,0.0,0.0,0.0,0.0,0.0,1.6,2.47,7.07,0.0,0.0,0.0,0.0,0.0,0.0,0.0,0.0,0.0,0.0,1.86,0.0,0.0,0.0,0.0,0.0,0.0,0.0,0.0
10.1063/1.4901162,0.79,1.0,0.96,0.0,0.0,7.45,0.0,0.0,3.51,0.0,0.0,0.0,0.0,0.0,4.79,0.0,0.0,3.23,0.0,0.0,0.0,0.0,0.0,0.0,0.0,0.0,0.0,0.0,0.0,0.0,0.0,0.0,0.0,0.0,0.0,0.0,0.0,0.0,8.9,0.0
10.1007/s10701-013-9735-3,0.0,0.0,0.0,3.72,0.0,0.0,0.54,0.0,0.0,0.0,0.0,0.0,0.0,0.0,0.0,0.0,0.0,0.0,0.0,0.0,0.0,0.0,0.0,0.0,1.63,0.0,0.0,0.0,0.0,1.52,0.0,0.0,0.0,0.0,0.0,0.0,0.0,0.0,0.0,0.0
10.1016/j.cap.2014.06.017,0.0,0.0,0.0,0.0,2.66,0.0,1.07,0.0,0.0,0.0,0.0,0.0,1.41,9.58,0.0,0.0,0.0,0.0,0.0,0.0,4.72,0.0,0.0,0.0,0.0,0.0,0.0,0.0,0.0,0.0,0.0,0.0,0.0,0.0,0.0,0.0,0.0,2.16,0.0,0.0
10.1209/0295-5075/107/67004,0.79,0.0,4.81,5.59,0.53,0.0,0.0,1.13,0.0,0.0,0.0,1.41,0.0,0.0,0.0,0.0,0.0,0.0,0.0,0.0,0.0,0.0,0.0,0.0,4.89,0.0,0.0,0.0,0.0,0.0,0.0,0.0,0.0,0.0,0.0,0.0,0.0,0.0,0.0,0.0
10.1126/science.1253512,0.0,0.0,0.0,3.72,0.53,0.0,1.61,0.0,0.0,0.0,0.0,0.0,0.0,0.0,0.0,0.0,0.0,0.0,0.0,0.0,2.36,0.0,0.0,0.0,1.63,0.0,0.0,0.0,0.0,3.03,0.0,1.86,0.0,0.0,0.0,0.0,4.27,0.0,0.0,0.0
10.1063/1.4868107,0.79,2.0,0.0,0.0,0.53,0.0,0.0,0.0,0.0,0.0,0.0,0.0,0.0,0.0,1.6,0.0,0.0,0.0,0.0,0.0,0.0,3.68,0.0,0.0,0.0,0.0,5.79,0.0,0.0,0.0,0.0,0.0,1.88,0.0,0.0,0.0,0.0,0.0,0.0,0.0
10.1088/0253-6102/61/2/06,0.0,2.0,0.0,0.0,0.0,1.86,0.0,1.13,1.17,0.0,0.0,2.83,0.0,0.0,0.0,0.0,0.0,3.23,0.0,0.0,0.0,0.0,0.0,0.0,0.0,0.0,1.93,0.0,0.0,0.0,0.0,1.86,1.88,0.0,0.0,0.0,0.0,2.16,0.0,0.0
10.1103/PhysRevA.90.042327,0.0,3.0,0.0,0.0,0.53,0.0,0.0,0.0,0.0,0.0,0.0,0.0,0.0,0.0,0.0,0.0,0.0,4.84,0.0,0.0,2.36,0.0,0.0,0.0,0.0,0.0,0.0,7.07,0.0,0.0,0.0,1.86,5.65,0.0,0.0,0.0,0.0,0.0,0.0,0.0
10.1038/srep07551,0.79,3.0,0.0,0.0,1.59,0.0,0.54,0.0,0.0,0.0,0.0,0.0,0.0,0.0,0.0,0.0,0.0,1.61,0.0,0.0,0.0,1.84,0.0,0.0,0.0,0.0,0.0,0.0,0.0,0.0,0.0,1.86,0.0,0.0,0.0,0.0,0.0,0.0,0.0,0.0
10.1038/ncomms5870,0.0,4.0,0.0,0.0,0.0,1.86,1.07,0.0,0.0,0.0,0.0,0.0,0.0,0.0,0.0,1.76,0.0,0.0,0.0,0.0,0.0,0.0,2.14,0.0,0.0,0.0,0.0,4.72,0.0,0.0,0.0,5.59,0.0,0.0,0.0,0.0,2.14,0.0,0.0,0.0
10.1038/ncomms5822,0.0,0.0,0.0,0.0,0.53,0.0,0.0,0.0,0.0,0.0,0.0,7.07,2.83,2.39,0.0,0.0,0.0,0.0,0.0,0.0,0.0,0.0,0.0,0.0,0.0,0.0,0.0,0.0,0.0,0.0,0.0,0.0,1.88,12.36,4.16,0.0,0.0,0.0,0.0,1.68
10.1103/PhysRevLett.112.116802,1.57,1.0,0.0,0.0,0.53,0.0,1.07,0.0,0.0,0.0,0.0,0.0,0.0,0.0,0.0,0.0,0.0,0.0,0.0,0.0,0.0,0.0,0.0,0.0,0.0,1.63,0.0,0.0,0.0,1.52,0.0,1.86,0.0,0.0,0.0,0.0,0.0,0.0,0.0,0.0
10.1103/PhysRevA.90.022320,0.0,3.0,0.0,3.72,0.53,0.0,0.54,3.38,0.0,0.0,6.24,0.0,0.0,0.0,0.0,0.0,0.0,0.0,0.0,0.0,0.0,0.0,0.0,0.0,0.0,0.0,0.0,0.0,0.0,0.0,0.0,3.72,0.0,0.0,0.0,0.0,0.0,0.0,0.0,0.0
10.1103/PhysRevA.89.022310,0.0,8.99,0.96,0.0,0.0,9.31,0.0,0.0,0.0,0.0,2.08,0.0,1.41,0.0,1.6,0.0,0.0,0.0,0.0,0.0,0.0,0.0,0.0,0.0,0.0,0.0,0.0,0.0,0.0,0.0,8.32,1.86,0.0,0.0,4.16,8.78,0.0,0.0,0.0,0.0
10.1103/PhysRevB.89.085314,0.0,6.99,0.0,0.0,0.0,1.86,0.0,0.0,1.17,0.0,8.32,0.0,0.0,0.0,0.0,0.0,0.0,1.61,0.0,0.0,0.0,0.0,0.0,0.0,0.0,0.0,0.0,0.0,0.0,0.0,0.0,1.86,0.0,0.0,0.0,0.0,0.0,0.0,0.0,1.68
10.1039/c3nr04114j,1.57,0.0,0.0,0.0,0.0,0.0,0.54,0.0,0.0,0.0,0.0,0.0,0.0,0.0,0.0,0.0,0.0,3.23,0.0,0.0,0.0,0.0,2.14,0.0,0.0,0.0,0.0,0.0,1.72,0.0,0.0,0.0,0.0,0.0,0.0,0.0,0.0,0.0,0.0,0.0
10.1103/PhysRevA.90.022118,0.79,0.0,4.81,0.0,1.06,5.59,0.0,1.13,1.17,0.0,0.0,5.65,0.0,0.0,0.0,0.0,0.0,0.0,0.0,2.47,0.0,0.0,0.0,0.0,0.0,3.26,1.93,4.72,0.0,0.0,0.0,0.0,0.0,0.0,0.0,0.0,0.0,0.0,2.22,0.0
10.1038/ncomms6156,0.0,1.0,0.0,0.0,0.0,0.0,0.0,1.13,0.0,0.0,0.0,2.83,1.41,0.0,0.0,0.0,0.0,0.0,3.19,0.0,0.0,0.0,0.0,0.0,0.0,0.0,0.0,0.0,0.0,4.55,2.08,0.0,0.0,2.47,0.0,2.19,0.0,0.0,0.0,0.0
10.1038/ncomms5225,0.0,0.0,0.0,0.0,0.0,0.0,0.54,0.0,0.0,0.0,0.0,0.0,0.0,0.0,0.0,3.52,2.69,0.0,0.0,0.0,0.0,12.88,0.0,0.0,0.0,0.0,0.0,0.0,6.88,0.0,0.0,0.0,0.0,0.0,0.0,0.0,0.0,0.0,0.0,0.0
10.1209/0295-5075/106/67008,1.57,1.0,0.0,0.0,0.53,0.0,2.15,0.0,0.0,0.0,0.0,0.0,0.0,0.0,3.19,0.0,0.0,3.23,0.0,0.0,0.0,0.0,0.0,0.0,1.63,0.0,0.0,9.43,0.0,0.0,0.0,0.0,0.0,0.0,0.0,0.0,0.0,6.49,0.0,0.0
10.1007/s10773-013-1944-1,0.0,0.0,0.0,3.72,0.0,0.0,0.54,0.0,2.34,0.0,0.0,0.0,0.0,0.0,0.0,0.0,0.0,0.0,0.0,0.0,0.0,0.0,0.0,3.64,0.0,0.0,0.0,0.0,0.0,0.0,0.0,0.0,0.0,0.0,0.0,0.0,0.0,0.0,0.0,0.0
10.1016/j.optcom.2013.11.051,1.57,3.0,0.0,0.0,0.0,0.0,0.0,2.25,1.17,0.0,2.08,0.0,0.0,0.0,0.0,0.0,0.0,0.0,0.0,0.0,0.0,0.0,0.0,0.0,0.0,0.0,0.0,0.0,0.0,0.0,0.0,0.0,0.0,0.0,2.08,0.0,0.0,0.0,2.22,0.0
10.1038/NNANO.2014.175,1.57,0.0,0.96,0.0,0.0,3.72,0.0,0.0,0.0,0.0,0.0,0.0,0.0,0.0,0.0,0.0,0.0,0.0,1.6,0.0,0.0,0.0,2.14,0.0,0.0,1.63,1.93,0.0,1.72,0.0,0.0,0.0,0.0,0.0,4.16,0.0,0.0,2.16,0.0,0.0
10.1063/1.4867905,0.0,0.0,0.96,0.0,1.06,0.0,0.0,0.0,0.0,0.0,2.08,0.0,2.83,2.39,0.0,3.52,0.0,0.0,1.6,0.0,0.0,0.0,0.0,0.0,0.0,1.63,0.0,0.0,1.72,0.0,0.0,7.45,0.0,2.47,2.08,0.0,0.0,0.0,0.0,0.0
10.1002/cphc.201400029,0.0,2.0,1.93,0.0,0.0,0.0,3.22,0.0,0.0,0.0,0.0,1.41,0.0,0.0,0.0,0.0,0.0,0.0,0.0,0.0,0.0,0.0,0.0,0.0,0.0,0.0,0.0,0.0,0.0,0.0,0.0,0.0,1.88,0.0,0.0,0.0,0.0,0.0,0.0,0.0
10.1103/PhysRevA.89.032305,0.0,1.0,0.0,1.86,1.59,0.0,1.07,1.13,0.0,0.0,0.0,0.0,0.0,0.0,4.79,0.0,0.0,0.0,0.0,0.0,0.0,0.0,0.0,5.46,0.0,0.0,0.0,0.0,0.0,0.0,0.0,0.0,1.88,0.0,0.0,0.0,0.0,0.0,6.67,0.0
10.1103/PhysRevB.90.045308,1.57,0.0,0.96,0.0,1.06,0.0,0.0,2.25,0.0,0.0,6.24,2.83,0.0,0.0,0.0,0.0,0.0,0.0,0.0,0.0,0.0,0.0,0.0,3.64,0.0,0.0,0.0,0.0,1.72,0.0,0.0,0.0,0.0,0.0,2.08,0.0,0.0,0.0,0.0,3.37
10.1103/PhysRevB.90.035415,0.0,2.0,1.93,0.0,2.13,0.0,0.0,0.0,2.34,0.0,0.0,0.0,0.0,0.0,0.0,0.0,0.0,0.0,0.0,0.0,0.0,0.0,0.0,0.0,0.0,3.26,1.93,0.0,0.0,1.52,0.0,0.0,0.0,0.0,0.0,0.0,0.0,0.0,2.22,0.0
10.1103/PhysRevA.89.062318,0.0,0.0,3.85,11.17,1.06,0.0,0.54,1.13,0.0,0.0,0.0,2.83,0.0,0.0,0.0,0.0,0.0,4.84,0.0,0.0,0.0,0.0,0.0,0.0,1.63,0.0,0.0,0.0,0.0,0.0,0.0,0.0,0.0,0.0,0.0,0.0,0.0,2.16,0.0,0.0
10.1038/NNANO.2014.216,2.36,2.0,0.0,0.0,1.59,0.0,0.0,0.0,2.34,0.0,2.08,0.0,4.24,0.0,0.0,1.76,0.0,0.0,3.19,0.0,0.0,0.0,0.0,0.0,0.0,3.26,1.93,0.0,1.72,0.0,0.0,7.45,1.88,0.0,0.0,0.0,2.14,0.0,0.0,1.68
10.1103/PhysRevLett.112.010502,0.0,0.0,3.85,0.0,0.0,0.0,0.0,2.25,0.0,0.0,0.0,0.0,0.0,0.0,0.0,0.0,0.0,0.0,0.0,0.0,0.0,0.0,0.0,3.64,0.0,0.0,7.72,0.0,0.0,0.0,0.0,0.0,0.0,0.0,0.0,2.19,0.0,0.0,0.0,0.0
10.1103/PhysRevLett.112.050502,0.0,5.99,0.0,0.0,0.53,1.86,0.0,0.0,0.0,0.0,0.0,0.0,0.0,0.0,0.0,0.0,0.0,0.0,0.0,0.0,0.0,0.0,0.0,0.0,0.0,0.0,0.0,0.0,0.0,0.0,0.0,1.86,1.88,0.0,0.0,0.0,2.14,0.0,0.0,1.68
10.1103/PhysRevLett.113.020506,0.0,4.0,0.0,0.0,0.53,0.0,0.54,1.13,1.17,0.0,0.0,0.0,0.0,0.0,0.0,0.0,0.0,0.0,0.0,0.0,0.0,0.0,2.14,0.0,0.0,3.26,0.0,9.43,0.0,0.0,0.0,0.0,0.0,0.0,0.0,0.0,4.27,2.16,0.0,0.0
10.1038/NPHYS2881,0.0,0.0,0.0,0.0,0.53,0.0,1.61,0.0,0.0,0.0,0.0,0.0,1.41,0.0,0.0,0.0,0.0,0.0,0.0,0.0,0.0,0.0,0.0,0.0,16.3,0.0,0.0,0.0,0.0,1.52,0.0,0.0,0.0,0.0,0.0,0.0,2.14,0.0,0.0,0.0
10.1016/j.physb.2013.09.031,0.0,0.0,0.0,0.0,0.53,3.72,0.0,0.0,0.0,0.0,0.0,2.83,0.0,0.0,0.0,0.0,0.0,0.0,4.79,0.0,0.0,0.0,4.27,0.0,1.63,0.0,0.0,0.0,0.0,0.0,0.0,0.0,0.0,0.0,2.08,0.0,0.0,0.0,0.0,0.0
10.1038/NNANO.2014.211,0.0,1.0,0.0,0.0,2.13,3.72,1.07,1.13,0.0,0.0,0.0,1.41,1.41,0.0,0.0,1.76,0.0,0.0,4.79,0.0,0.0,3.68,0.0,0.0,0.0,0.0,0.0,0.0,3.44,4.55,0.0,1.86,0.0,2.47,0.0,0.0,0.0,0.0,0.0,0.0
10.1063/1.4875909,3.14,0.0,0.0,0.0,1.06,0.0,2.15,0.0,0.0,0.0,0.0,0.0,1.41,0.0,4.79,0.0,0.0,0.0,0.0,0.0,0.0,0.0,0.0,0.0,1.63,0.0,0.0,0.0,0.0,0.0,0.0,0.0,0.0,0.0,0.0,0.0,0.0,0.0,0.0,0.0
10.1103/PhysRevLett.112.236801,0.0,1.0,0.96,0.0,2.13,0.0,1.61,1.13,0.0,5.49,4.16,0.0,0.0,2.39,0.0,7.03,0.0,0.0,0.0,7.41,0.0,0.0,0.0,0.0,0.0,0.0,0.0,0.0,0.0,0.0,4.16,1.86,1.88,0.0,0.0,2.19,0.0,0.0,2.22,0.0
10.1038/ncomms4371,0.0,1.0,0.0,5.59,1.06,0.0,0.54,1.13,1.17,0.0,0.0,0.0,5.65,0.0,0.0,0.0,0.0,0.0,1.6,0.0,0.0,1.84,2.14,0.0,0.0,0.0,0.0,0.0,0.0,3.03,0.0,5.59,0.0,0.0,2.08,0.0,2.14,0.0,0.0,0.0
10.1103/PhysRevA.89.012313,0.0,0.0,0.0,0.0,0.0,1.86,0.54,0.0,0.0,0.0,0.0,0.0,0.0,0.0,3.19,0.0,0.0,0.0,0.0,0.0,0.0,0.0,0.0,0.0,0.0,0.0,0.0,0.0,0.0,0.0,0.0,0.0,0.0,0.0,2.08,0.0,0.0,0.0,0.0,0.0
10.1103/PhysRevLett.113.246801,0.0,0.0,0.0,0.0,0.0,0.0,0.54,0.0,0.0,0.0,0.0,1.41,1.41,0.0,0.0,1.76,0.0,0.0,1.6,0.0,0.0,0.0,0.0,0.0,1.63,0.0,0.0,0.0,1.72,0.0,0.0,0.0,0.0,0.0,0.0,0.0,0.0,0.0,0.0,0.0
10.1021/ja507846k,0.0,0.0,0.96,0.0,1.59,0.0,1.07,0.0,1.17,0.0,0.0,0.0,0.0,0.0,0.0,0.0,0.0,0.0,1.6,0.0,0.0,0.0,2.14,0.0,0.0,1.63,0.0,0.0,0.0,0.0,0.0,0.0,0.0,0.0,0.0,0.0,0.0,12.98,0.0,0.0
10.1016/j.optcom.2014.02.019,1.57,3.0,0.0,3.72,2.13,0.0,0.54,0.0,0.0,0.0,0.0,0.0,0.0,0.0,0.0,0.0,0.0,0.0,0.0,0.0,4.72,0.0,0.0,0.0,1.63,0.0,0.0,2.36,0.0,0.0,0.0,1.86,5.65,0.0,0.0,0.0,0.0,0.0,0.0,0.0
10.1103/PhysRevB.90.241203,0.0,0.0,1.93,0.0,2.13,0.0,0.54,0.0,0.0,0.0,0.0,2.83,0.0,0.0,0.0,3.52,0.0,0.0,1.6,0.0,0.0,0.0,0.0,0.0,0.0,0.0,0.0,0.0,0.0,1.52,0.0,0.0,0.0,9.89,0.0,0.0,2.14,0.0,0.0,0.0
10.1103/PhysRevB.90.235315,3.14,0.0,1.93,0.0,1.06,9.31,1.07,1.13,0.0,19.22,0.0,0.0,0.0,0.0,0.0,0.0,0.0,0.0,0.0,19.77,0.0,1.84,0.0,0.0,0.0,0.0,0.0,0.0,1.72,0.0,0.0,0.0,0.0,0.0,0.0,0.0,0.0,0.0,4.45,0.0
10.1103/PhysRevB.90.060404,0.0,0.0,0.0,0.0,0.0,0.0,0.0,0.0,0.0,0.0,0.0,1.41,0.0,0.0,0.0,0.0,0.0,0.0,1.6,0.0,0.0,0.0,0.0,0.0,0.0,0.0,0.0,0.0,0.0,0.0,0.0,0.0,0.0,0.0,0.0,0.0,0.0,0.0,0.0,0.0
10.1103/PhysRevB.89.115438,1.57,0.0,2.89,0.0,0.53,0.0,1.61,0.0,0.0,0.0,0.0,0.0,0.0,0.0,0.0,0.0,0.0,1.61,0.0,0.0,0.0,0.0,0.0,0.0,1.63,0.0,0.0,0.0,0.0,0.0,0.0,0.0,0.0,0.0,0.0,0.0,0.0,0.0,0.0,0.0
10.1103/PhysRevB.89.115401,0.0,1.0,0.96,0.0,0.53,3.72,0.0,0.0,0.0,0.0,0.0,4.24,0.0,0.0,1.6,0.0,0.0,0.0,0.0,0.0,0.0,0.0,0.0,0.0,0.0,0.0,0.0,0.0,0.0,0.0,0.0,0.0,0.0,0.0,0.0,0.0,0.0,0.0,0.0,1.68
10.1364/OE.22.000593,2.36,4.0,0.0,0.0,2.13,0.0,0.0,0.0,2.34,0.0,0.0,0.0,0.0,0.0,0.0,0.0,0.0,0.0,0.0,0.0,2.36,1.84,0.0,0.0,0.0,0.0,0.0,0.0,0.0,0.0,0.0,0.0,1.88,0.0,0.0,0.0,0.0,0.0,0.0,0.0
10.1103/PhysRevB.89.195302,4.71,2.0,4.81,0.0,1.06,18.62,0.0,1.13,1.17,0.0,0.0,2.83,0.0,0.0,9.58,0.0,0.0,0.0,0.0,14.83,0.0,0.0,0.0,0.0,0.0,0.0,0.0,0.0,0.0,0.0,0.0,0.0,0.0,0.0,0.0,0.0,0.0,0.0,2.22,1.68
10.1103/PhysRevB.89.045403,0.0,0.0,1.93,0.0,1.06,3.72,0.0,0.0,0.0,0.0,0.0,14.14,0.0,2.39,0.0,1.76,0.0,0.0,0.0,0.0,0.0,0.0,0.0,0.0,3.26,3.26,0.0,0.0,0.0,0.0,0.0,0.0,0.0,7.41,0.0,0.0,0.0,4.33,0.0,0.0
10.1209/0295-5075/108/36004,0.0,0.0,4.81,0.0,0.0,0.0,0.0,0.0,0.0,0.0,0.0,0.0,0.0,0.0,0.0,0.0,0.0,0.0,0.0,0.0,0.0,1.84,4.27,0.0,0.0,0.0,0.0,0.0,0.0,1.52,0.0,0.0,0.0,0.0,0.0,0.0,0.0,0.0,0.0,0.0
10.1103/PhysRevB.90.075436,1.57,1.0,1.93,0.0,1.59,0.0,0.54,3.38,0.0,0.0,6.24,0.0,1.41,0.0,0.0,0.0,0.0,1.61,0.0,0.0,0.0,0.0,0.0,0.0,0.0,0.0,1.93,0.0,0.0,0.0,0.0,0.0,0.0,0.0,0.0,0.0,0.0,0.0,0.0,0.0
10.1103/PhysRevLett.112.026801,0.79,1.0,0.0,0.0,1.06,1.86,0.0,0.0,0.0,0.0,6.24,0.0,0.0,0.0,0.0,0.0,0.0,0.0,0.0,0.0,0.0,1.84,0.0,0.0,0.0,0.0,0.0,0.0,0.0,0.0,0.0,0.0,0.0,0.0,0.0,0.0,0.0,0.0,0.0,0.0
10.1088/0953-4075/47/15/155502,0.0,0.0,4.81,0.0,0.0,0.0,2.15,0.0,0.0,0.0,0.0,1.41,0.0,0.0,0.0,0.0,0.0,0.0,0.0,4.94,0.0,0.0,0.0,1.82,0.0,0.0,7.72,0.0,0.0,0.0,0.0,0.0,0.0,0.0,0.0,0.0,2.14,0.0,0.0,0.0
10.1103/PhysRevB.89.045432,0.0,1.0,0.96,0.0,0.0,0.0,0.0,0.0,0.0,0.0,0.0,0.0,1.41,0.0,0.0,0.0,0.0,0.0,0.0,0.0,0.0,0.0,0.0,3.64,0.0,0.0,0.0,0.0,0.0,0.0,0.0,0.0,3.77,0.0,0.0,0.0,2.14,0.0,0.0,1.68
10.1140/epjd/e2014-50140-5,0.0,0.0,0.96,7.45,0.0,7.45,2.69,0.0,0.0,0.0,0.0,2.83,0.0,0.0,0.0,0.0,0.0,0.0,0.0,0.0,0.0,0.0,6.41,1.82,0.0,0.0,0.0,0.0,0.0,0.0,0.0,0.0,0.0,0.0,0.0,0.0,0.0,0.0,0.0,0.0
10.1038/ncomms5065,0.0,0.0,0.96,0.0,0.0,1.86,0.54,0.0,1.17,0.0,0.0,0.0,0.0,0.0,0.0,0.0,0.0,0.0,0.0,0.0,0.0,5.52,2.14,0.0,1.63,0.0,0.0,0.0,0.0,0.0,0.0,0.0,0.0,0.0,0.0,0.0,8.54,0.0,0.0,0.0
10.1038/NPHYS2826,0.0,0.0,0.0,0.0,0.53,0.0,1.61,0.0,0.0,0.0,0.0,0.0,0.0,0.0,0.0,10.55,0.0,0.0,0.0,0.0,0.0,0.0,4.27,0.0,0.0,3.26,0.0,0.0,0.0,0.0,0.0,0.0,0.0,0.0,0.0,0.0,0.0,0.0,0.0,0.0
10.1103/PhysRevB.89.205439,0.79,0.0,0.0,1.86,1.59,0.0,1.61,0.0,0.0,0.0,0.0,0.0,0.0,0.0,3.19,0.0,0.0,0.0,0.0,0.0,0.0,1.84,0.0,0.0,1.63,0.0,0.0,0.0,0.0,1.52,2.08,0.0,0.0,0.0,0.0,0.0,0.0,0.0,0.0,0.0
10.1021/nl500299h,3.14,2.0,1.93,0.0,2.66,0.0,0.54,0.0,0.0,5.49,0.0,0.0,0.0,0.0,1.6,5.28,0.0,1.61,0.0,0.0,0.0,0.0,2.14,0.0,1.63,0.0,0.0,0.0,0.0,0.0,0.0,0.0,0.0,0.0,0.0,0.0,0.0,0.0,2.22,1.68
10.1140/epjb/e2014-50147-8,0.0,0.0,1.93,0.0,2.13,0.0,0.0,0.0,1.17,0.0,0.0,2.83,0.0,0.0,0.0,7.03,0.0,0.0,0.0,0.0,0.0,0.0,2.14,0.0,0.0,1.63,0.0,0.0,0.0,0.0,0.0,0.0,0.0,0.0,2.08,0.0,2.14,0.0,0.0,0.0
10.1103/PhysRevB.90.155306,0.0,5.99,0.0,0.0,0.0,14.89,0.0,0.0,0.0,0.0,0.0,0.0,1.41,0.0,3.19,3.52,0.0,0.0,0.0,0.0,0.0,3.68,0.0,0.0,0.0,0.0,0.0,0.0,0.0,0.0,2.08,1.86,0.0,0.0,8.32,2.19,0.0,0.0,0.0,1.68
