DOI,atom,cavity,circuit,coherence,computation,control,couple,decoherence,detection,dynamic,entanglement,environment,error,excitation,experiment,fidelity,field,gate,information,interaction,ion,laser,level,measurement,mode,noise,number,parameter,phase,photon,process,pulse,quantum,quantum bit,quantum computing,quantum gate,quantum state,quantum system,qubit,scheme,source,spin,state,surface,transition,trap,trapped ion
10.1038/NPHYS1731,2.07,6.77,1.98,0.0,0.0,0.0,0.0,0.0,0.0,0.0,6.24,0.0,0.0,0.0,0.0,0.0,0.0,0.0,0.0,6.53,0.0,0.0,0.0,0.0,0.0,0.0,0.0,0.0,2.75,0.0,0.0,0.0,0.85,1.76,0.0,0.0,0.0,4.14,0.18,0.0,0.0,0.0,1.22,0.0,0.0,0.0,0.06
10.1103/PhysRevA.81.042321,0.0,0.0,0.0,0.0,0.0,0.0,0.0,0.0,2.07,0.0,1.25,0.0,0.0,0.0,0.0,0.0,0.0,0.0,0.0,0.0,4.01,0.0,0.0,0.0,0.0,0.0,0.0,0.0,0.0,5.48,0.0,0.0,0.0,0.0,1.98,0.0,0.0,0.0,0.06,0.0,0.0,0.0,0.41,0.0,0.0,1.37,0.12
10.1007/s10773-010-0253-1,0.0,6.77,0.0,0.0,1.9,0.0,1.52,0.0,0.0,1.76,0.0,0.0,0.0,2.07,0.0,0.0,0.0,2.65,0.0,1.63,0.0,0.0,0.0,0.0,1.63,0.0,0.0,4.14,0.0,0.0,0.0,0.0,0.0,0.0,0.0,0.0,0.0,0.0,0.3,1.29,0.0,0.0,0.0,0.0,0.0,0.0,0.06
10.1103/PhysRevB.81.134514,0.0,1.69,1.98,0.0,0.0,0.0,0.0,0.0,0.0,0.0,0.0,0.0,0.0,0.0,0.0,2.66,2.06,0.0,0.0,0.0,0.0,0.0,0.0,1.83,0.0,0.0,0.0,0.0,0.0,0.0,0.0,0.0,0.85,0.0,0.0,0.0,0.0,0.0,0.18,0.0,0.0,0.0,0.81,0.0,0.0,0.0,0.06
10.1209/0295-5075/92/30006,0.0,0.0,0.0,1.9,0.0,0.0,0.0,6.77,0.0,0.0,0.0,0.0,0.0,0.0,0.0,0.0,1.03,4.41,2.42,0.0,2.41,1.52,0.0,0.0,0.0,0.0,0.0,0.0,2.75,0.0,0.0,0.0,0.85,0.0,0.0,2.07,0.0,0.0,0.24,0.0,0.0,0.0,0.41,0.0,0.0,0.0,0.06
10.1038/NPHYS1781,0.0,0.0,0.0,0.0,0.0,0.0,0.0,3.39,0.0,5.27,11.22,5.27,0.0,0.0,0.0,0.0,0.0,0.0,0.0,0.0,0.0,0.0,0.0,0.0,0.0,0.0,0.0,0.0,0.0,0.0,0.0,0.0,0.85,0.0,1.98,0.0,1.9,0.0,0.06,0.0,0.0,0.0,1.62,0.0,0.0,0.0,0.06
10.1038/nature09256,2.07,0.0,0.0,0.0,0.0,1.52,0.0,0.0,0.0,0.0,3.74,0.0,0.0,0.0,1.76,0.0,1.03,0.0,0.0,1.63,0.0,0.0,0.0,0.0,0.0,0.0,0.0,0.0,0.0,7.31,0.0,0.0,1.71,0.0,0.0,0.0,0.0,0.0,0.18,0.0,2.07,2.94,1.62,0.0,0.0,0.0,0.06
10.1103/PhysRevA.81.062332,0.0,0.0,0.0,0.0,0.0,1.52,0.0,1.69,0.0,0.0,0.0,1.76,0.0,0.0,0.0,1.33,1.03,1.76,0.0,0.0,1.6,3.04,0.0,0.0,0.0,0.0,0.0,0.0,1.37,0.0,0.0,0.0,1.71,0.0,0.0,0.0,0.0,0.0,0.18,0.0,0.0,0.0,0.81,4.14,3.39,2.75,0.06
10.1103/PhysRevA.81.040302,0.0,0.0,0.0,0.0,0.0,0.0,0.0,0.0,2.07,0.0,0.0,0.0,3.04,0.0,0.0,2.66,0.0,0.0,0.0,0.0,0.8,0.0,0.0,0.0,0.0,0.0,0.0,0.0,0.0,0.0,0.0,0.0,0.0,0.0,0.0,0.0,0.0,0.0,0.47,0.0,0.0,0.0,0.0,0.0,0.0,0.0,0.0
10.1103/PhysRevA.82.023409,0.0,0.0,0.0,0.0,0.0,0.0,0.0,0.0,0.0,1.76,0.0,0.0,0.0,0.0,0.0,0.0,0.0,0.0,0.0,0.0,0.0,1.52,0.0,0.0,0.0,0.0,0.0,0.0,8.25,0.0,0.0,0.0,0.0,0.0,0.0,0.0,0.0,0.0,0.06,0.0,0.0,0.0,0.41,0.0,0.0,0.0,0.12
10.1038/nature09801,0.0,0.0,0.0,0.0,1.9,1.52,1.52,0.0,0.0,5.27,1.25,3.52,0.0,0.0,0.0,0.0,0.0,2.65,0.0,1.63,0.0,0.0,0.0,1.83,0.0,0.0,0.0,0.0,0.0,0.0,0.0,0.0,0.0,1.76,1.98,0.0,0.0,8.27,0.06,0.0,0.0,1.47,0.41,0.0,0.0,0.0,0.12
10.1088/0253-6102/55/5/09,0.0,0.0,0.0,0.0,0.0,0.0,0.0,0.0,0.0,0.0,0.0,0.0,0.0,2.07,0.0,0.0,0.0,2.65,0.0,0.0,0.8,0.0,0.0,0.0,1.63,0.0,0.0,0.0,2.75,0.0,0.0,0.0,1.71,0.0,0.0,0.0,0.0,0.0,0.18,5.15,0.0,0.0,0.0,0.0,0.0,0.0,0.12
10.1103/PhysRevA.84.012314,0.0,0.0,0.0,0.0,0.0,0.0,0.0,0.0,0.0,0.0,0.0,0.0,0.0,0.0,0.0,1.33,0.0,4.41,0.0,0.0,0.8,1.52,0.0,0.0,0.0,1.76,0.0,2.07,0.0,0.0,0.0,0.0,1.71,0.0,0.0,0.0,0.0,0.0,0.06,0.0,0.0,0.0,0.0,0.0,0.0,0.0,0.06
10.1088/1367-2630/13/8/085007,0.0,0.0,0.0,0.0,0.0,0.0,1.52,0.0,0.0,5.27,0.0,1.76,0.0,0.0,1.76,0.0,0.0,2.65,0.0,3.27,2.41,0.0,0.0,1.83,0.0,0.0,0.0,0.0,0.0,0.0,0.0,0.0,0.0,0.0,3.96,0.0,0.0,2.07,0.06,1.29,0.0,2.94,0.81,0.0,0.0,2.75,0.12
10.1103/PhysRevLett.106.140502,0.0,0.0,0.0,0.0,0.0,0.0,1.52,1.69,0.0,1.76,0.0,3.52,0.0,0.0,0.0,0.0,1.03,0.0,0.0,0.0,0.0,0.0,0.0,5.48,0.0,0.0,1.9,0.0,0.0,0.0,0.0,0.0,0.0,0.0,0.0,0.0,0.0,0.0,0.18,0.0,0.0,1.47,0.41,0.0,0.0,0.0,0.06
10.1126/science.1208001,0.0,0.0,0.0,0.0,0.0,1.52,0.0,0.0,0.0,1.76,0.0,0.0,0.0,0.0,0.0,0.0,0.0,0.88,0.0,1.63,0.0,0.0,1.83,0.0,0.0,0.0,0.0,0.0,0.0,0.0,0.0,0.0,0.0,0.0,0.0,0.0,0.0,0.0,0.06,0.0,0.0,1.47,0.0,0.0,0.0,0.0,0.12
10.1126/science.1203329,0.0,0.0,0.0,0.0,1.9,0.0,0.0,0.0,0.0,0.0,0.0,1.76,4.56,0.0,0.0,1.33,0.0,2.65,0.0,0.0,0.0,0.0,0.0,1.83,0.0,1.76,0.0,0.0,1.37,0.0,0.0,0.0,0.85,0.0,0.0,2.07,0.0,0.0,0.12,0.0,0.0,0.0,0.0,0.0,0.0,0.0,0.06
10.1103/PhysRevA.84.032314,0.0,0.0,0.0,1.9,0.0,0.0,0.0,0.0,0.0,0.0,0.0,0.0,0.0,6.2,1.76,1.33,0.0,0.0,0.0,0.0,2.41,1.52,1.83,0.0,4.9,0.0,0.0,0.0,0.0,0.0,0.0,0.0,0.0,0.0,0.0,0.0,0.0,0.0,0.12,0.0,0.0,0.0,0.81,0.0,0.0,1.37,0.06
10.1038/ncomms1556,0.0,0.0,0.0,0.0,3.8,0.0,0.0,1.69,2.07,0.0,1.25,0.0,0.0,0.0,1.76,1.33,0.0,0.0,2.42,0.0,0.0,1.52,0.0,0.0,0.0,0.0,3.8,0.0,0.0,10.96,1.76,0.0,1.71,0.0,0.0,0.0,0.0,0.0,0.06,0.0,2.07,0.0,2.03,0.0,0.0,0.0,0.06
10.1088/1367-2630/13/6/063015,2.07,0.0,1.98,0.0,0.0,0.0,0.0,0.0,0.0,0.0,4.99,0.0,0.0,0.0,3.52,0.0,0.0,0.0,1.21,1.63,0.0,0.0,3.65,0.0,0.0,0.0,0.0,2.07,1.37,1.83,0.0,0.0,0.85,0.0,0.0,0.0,0.0,4.14,0.06,0.0,0.0,0.0,0.41,0.0,0.0,0.0,0.06
10.1007/s10773-011-0759-1,0.0,0.0,0.0,0.0,0.0,0.0,0.0,0.0,0.0,3.52,0.0,7.03,0.0,0.0,0.0,0.0,0.0,0.0,0.0,0.0,0.0,0.0,0.0,0.0,0.0,0.0,0.0,0.0,0.0,0.0,0.0,0.0,2.56,0.0,0.0,0.0,0.0,0.0,0.12,0.0,0.0,0.0,1.22,0.0,0.0,0.0,0.06
10.1103/PhysRevA.83.022305,0.0,0.0,0.0,0.0,0.0,6.09,0.0,0.0,0.0,0.0,0.0,0.0,0.0,0.0,0.0,0.0,1.03,0.0,0.0,1.63,8.02,0.0,0.0,0.0,4.9,0.0,0.0,0.0,0.0,0.0,0.0,2.07,0.0,0.0,0.0,0.0,0.0,0.0,0.06,0.0,2.07,0.0,1.62,0.0,1.69,6.87,0.06
10.1103/PhysRevA.84.022319,0.0,0.0,1.98,0.0,0.0,0.0,0.0,0.0,0.0,0.0,0.0,0.0,0.0,0.0,0.0,0.0,0.0,1.76,0.0,0.0,0.0,0.0,0.0,0.0,0.0,0.0,1.9,0.0,0.0,0.0,0.0,6.2,0.0,0.0,0.0,4.14,0.0,0.0,0.3,0.0,0.0,0.0,1.22,0.0,3.39,0.0,0.06
10.1103/PhysRevA.84.030303,0.0,0.0,0.0,0.0,0.0,0.0,0.0,0.0,0.0,0.0,0.0,0.0,4.56,0.0,0.0,0.0,0.0,2.65,0.0,0.0,2.41,0.0,0.0,0.0,0.0,0.0,0.0,0.0,0.0,0.0,0.0,0.0,0.0,0.0,1.98,0.0,0.0,0.0,0.24,0.0,0.0,0.0,0.41,2.07,0.0,2.75,0.06
10.1088/0953-4075/44/2/025501,0.0,0.0,0.0,1.9,0.0,0.0,0.0,0.0,0.0,0.0,0.0,1.76,0.0,0.0,0.0,0.0,0.0,0.0,0.0,0.0,0.8,0.0,0.0,0.0,0.0,1.76,0.0,0.0,0.0,0.0,0.0,2.07,0.0,0.0,0.0,0.0,0.0,0.0,0.24,0.0,0.0,1.47,0.0,0.0,0.0,0.0,0.0
10.1103/PhysRevA.83.062330,0.0,0.0,0.0,0.0,0.0,0.0,0.0,3.39,0.0,0.0,0.0,0.0,6.09,0.0,0.0,0.0,1.03,0.0,1.21,0.0,4.01,0.0,0.0,0.0,0.0,0.0,0.0,0.0,1.37,0.0,1.76,0.0,0.0,0.0,0.0,0.0,0.0,0.0,0.06,0.0,0.0,0.0,0.0,0.0,0.0,2.75,0.06
10.1364/JOSAB.28.002865,4.14,1.69,0.0,0.0,0.0,0.0,0.0,0.0,4.14,0.0,1.25,0.0,0.0,0.0,0.0,1.33,0.0,0.0,0.0,0.0,5.62,1.52,0.0,1.83,0.0,0.0,0.0,0.0,0.0,3.65,0.0,0.0,0.0,0.0,0.0,2.07,1.9,0.0,0.06,0.0,0.0,0.0,0.0,2.07,0.0,8.25,0.12
10.1038/nature11573,2.07,0.0,0.0,0.0,0.0,0.0,0.0,0.0,2.07,0.0,6.24,0.0,0.0,0.0,0.0,0.0,1.03,0.0,1.21,0.0,0.0,0.0,0.0,0.0,0.0,0.0,0.0,0.0,0.0,10.96,1.76,0.0,0.0,3.52,0.0,0.0,0.0,0.0,0.0,1.29,0.0,7.35,0.0,0.0,1.69,0.0,0.06
10.1038/NPHYS2385,0.0,0.0,1.98,1.9,0.0,1.52,0.0,0.0,0.0,0.0,1.25,0.0,0.0,0.0,3.52,0.0,0.0,0.0,0.0,1.63,0.0,0.0,0.0,0.0,0.0,0.0,5.7,0.0,1.37,0.0,0.0,0.0,0.85,1.76,0.0,0.0,1.9,2.07,0.24,0.0,0.0,0.0,0.81,0.0,0.0,0.0,0.06
10.1038/NNANO.2012.126,0.0,0.0,0.0,0.0,0.0,1.52,0.0,0.0,0.0,0.0,0.0,0.0,0.0,0.0,1.76,0.0,0.0,0.0,1.21,0.0,8.83,0.0,0.0,0.0,0.0,0.0,3.8,0.0,0.0,0.0,0.0,0.0,2.56,1.76,0.0,0.0,0.0,0.0,0.18,0.0,0.0,0.0,0.41,0.0,0.0,8.25,0.06
10.1007/s11433-012-4815-5,0.0,0.0,0.0,0.0,0.0,0.0,0.0,0.0,0.0,0.0,0.0,0.0,0.0,0.0,0.0,0.0,0.0,0.0,1.21,0.0,0.8,0.0,0.0,0.0,0.0,0.0,0.0,0.0,0.0,0.0,1.76,0.0,0.0,0.0,0.0,0.0,0.0,0.0,0.12,2.58,0.0,0.0,3.24,0.0,0.0,0.0,0.06
10.1103/PhysRevA.85.032334,0.0,1.69,0.0,0.0,1.9,0.0,1.52,0.0,0.0,0.0,0.0,0.0,0.0,0.0,0.0,0.0,0.0,0.0,0.0,1.63,0.0,0.0,0.0,0.0,0.0,0.0,1.9,2.07,0.0,0.0,0.0,0.0,2.56,0.0,0.0,0.0,1.9,0.0,0.12,3.86,0.0,0.0,1.22,0.0,0.0,0.0,0.12
10.1103/PhysRevB.85.241401,0.0,0.0,0.0,0.0,0.0,0.0,0.0,0.0,0.0,0.0,0.0,0.0,0.0,2.07,0.0,2.66,0.0,2.65,0.0,0.0,0.0,0.0,0.0,0.0,0.0,0.0,0.0,2.07,2.75,0.0,0.0,4.14,0.85,0.0,1.98,2.07,0.0,0.0,0.06,0.0,0.0,0.0,0.41,0.0,0.0,0.0,0.06
10.1103/PhysRevA.85.040302,0.0,0.0,0.0,0.0,0.0,0.0,1.52,0.0,0.0,0.0,0.0,0.0,0.0,0.0,0.0,1.33,1.03,1.76,0.0,0.0,0.8,0.0,0.0,0.0,0.0,1.76,0.0,0.0,0.0,0.0,0.0,0.0,1.71,0.0,0.0,2.07,0.0,0.0,0.24,2.58,0.0,0.0,0.41,0.0,0.0,0.0,0.06
10.1103/PhysRevA.85.022511,2.07,0.0,1.98,0.0,0.0,0.0,0.0,0.0,0.0,0.0,0.0,0.0,0.0,0.0,0.0,0.0,4.13,0.0,0.0,0.0,0.0,0.0,0.0,0.0,1.63,0.0,1.9,0.0,0.0,0.0,0.0,0.0,0.85,0.0,0.0,0.0,0.0,0.0,0.06,1.29,0.0,0.0,0.0,0.0,0.0,0.0,0.06
10.1038/nature11120,0.0,5.08,0.0,0.0,0.0,3.04,4.56,0.0,0.0,0.0,2.49,0.0,0.0,0.0,1.76,1.33,0.0,0.0,1.21,1.63,1.6,0.0,1.83,0.0,0.0,0.0,0.0,2.07,2.75,5.48,0.0,0.0,0.0,0.0,0.0,0.0,1.9,0.0,0.06,0.0,0.0,0.0,3.24,0.0,3.39,0.0,0.06
10.1038/NMAT3182,0.0,0.0,0.0,9.5,0.0,0.0,0.0,3.39,0.0,0.0,0.0,0.0,0.0,0.0,0.0,0.0,1.03,0.0,1.21,3.27,0.0,0.0,0.0,0.0,0.0,0.0,0.0,0.0,0.0,0.0,1.76,0.0,0.85,0.0,0.0,0.0,0.0,0.0,0.06,0.0,2.07,14.7,0.81,0.0,1.69,0.0,0.06
10.1103/PhysRevLett.108.260503,0.0,0.0,0.0,0.0,0.0,0.0,0.0,0.0,0.0,0.0,0.0,0.0,4.56,0.0,1.76,0.0,0.0,4.41,1.21,0.0,1.6,0.0,0.0,0.0,0.0,0.0,1.9,0.0,2.75,0.0,0.0,0.0,0.0,0.0,1.98,0.0,0.0,0.0,0.18,0.0,0.0,0.0,0.0,0.0,0.0,1.37,0.06
10.1007/s00340-011-4807-6,0.0,0.0,0.0,1.9,0.0,1.52,0.0,0.0,0.0,0.0,0.0,0.0,0.0,0.0,1.76,1.33,1.03,0.0,1.21,0.0,2.41,3.04,0.0,0.0,0.0,0.0,0.0,0.0,0.0,0.0,0.0,0.0,0.0,1.76,0.0,0.0,0.0,0.0,0.06,0.0,2.07,2.94,1.22,0.0,0.0,5.5,0.06
10.1103/PhysRevLett.109.103601,0.0,0.0,0.0,0.0,0.0,0.0,0.0,0.0,0.0,0.0,1.25,1.76,6.09,0.0,0.0,2.66,0.0,0.88,1.21,0.0,0.0,0.0,0.0,0.0,0.0,0.0,0.0,0.0,0.0,10.96,0.0,0.0,0.85,0.0,0.0,0.0,0.0,0.0,0.18,1.29,0.0,0.0,0.0,0.0,0.0,0.0,0.06
10.1103/PhysRevLett.109.020503,0.0,0.0,0.0,0.0,0.0,0.0,0.0,0.0,0.0,0.0,0.0,0.0,3.04,0.0,0.0,1.33,0.0,4.41,0.0,0.0,0.8,0.0,0.0,0.0,1.63,0.0,0.0,0.0,0.0,0.0,0.0,2.07,0.0,0.0,0.0,0.0,0.0,0.0,0.12,0.0,0.0,1.47,0.0,0.0,0.0,0.0,0.06
10.1140/epjd/e2012-20576-8,0.0,0.0,0.0,0.0,0.0,0.0,0.0,0.0,0.0,1.76,1.25,0.0,0.0,0.0,0.0,0.0,1.03,0.0,9.66,0.0,0.0,1.52,0.0,0.0,0.0,0.0,0.0,0.0,0.0,0.0,1.76,0.0,1.71,0.0,0.0,0.0,1.9,0.0,0.12,0.0,0.0,0.0,0.41,0.0,0.0,0.0,0.06
10.1007/s00340-012-4882-3,0.0,0.0,0.0,0.0,0.0,1.52,1.52,0.0,0.0,0.0,0.0,0.0,0.0,2.07,0.0,0.0,0.0,0.0,0.0,1.63,1.6,1.52,0.0,0.0,3.27,0.0,0.0,2.07,0.0,0.0,0.0,4.14,0.0,0.0,0.0,0.0,0.0,0.0,0.12,0.0,0.0,0.0,0.0,0.0,1.69,0.0,0.0
10.1007/s10773-013-1646-8,0.0,0.0,0.0,0.0,0.0,0.0,0.0,1.69,0.0,0.0,0.0,0.0,0.0,0.0,0.0,0.0,1.03,0.88,0.0,0.0,2.41,1.52,1.83,0.0,0.0,0.0,0.0,0.0,0.0,0.0,0.0,0.0,1.71,1.76,0.0,0.0,0.0,0.0,0.12,6.44,0.0,0.0,0.41,0.0,0.0,0.0,0.06
10.1038/ncomms2764,0.0,3.39,0.0,1.9,0.0,0.0,10.65,0.0,0.0,0.0,0.0,0.0,0.0,2.07,0.0,0.0,1.03,0.88,0.0,0.0,0.0,0.0,1.83,0.0,1.63,0.0,0.0,0.0,0.0,3.65,0.0,0.0,0.0,1.76,1.98,0.0,0.0,0.0,0.06,0.0,0.0,0.0,0.41,0.0,0.0,0.0,0.06
10.1038/nature12801,0.0,0.0,0.0,0.0,1.9,1.52,1.52,3.39,0.0,1.76,3.74,3.52,0.0,0.0,0.0,1.33,0.0,0.88,0.0,0.0,1.6,0.0,0.0,0.0,0.0,1.76,0.0,2.07,1.37,0.0,0.0,0.0,1.71,3.52,0.0,2.07,0.0,2.07,0.18,0.0,0.0,0.0,4.05,0.0,0.0,0.0,0.06
10.1038/nature11821,2.07,10.16,3.96,0.0,0.0,1.52,1.52,0.0,0.0,1.76,0.0,0.0,0.0,2.07,0.0,0.0,1.03,0.0,2.42,0.0,0.0,0.0,0.0,0.0,1.63,0.0,0.0,0.0,0.0,1.83,0.0,0.0,2.56,1.76,0.0,0.0,0.0,4.14,0.18,0.0,0.0,0.0,1.62,0.0,1.69,0.0,0.06
10.1088/0256-307X/30/7/073701,0.0,0.0,0.0,0.0,0.0,0.0,0.0,0.0,0.0,0.0,0.0,0.0,0.0,0.0,0.0,0.0,0.0,0.0,1.21,0.0,3.21,0.0,0.0,0.0,0.0,0.0,0.0,0.0,0.0,0.0,1.76,0.0,0.0,0.0,0.0,0.0,0.0,0.0,0.06,0.0,0.0,0.0,0.0,4.14,0.0,1.37,0.18
10.1103/PhysRevLett.110.263002,0.0,0.0,0.0,0.0,0.0,0.0,0.0,0.0,0.0,0.0,0.0,0.0,3.04,4.14,0.0,1.33,1.03,2.65,0.0,0.0,0.8,0.0,0.0,0.0,0.0,0.0,0.0,0.0,1.37,0.0,0.0,0.0,0.0,0.0,0.0,0.0,0.0,0.0,0.06,1.29,2.07,0.0,1.22,0.0,1.69,0.0,0.12
10.1103/PhysRevLett.111.230507,0.0,1.69,0.0,1.9,0.0,0.0,1.52,0.0,0.0,0.0,0.0,0.0,0.0,0.0,0.0,0.0,0.0,0.88,1.21,0.0,0.0,0.0,3.65,0.0,1.63,0.0,0.0,0.0,0.0,0.0,0.0,0.0,0.0,0.0,0.0,0.0,0.0,0.0,0.24,6.44,0.0,0.0,1.62,0.0,0.0,0.0,0.06
10.1088/1367-2630/15/8/083001,0.0,0.0,0.0,0.0,0.0,0.0,0.0,0.0,0.0,0.0,0.0,0.0,1.52,0.0,0.0,0.0,0.0,4.41,0.0,0.0,0.0,6.09,0.0,0.0,0.0,3.52,0.0,0.0,4.12,0.0,0.0,0.0,0.0,0.0,0.0,0.0,0.0,0.0,0.18,2.58,2.07,0.0,0.0,0.0,0.0,0.0,0.12
10.1103/PhysRevA.87.062336,0.0,0.0,3.96,0.0,1.9,0.0,1.52,0.0,0.0,0.0,0.0,0.0,0.0,2.07,0.0,0.0,2.06,0.0,0.0,0.0,0.0,0.0,0.0,0.0,0.0,0.0,0.0,2.07,2.75,0.0,0.0,0.0,0.85,0.0,0.0,0.0,0.0,0.0,0.24,0.0,0.0,0.0,0.41,0.0,0.0,0.0,0.06
10.1038/srep01180,0.0,3.39,0.0,0.0,0.0,0.0,3.04,0.0,0.0,0.0,0.0,0.0,0.0,2.07,0.0,0.0,0.0,0.0,0.0,1.63,0.0,0.0,1.83,0.0,1.63,0.0,1.9,0.0,0.0,1.83,0.0,0.0,0.85,0.0,0.0,0.0,0.0,0.0,0.0,0.0,0.0,0.0,0.41,0.0,0.0,0.0,0.06
10.1103/PhysRevA.87.032325,0.0,0.0,1.98,1.9,0.0,0.0,0.0,0.0,0.0,0.0,2.49,0.0,0.0,0.0,0.0,0.0,0.0,0.88,0.0,0.0,0.0,0.0,1.83,0.0,0.0,0.0,0.0,0.0,0.0,0.0,0.0,0.0,1.71,0.0,0.0,0.0,0.0,0.0,0.18,0.0,0.0,0.0,1.22,0.0,0.0,0.0,0.06
10.1038/NNANO.2013.117,0.0,0.0,0.0,1.9,0.0,0.0,0.0,3.39,0.0,0.0,0.0,1.76,1.52,0.0,0.0,0.0,1.03,0.88,0.0,0.0,0.0,0.0,0.0,0.0,0.0,1.76,0.0,0.0,0.0,0.0,0.0,0.0,0.85,0.0,0.0,0.0,0.0,0.0,0.12,0.0,2.07,13.23,0.81,0.0,8.47,0.0,0.06
10.1140/epjst/e2013-01751-1,2.07,1.69,0.0,0.0,0.0,0.0,0.0,0.0,0.0,0.0,0.0,0.0,0.0,0.0,0.0,0.0,4.13,0.0,0.0,0.0,0.0,0.0,0.0,0.0,0.0,0.0,0.0,2.07,0.0,0.0,0.0,0.0,0.0,0.0,0.0,0.0,0.0,0.0,0.06,0.0,0.0,7.35,0.41,0.0,0.0,0.0,0.06
10.1038/NPHOTON.2013.287,0.0,0.0,0.0,0.0,3.8,0.0,0.0,0.0,0.0,0.0,0.0,0.0,0.0,0.0,0.0,0.0,0.0,0.0,0.0,0.0,0.0,0.0,0.0,3.65,4.9,0.0,0.0,0.0,0.0,0.0,0.0,0.0,0.85,0.0,0.0,0.0,0.0,0.0,0.0,1.29,0.0,0.0,0.81,0.0,0.0,0.0,0.06
10.1103/PhysRevA.87.022338,0.0,0.0,0.0,0.0,0.0,0.0,0.0,0.0,0.0,0.0,1.25,0.0,0.0,0.0,0.0,0.0,2.06,0.0,2.42,0.0,0.0,0.0,0.0,0.0,4.9,0.0,0.0,0.0,0.0,0.0,1.76,0.0,0.0,0.0,0.0,0.0,0.0,0.0,0.06,0.0,0.0,0.0,0.0,0.0,0.0,0.0,0.06
10.1103/PhysRevLett.110.160402,0.0,0.0,0.0,0.0,0.0,0.0,1.52,5.08,0.0,3.52,0.0,3.52,0.0,0.0,0.0,0.0,0.0,0.0,0.0,1.63,0.8,0.0,0.0,0.0,0.0,0.0,0.0,0.0,0.0,0.0,0.0,0.0,0.0,0.0,0.0,0.0,0.0,0.0,0.18,0.0,0.0,10.29,0.0,0.0,0.0,0.0,0.06
10.1038/nature12802,0.0,1.69,0.0,0.0,0.0,0.0,1.52,3.39,0.0,0.0,1.25,0.0,1.52,0.0,0.0,0.0,0.0,0.0,1.21,0.0,0.0,0.0,0.0,3.65,1.63,0.0,0.0,0.0,0.0,0.0,1.76,0.0,0.0,3.52,0.0,0.0,0.0,4.14,0.24,3.86,0.0,0.0,2.43,0.0,0.0,0.0,0.06
10.1088/1367-2630/15/3/033005,0.0,1.69,0.0,0.0,0.0,0.0,0.0,1.69,0.0,0.0,0.0,0.0,0.0,0.0,0.0,0.0,0.0,0.88,0.0,0.0,0.8,0.0,0.0,1.83,0.0,0.0,0.0,0.0,0.0,0.0,0.0,0.0,0.0,0.0,0.0,0.0,0.0,0.0,0.24,0.0,2.07,0.0,0.41,0.0,0.0,0.0,0.06
10.1364/OL.38.004735,0.0,0.0,0.0,0.0,0.0,0.0,0.0,0.0,10.34,0.0,1.25,0.0,0.0,0.0,0.0,2.66,0.0,0.0,0.0,0.0,0.0,0.0,0.0,0.0,0.0,0.0,0.0,0.0,0.0,3.65,0.0,0.0,0.0,0.0,0.0,0.0,0.0,0.0,0.24,0.0,0.0,0.0,1.22,2.07,0.0,1.37,0.06
10.1103/PhysRevLett.110.230601,0.0,0.0,0.0,0.0,0.0,0.0,0.0,0.0,0.0,0.0,0.0,0.0,0.0,0.0,0.0,0.0,0.0,0.0,0.0,0.0,0.0,0.0,0.0,0.0,0.0,0.0,0.0,0.0,0.0,0.0,0.0,0.0,0.0,0.0,0.0,0.0,0.0,4.14,0.18,2.58,0.0,1.47,0.41,0.0,0.0,0.0,0.06
10.1103/PhysRevLett.111.180501,0.0,0.0,0.0,0.0,0.0,0.0,0.0,0.0,0.0,0.0,0.0,0.0,0.0,0.0,0.0,1.33,0.0,0.0,0.0,0.0,0.0,0.0,0.0,0.0,0.0,0.0,0.0,0.0,0.0,0.0,0.0,0.0,0.0,0.0,0.0,0.0,1.9,0.0,0.18,0.0,0.0,1.47,0.41,0.0,0.0,0.0,0.06
10.1103/PhysRevLett.110.173002,0.0,0.0,0.0,0.0,0.0,1.52,0.0,0.0,0.0,0.0,0.0,0.0,1.52,0.0,1.76,0.0,2.06,0.0,2.42,0.0,2.41,0.0,1.83,0.0,0.0,0.0,0.0,0.0,0.0,0.0,1.76,0.0,0.0,0.0,0.0,0.0,0.0,0.0,0.18,0.0,0.0,1.47,0.0,2.07,0.0,1.37,0.0
10.1063/1.4774299,0.0,0.0,1.98,0.0,0.0,0.0,0.0,0.0,0.0,0.0,1.25,0.0,0.0,0.0,0.0,0.0,3.1,0.0,0.0,0.0,3.21,1.52,0.0,0.0,0.0,0.0,0.0,0.0,0.0,0.0,0.0,0.0,0.0,0.0,0.0,0.0,0.0,0.0,0.06,0.0,0.0,0.0,0.0,2.07,1.69,5.5,0.06
10.1103/PhysRevA.88.041804,2.07,0.0,0.0,0.0,0.0,3.04,0.0,0.0,2.07,0.0,0.0,0.0,0.0,0.0,0.0,1.33,1.03,0.0,0.0,0.0,2.41,3.04,0.0,3.65,0.0,0.0,0.0,0.0,1.37,0.0,0.0,0.0,0.0,0.0,0.0,0.0,0.0,0.0,0.06,1.29,0.0,0.0,0.81,0.0,1.69,0.0,0.06
10.1103/PhysRevA.87.012131,2.07,0.0,0.0,0.0,0.0,0.0,0.0,0.0,0.0,0.0,1.25,0.0,1.52,0.0,0.0,0.0,0.0,0.88,0.0,0.0,2.41,0.0,1.83,12.79,0.0,0.0,0.0,0.0,0.0,0.0,0.0,0.0,0.85,0.0,0.0,0.0,0.0,2.07,0.06,3.86,2.07,0.0,0.81,0.0,0.0,1.37,0.12
10.1103/PhysRevA.87.040102,0.0,0.0,0.0,0.0,0.0,0.0,0.0,0.0,0.0,3.52,0.0,0.0,0.0,0.0,1.76,0.0,0.0,0.0,0.0,0.0,0.0,0.0,0.0,0.0,0.0,0.0,0.0,0.0,0.0,0.0,0.0,0.0,0.0,0.0,0.0,0.0,0.0,0.0,0.06,0.0,0.0,0.0,0.0,0.0,0.0,0.0,0.06
10.1103/PhysRevLett.110.110503,0.0,0.0,0.0,0.0,0.0,0.0,0.0,0.0,0.0,0.0,0.0,3.52,0.0,0.0,0.0,0.0,1.03,0.0,0.0,0.0,0.0,0.0,0.0,0.0,0.0,7.03,0.0,0.0,0.0,0.0,0.0,0.0,0.0,0.0,0.0,0.0,0.0,0.0,0.06,2.58,0.0,1.47,0.0,0.0,0.0,0.0,0.06
10.1063/1.4790843,0.0,0.0,0.0,0.0,0.0,0.0,0.0,0.0,4.14,0.0,1.25,0.0,0.0,0.0,0.0,0.0,0.0,0.0,0.0,0.0,3.21,0.0,0.0,0.0,0.0,0.0,0.0,0.0,0.0,0.0,0.0,0.0,0.0,0.0,0.0,0.0,0.0,0.0,0.06,0.0,0.0,0.0,0.41,2.07,0.0,6.87,0.06
10.1038/nature13729,0.0,0.0,0.0,0.0,3.8,1.52,0.0,0.0,0.0,0.0,0.0,0.0,0.0,0.0,3.52,0.0,0.0,1.76,0.0,0.0,0.0,0.0,0.0,0.0,0.0,0.0,0.0,0.0,1.37,0.0,0.0,0.0,1.71,3.52,3.96,6.2,1.9,0.0,0.0,0.0,0.0,4.41,1.22,0.0,0.0,0.0,0.06
10.1103/PhysRevA.90.022323,0.0,0.0,0.0,0.0,0.0,1.52,0.0,3.39,0.0,0.0,0.0,0.0,3.04,0.0,0.0,0.0,0.0,4.41,1.21,0.0,0.0,0.0,0.0,0.0,0.0,1.76,0.0,0.0,0.0,0.0,0.0,0.0,0.0,0.0,0.0,0.0,0.0,0.0,0.06,1.29,0.0,0.0,0.0,0.0,0.0,0.0,0.12
10.1038/nature13436,0.0,5.08,0.0,0.0,0.0,0.0,0.0,0.0,0.0,0.0,0.0,0.0,9.13,0.0,0.0,1.33,0.0,0.0,4.83,0.0,0.0,0.0,0.0,12.79,0.0,0.0,1.9,0.0,0.0,3.65,0.0,0.0,3.42,5.27,0.0,0.0,5.7,0.0,0.0,2.58,0.0,0.0,3.24,0.0,0.0,0.0,0.06
10.1007/s00340-013-5541-z,0.0,0.0,0.0,0.0,0.0,0.0,3.04,0.0,0.0,0.0,0.0,0.0,0.0,0.0,0.0,0.0,0.0,0.0,1.21,0.0,1.6,0.0,0.0,0.0,0.0,0.0,0.0,0.0,0.0,0.0,1.76,0.0,0.0,0.0,0.0,0.0,0.0,0.0,0.06,0.0,0.0,0.0,0.0,4.14,0.0,1.37,0.06
10.1038/srep04910,0.0,0.0,0.0,1.9,0.0,0.0,0.0,0.0,0.0,0.0,0.0,1.76,0.0,0.0,0.0,0.0,0.0,0.0,1.21,0.0,0.0,0.0,0.0,0.0,0.0,0.0,0.0,0.0,0.0,0.0,0.0,0.0,0.0,0.0,0.0,0.0,1.9,0.0,0.06,0.0,0.0,0.0,0.41,0.0,0.0,0.0,0.06
10.1063/1.4900754,0.0,0.0,0.0,0.0,0.0,0.0,0.0,0.0,0.0,0.0,0.0,0.0,0.0,0.0,0.0,0.0,0.0,2.65,1.21,0.0,2.41,1.52,0.0,0.0,0.0,0.0,1.9,0.0,0.0,0.0,1.76,0.0,0.0,0.0,0.0,0.0,1.9,0.0,0.3,0.0,0.0,0.0,0.0,0.0,0.0,0.0,0.06
10.1103/PhysRevA.89.012304,0.0,0.0,0.0,0.0,0.0,0.0,0.0,0.0,0.0,0.0,0.0,0.0,0.0,0.0,0.0,0.0,0.0,3.53,0.0,0.0,1.6,3.04,0.0,0.0,0.0,0.0,1.9,0.0,2.75,0.0,0.0,10.34,0.0,0.0,0.0,0.0,0.0,0.0,0.24,0.0,0.0,0.0,0.41,0.0,1.69,1.37,0.12
10.1103/PhysRevA.89.032301,0.0,0.0,0.0,0.0,0.0,0.0,0.0,0.0,0.0,0.0,0.0,0.0,1.52,0.0,0.0,0.0,1.03,7.06,0.0,0.0,0.0,1.52,0.0,0.0,0.0,0.0,0.0,0.0,6.87,0.0,0.0,4.14,0.0,0.0,0.0,2.07,0.0,0.0,0.47,0.0,0.0,0.0,0.0,0.0,0.0,0.0,0.06
10.1007/s11128-014-0787-x,0.0,1.69,0.0,0.0,0.0,0.0,0.0,0.0,0.0,0.0,6.24,0.0,0.0,0.0,0.0,0.0,3.1,0.0,0.0,0.0,1.6,1.52,1.83,0.0,3.27,0.0,0.0,0.0,0.0,0.0,0.0,0.0,0.0,0.0,0.0,0.0,0.0,0.0,0.0,0.0,0.0,0.0,0.0,0.0,1.69,1.37,0.12
10.1103/PhysRevA.90.022325,0.0,0.0,1.98,0.0,0.0,0.0,0.0,0.0,2.07,1.76,0.0,0.0,0.0,0.0,1.76,0.0,3.1,0.0,0.0,0.0,0.0,0.0,1.83,9.13,0.0,3.52,0.0,0.0,0.0,0.0,3.52,0.0,0.85,0.0,0.0,0.0,0.0,0.0,0.65,0.0,0.0,0.0,1.22,0.0,1.69,0.0,0.06
10.1038/srep04291,0.0,0.0,0.0,0.0,0.0,0.0,0.0,0.0,0.0,0.0,2.49,0.0,1.52,0.0,0.0,0.0,0.0,0.0,0.0,0.0,0.0,0.0,0.0,0.0,0.0,0.0,0.0,0.0,0.0,0.0,0.0,0.0,0.0,0.0,0.0,0.0,0.0,0.0,0.06,1.29,0.0,0.0,1.22,0.0,0.0,0.0,0.06
10.1103/PhysRevA.90.032319,0.0,0.0,0.0,0.0,0.0,1.52,0.0,0.0,2.07,0.0,0.0,0.0,0.0,0.0,0.0,0.0,0.0,0.0,2.42,0.0,0.0,0.0,0.0,0.0,0.0,3.52,0.0,0.0,0.0,0.0,1.76,4.14,0.0,0.0,0.0,0.0,0.0,0.0,0.06,0.0,0.0,17.64,0.0,0.0,0.0,0.0,0.06
10.1103/PhysRevLett.113.220501,0.0,0.0,0.0,1.9,0.0,0.0,0.0,0.0,0.0,0.0,0.0,0.0,0.0,0.0,0.0,5.32,1.03,2.65,0.0,0.0,1.6,0.0,0.0,0.0,0.0,1.76,0.0,0.0,0.0,0.0,0.0,0.0,0.0,1.76,1.98,0.0,0.0,0.0,0.24,0.0,0.0,0.0,0.81,2.07,0.0,1.37,0.0
10.1126/science.1253742,0.0,0.0,0.0,0.0,1.9,0.0,0.0,0.0,0.0,0.0,0.0,0.0,7.61,0.0,0.0,0.0,0.0,2.65,0.0,0.0,0.8,0.0,0.0,0.0,0.0,1.76,0.0,0.0,1.37,0.0,0.0,0.0,1.71,0.0,3.96,0.0,1.9,0.0,0.41,0.0,0.0,0.0,0.41,0.0,0.0,0.0,0.0
10.1103/PhysRevLett.112.190502,0.0,0.0,0.0,0.0,1.9,1.52,3.04,0.0,0.0,0.0,1.25,0.0,0.0,0.0,0.0,1.33,1.03,0.88,0.0,0.0,0.0,0.0,0.0,0.0,1.63,0.0,0.0,0.0,0.0,0.0,0.0,2.07,0.85,0.0,0.0,2.07,0.0,0.0,0.24,0.0,0.0,0.0,0.41,0.0,0.0,0.0,0.12
10.1103/PhysRevA.89.062312,0.0,0.0,0.0,0.0,3.8,0.0,0.0,3.39,0.0,0.0,0.0,0.0,0.0,0.0,0.0,0.0,0.0,0.88,0.0,3.27,0.0,0.0,0.0,0.0,0.0,1.76,0.0,0.0,0.0,0.0,0.0,0.0,1.71,0.0,0.0,0.0,0.0,0.0,0.12,2.58,0.0,0.0,0.0,0.0,0.0,0.0,0.12
