DOI,architecture,array,atom,body,chain,challenge,circuit,coherence,computation,computer,control,couple,detection,device,dynamic,efficiency,energy,entanglement,error,experiment,fault,fidelity,field,fluctuation,frequency,gate,hamiltonian,information,interaction,ion,laser,lattice,level,logic,magnitude,measurement,microwave,mode,motion,noise,number,order,parameter,phase,photon,platform,potential,power,probability,process,processor,protocol,pulse,quantum,quantum computer,quantum computing,quantum error correction,quantum gate,quantum simulation,quantum simulator,quantum state,quantum system,qubit,range,rate,realization,regime,resource,scale,scheme,simulation,source,spin,state,superconducting qubit,surface,technology,term,tool,transition,trap,trapped ion,way
10.1088/1367-2630/17/5/053032,0,0,0,0,0,0,0,0,1,0,0,1,0,0,0,0,0,0,0,0,0,0,2,0,0,2,0,0,0,0,0,0,0,0,0,0,1,1,0,1,0,0,0,0,0,0,0,0,0,0,0,0,0,0,0,2,0,0,0,0,0,1,0,0,0,0,0,0,0,0,0,0,0,2,0,0,0,0,0,0,0,1,0
10.1103/PhysRevA.91.022332,0,0,0,0,0,0,0,0,0,0,1,0,0,0,0,0,0,0,1,1,0,1,0,0,0,1,0,0,0,0,0,0,0,0,0,0,0,0,0,0,0,0,0,0,0,0,0,0,0,0,0,0,0,1,0,0,1,0,0,0,0,0,3,0,0,1,0,0,0,0,0,0,0,0,0,0,0,0,0,0,0,1,0
10.1007/s10773-014-2235-1,0,0,0,0,0,0,0,0,0,0,0,0,0,0,0,0,0,1,0,1,0,0,0,0,0,0,0,0,1,1,0,0,0,0,0,1,0,0,1,0,0,0,0,0,0,0,0,0,1,0,0,0,0,0,0,0,0,0,0,0,0,0,3,0,0,0,0,0,0,3,0,0,0,2,0,0,0,0,0,0,0,2,0
10.1103/PhysRevLett.114.120502,0,0,0,0,0,0,0,0,0,0,0,0,0,0,0,0,0,1,1,1,0,1,2,1,0,6,0,0,1,1,0,0,0,0,0,0,0,1,0,0,0,0,0,3,0,0,1,0,0,0,0,2,0,0,0,0,0,0,0,0,0,1,3,0,0,0,0,0,0,1,0,1,0,0,1,0,0,0,0,0,0,1,0
10.1103/PhysRevX.5.031031,0,1,0,0,0,0,0,0,0,0,0,1,0,0,0,0,0,0,0,0,0,0,0,0,0,0,0,0,0,0,0,0,0,0,0,0,1,1,0,0,0,0,0,0,1,1,0,0,0,0,0,0,0,2,0,0,0,0,0,0,0,0,2,3,0,0,0,0,0,0,0,0,0,0,1,5,0,0,0,0,0,1,0
10.1038/nature15263,0,0,1,0,0,0,0,0,1,0,1,0,0,0,0,0,0,0,0,0,1,3,0,0,0,10,0,0,2,0,0,0,0,3,0,0,0,0,0,0,0,0,0,2,0,0,0,0,1,0,0,0,0,1,0,1,0,0,0,0,0,0,13,0,0,1,0,0,0,0,0,0,2,1,1,0,0,0,0,0,0,1,0
10.1088/1367-2630/17/6/065018,0,0,0,0,0,0,0,0,0,0,0,0,0,0,1,0,1,0,0,0,0,0,2,0,0,0,2,0,4,5,0,1,0,0,0,0,0,3,0,0,0,0,0,0,0,0,1,0,0,0,0,0,0,1,0,0,0,0,0,1,0,0,1,0,0,0,0,0,0,3,1,0,9,3,0,0,0,0,0,0,0,4,1
10.1103/PhysRevB.92.134204,0,0,1,9,0,0,0,0,0,0,0,0,0,0,0,0,0,0,0,1,0,0,1,0,0,0,0,0,0,0,0,0,0,0,0,0,0,0,0,0,0,0,0,1,0,0,0,2,0,0,0,0,0,2,0,0,0,0,0,0,0,0,0,1,0,0,0,0,0,0,0,0,0,0,1,0,0,0,0,1,0,1,0
10.1038/nature16184,0,0,2,0,0,0,0,0,0,0,0,0,1,0,0,0,1,4,1,1,1,1,0,0,0,4,0,1,0,2,1,0,1,4,0,0,0,0,0,0,0,0,0,0,3,0,0,0,0,0,0,0,0,2,1,1,1,0,0,0,0,0,8,0,0,0,0,1,0,0,0,0,0,7,0,0,0,0,0,0,1,1,0
10.1038/nature16186,0,0,0,0,0,0,0,0,0,0,2,0,1,0,0,0,0,2,0,1,0,0,1,0,0,9,0,3,1,6,1,0,1,2,0,1,0,0,0,0,0,0,0,1,0,0,0,0,0,1,0,0,0,2,0,0,0,1,1,0,0,0,2,0,0,1,0,0,0,0,0,0,2,2,0,0,1,0,0,0,0,1,0
10.1103/PhysRevA.92.060301,0,0,0,0,0,0,0,0,0,0,0,0,0,0,0,0,0,0,3,0,0,2,2,0,0,6,0,0,0,4,1,0,0,2,0,0,1,0,0,0,0,0,0,0,0,0,0,0,0,0,0,1,2,0,0,0,0,0,0,0,0,0,4,0,0,1,0,0,0,0,0,0,0,0,0,2,0,0,0,0,2,1,0
10.1088/0953-4075/48/7/075101,0,0,1,0,0,0,0,0,0,0,0,0,8,0,0,0,0,0,2,1,0,1,0,0,0,0,0,0,0,0,0,0,0,0,0,2,0,0,0,0,0,1,0,0,0,0,0,0,0,0,0,0,2,0,0,0,0,0,0,0,0,1,8,0,0,0,0,0,0,0,1,0,0,8,0,0,0,0,0,0,0,1,2
10.1016/j.physleta.2015.10.014,0,0,0,0,0,0,0,0,1,0,0,0,0,0,0,0,0,0,0,0,0,1,0,0,0,3,0,0,0,0,0,0,0,0,0,0,0,0,0,0,0,0,0,0,1,0,0,0,0,0,0,0,2,0,0,0,0,1,1,0,0,0,3,0,0,0,0,0,0,3,0,1,1,0,0,0,0,0,0,0,0,2,0
10.1103/PhysRevA.91.012322,0,0,0,0,0,0,0,0,0,0,1,0,1,0,0,0,0,0,0,0,0,0,3,0,1,3,0,0,1,3,1,0,1,0,0,0,4,0,0,1,0,0,0,0,0,0,0,0,0,0,0,0,0,1,0,0,0,0,0,0,0,0,2,0,0,0,0,0,0,0,0,0,0,4,0,0,0,0,0,2,0,2,0
10.1088/1367-2630/18/8/083030,1,0,0,0,1,0,0,0,0,0,0,0,0,0,0,0,0,0,0,0,0,0,0,0,0,0,0,0,0,6,0,0,0,0,0,0,0,0,0,0,1,0,0,0,0,0,0,0,2,0,0,0,0,0,0,0,0,0,0,0,0,0,1,0,0,0,0,0,0,0,0,0,0,0,0,1,0,0,0,0,2,1,0
10.1088/1367-2630/18/12/123007,0,0,0,0,0,0,0,0,0,0,1,0,0,0,0,0,0,1,0,0,0,1,0,0,0,2,0,0,1,1,0,0,0,0,0,0,0,1,0,0,0,0,0,0,0,0,0,0,0,0,0,0,1,0,0,0,0,2,0,0,0,0,0,0,0,0,0,0,0,0,0,0,0,0,0,0,0,0,0,0,0,2,0
10.1103/PhysRevApplied.6.044010,1,0,0,0,0,0,1,0,0,0,1,0,0,0,0,0,0,0,2,0,0,0,0,0,0,0,0,1,0,0,0,2,0,0,0,1,0,0,0,0,1,0,0,0,0,0,0,0,0,0,0,0,0,10,2,2,0,0,0,0,0,0,6,1,0,3,0,0,0,0,0,0,0,2,0,1,1,0,0,0,0,1,0
10.1103/PhysRevLett.117.220501,2,0,0,0,0,0,0,0,0,1,0,0,0,1,0,0,0,0,0,0,0,1,2,0,0,3,0,0,0,5,0,0,0,2,0,0,0,0,0,0,2,0,0,0,0,0,0,0,0,0,1,0,0,3,2,1,0,3,0,0,0,0,1,0,0,1,0,0,1,0,1,0,0,1,0,0,0,0,2,0,0,1,0
10.1038/NPHYS3515,0,0,0,0,0,1,0,0,0,0,0,5,0,0,0,0,0,1,0,0,0,0,0,1,0,0,0,1,2,0,0,0,0,0,0,0,0,0,0,1,0,0,0,1,3,0,0,0,0,0,0,0,0,1,0,0,0,0,0,0,0,1,0,0,0,0,0,0,0,0,0,0,0,0,0,0,0,0,0,0,0,0,0
10.1103/PhysRevA.93.042342,0,0,0,0,0,1,0,0,0,0,0,0,0,0,0,0,0,0,0,0,0,1,0,0,1,6,0,0,0,0,1,0,0,0,1,0,0,0,0,0,4,1,0,0,0,0,0,0,0,0,0,0,3,0,0,0,0,0,0,0,0,0,1,0,0,0,0,0,1,0,0,0,0,0,0,0,0,1,0,0,0,2,0
10.1088/1367-2630/18/9/093038,0,0,3,0,0,0,0,0,0,0,0,0,0,0,0,1,0,0,0,0,0,0,1,0,0,0,0,1,0,2,0,0,0,0,0,0,0,0,0,0,1,0,0,0,6,0,0,0,0,1,0,0,1,0,0,0,0,0,0,0,0,0,1,0,0,0,0,0,0,0,0,7,0,2,0,0,0,0,0,0,0,1,0
10.1007/s00340-015-6285-8,0,0,0,0,0,0,0,0,0,0,0,0,0,0,0,0,0,1,1,0,0,0,0,0,0,0,0,0,0,0,0,0,0,0,0,7,0,0,0,2,0,1,0,0,1,0,1,0,0,0,0,0,0,0,0,0,1,0,0,0,1,0,1,1,0,1,0,3,1,4,0,0,0,3,0,0,0,0,0,0,0,1,1
10.1103/PhysRevA.94.042308,0,0,0,0,1,0,0,0,0,0,3,0,0,0,0,0,0,1,0,0,0,0,5,0,0,0,1,1,0,2,2,0,0,0,0,0,0,0,0,0,0,2,0,0,0,0,0,1,0,0,0,0,0,0,0,0,0,0,0,0,0,0,6,0,0,0,0,0,0,0,0,0,1,2,0,0,0,1,0,0,0,1,0
10.1364/OE.24.016638,0,0,0,0,0,0,0,0,0,0,0,0,0,0,0,0,0,0,0,0,0,1,0,0,1,2,0,0,0,2,5,0,0,3,0,0,0,1,0,0,0,0,0,0,0,0,0,1,0,0,0,0,1,3,2,0,0,0,0,0,0,0,1,0,4,1,0,0,0,0,1,3,0,0,0,0,0,0,0,1,1,1,0
10.1103/PhysRevA.93.013412,1,0,0,0,0,0,6,0,0,0,2,1,0,0,1,0,0,0,0,0,0,0,0,0,2,0,0,1,1,3,0,0,0,0,0,0,1,2,1,0,0,0,0,0,0,0,0,0,0,1,0,0,0,0,0,0,0,0,0,0,0,0,0,0,0,0,0,0,0,0,0,0,0,0,1,0,0,0,0,0,0,2,0
10.1103/PhysRevA.94.052321,0,1,0,0,0,0,0,0,0,0,0,0,0,0,0,0,1,0,0,1,0,0,2,0,0,0,0,0,0,1,0,4,0,0,0,0,0,0,0,0,1,0,0,0,0,2,0,0,0,0,0,0,0,3,0,0,0,0,1,0,0,0,0,0,1,0,0,0,3,4,1,0,1,0,1,0,0,0,0,0,1,2,1
10.1103/PhysRevLett.116.105301,0,0,1,0,0,0,1,0,0,0,0,0,0,0,0,0,0,4,0,0,0,0,0,0,0,0,1,0,0,0,0,0,0,0,0,0,0,0,0,1,0,0,0,0,0,1,0,0,0,0,0,0,0,0,0,0,0,0,0,3,0,0,0,1,0,0,0,0,1,1,0,0,1,0,1,0,0,0,0,0,0,1,0
10.1103/PhysRevLett.117.015301,0,0,1,0,0,0,0,0,0,0,0,0,0,0,1,0,0,0,0,0,0,0,2,0,0,0,0,0,0,0,0,0,0,0,0,1,0,0,0,0,3,0,0,0,0,0,0,0,0,0,0,0,0,1,0,0,0,0,0,0,0,1,0,0,0,0,0,0,0,0,0,0,0,3,1,0,0,0,0,0,0,1,0
10.1007/s00340-016-6527-4,0,0,0,0,0,0,0,4,0,0,0,0,0,0,0,0,0,0,0,1,0,0,3,1,1,0,0,0,0,3,0,0,0,0,0,2,0,0,0,1,0,0,0,0,0,0,0,0,0,0,0,0,0,0,0,0,0,0,0,0,0,0,3,0,0,0,0,0,0,0,0,0,3,1,0,0,0,0,0,1,0,0,0
10.1038/nature18648,0,0,0,0,0,0,0,0,0,1,0,0,0,0,0,0,0,0,0,0,0,2,0,0,0,4,0,0,0,3,0,0,0,1,0,0,0,0,0,0,2,0,0,1,0,1,0,0,0,0,0,0,0,2,4,1,0,0,0,0,0,0,4,0,1,0,0,0,0,0,0,0,0,0,0,0,0,0,0,0,0,0,0
10.1103/PhysRevA.93.053823,0,0,0,0,0,0,0,0,0,0,0,0,0,0,1,0,0,0,0,0,0,0,2,0,0,0,2,0,3,1,0,0,1,0,0,0,0,0,0,0,1,0,1,0,0,1,1,0,2,0,0,0,0,4,0,0,0,0,0,0,0,1,3,0,0,0,0,0,0,0,0,0,1,5,0,0,0,0,1,4,1,3,0
10.1038/ncomms13005,0,4,0,0,0,1,0,1,0,0,0,0,0,0,0,0,0,0,0,0,0,0,0,0,0,0,0,2,0,5,1,0,0,0,0,0,0,0,0,0,0,0,0,0,0,1,0,1,0,2,0,0,0,1,0,0,0,0,0,0,0,0,1,0,1,0,0,0,1,0,0,1,0,0,0,0,0,0,0,0,1,0,0
10.1038/NNANO.2016.139,0,0,0,0,0,0,0,1,0,0,0,0,0,1,0,0,0,0,1,1,0,1,0,0,0,2,0,2,1,9,0,0,0,0,0,0,0,0,0,0,0,0,0,0,0,0,0,0,0,1,0,0,0,3,0,0,0,0,0,0,0,0,5,0,0,1,0,0,1,0,0,0,0,0,0,1,0,0,0,1,4,1,0
10.1103/PhysRevA.93.032340,0,0,0,1,0,0,0,0,0,0,0,0,0,0,0,0,0,0,0,0,3,1,0,0,1,7,0,0,0,1,0,0,0,0,0,0,0,0,0,6,0,1,0,0,0,0,0,0,0,0,0,0,2,0,0,0,0,0,0,0,0,0,4,0,2,0,0,0,0,0,1,0,0,0,0,0,0,1,0,0,0,1,0
10.1038/ncomms11218,0,0,0,0,0,0,0,0,0,0,1,0,0,0,0,0,0,0,0,0,0,1,0,0,0,0,5,0,0,2,1,0,0,0,0,0,0,0,0,0,0,0,0,0,0,0,0,0,0,0,0,0,0,0,0,0,0,0,0,0,0,2,3,0,0,0,0,0,0,0,0,0,0,0,0,0,0,2,0,0,0,1,0
10.1038/npjqi.2016.30,0,0,0,1,0,0,0,0,0,0,0,0,0,0,0,0,0,8,0,0,0,0,0,0,0,0,0,1,0,0,0,0,0,0,0,2,0,0,0,0,1,0,0,0,0,0,0,1,0,1,0,0,0,1,0,0,0,0,0,0,0,0,2,1,0,0,0,0,0,0,0,0,0,3,0,0,1,0,0,0,0,1,0
10.1038/nature18318,0,0,0,0,0,1,0,0,0,0,0,0,0,1,2,0,1,2,0,1,0,0,0,1,0,0,0,0,2,2,0,3,0,0,0,0,0,0,0,0,0,0,0,0,0,0,0,0,0,0,0,0,0,2,2,0,0,0,3,1,0,0,2,1,0,0,0,1,0,1,0,0,1,0,0,0,0,1,0,0,1,0,0
10.1145/2830570,1,0,0,0,0,0,0,0,0,0,0,0,0,0,0,0,0,0,0,0,2,0,0,0,0,1,0,0,0,1,0,0,0,1,0,0,0,0,0,0,1,0,1,0,0,0,0,0,1,0,0,0,0,1,3,0,0,0,0,0,0,0,3,0,0,0,0,4,1,0,1,0,0,0,0,0,2,0,2,0,0,0,0
10.1063/1.4966970,0,0,0,0,0,0,0,0,0,0,0,0,1,0,0,0,0,0,0,0,0,0,2,0,0,1,0,0,0,3,1,0,0,0,0,0,0,0,1,2,0,0,0,0,0,0,0,0,0,0,0,0,0,0,0,2,0,0,0,0,0,0,2,0,1,0,0,0,0,0,0,0,0,1,0,1,0,0,0,0,1,2,0
10.1038/nature24654,0,0,0,3,0,0,0,0,0,0,1,0,0,0,1,2,0,0,0,0,0,0,1,0,0,0,1,0,4,0,0,0,0,0,0,0,0,0,0,0,1,0,0,3,0,0,0,0,0,0,0,0,0,1,2,0,0,0,0,3,0,0,7,5,0,0,1,0,0,0,0,0,1,1,0,0,0,0,0,3,0,1,1
10.1103/PhysRevA.96.052316,0,0,4,0,0,0,1,1,4,0,0,0,0,0,0,0,0,0,0,0,0,0,0,0,0,2,0,0,1,0,0,0,0,0,0,0,0,0,0,0,0,0,0,0,0,0,0,0,0,0,0,0,0,3,0,0,0,1,0,0,0,0,1,0,0,0,0,0,0,2,0,0,0,1,0,0,0,0,0,0,0,1,0
10.1103/PhysRevLett.119.040501,0,0,0,0,0,0,1,0,0,0,0,1,0,0,2,0,0,0,0,0,0,0,0,0,0,0,0,1,0,0,0,0,0,0,0,0,0,0,0,0,0,0,0,0,0,2,0,0,0,0,0,1,0,2,0,0,0,0,2,0,0,0,1,0,0,0,0,0,0,0,0,0,0,0,0,0,0,0,0,0,0,1,0
10.1103/PhysRevB.95.144306,0,1,0,0,0,0,0,2,0,0,0,0,0,0,1,0,0,3,0,1,0,0,1,0,0,0,0,0,2,0,0,0,0,0,0,0,0,0,0,1,0,0,0,0,0,0,0,0,0,0,0,0,0,1,0,0,0,0,0,0,1,0,2,0,0,0,0,0,0,0,0,1,7,0,0,0,0,0,0,0,0,1,0
10.1103/RevModPhys.89.035002,0,0,0,0,0,0,0,0,0,0,0,0,0,1,0,0,0,0,0,0,0,0,1,0,0,0,0,0,0,0,0,0,0,0,0,1,0,0,0,0,0,0,0,0,0,1,0,0,0,0,0,0,0,5,0,0,0,0,0,0,0,1,2,0,0,0,0,0,0,0,0,0,1,0,0,0,1,0,0,0,0,1,0
10.1016/j.optcom.2017.04.011,1,0,0,0,1,0,0,0,1,0,0,0,0,0,0,0,0,0,0,0,0,0,0,0,0,1,0,0,1,0,0,0,0,0,0,0,0,3,0,0,0,0,0,0,0,0,0,0,0,0,0,0,0,0,0,0,0,0,0,0,0,0,1,0,0,0,0,0,0,0,0,0,0,0,0,0,0,0,0,0,0,3,0
10.1038/s41467-017-01895-5,0,0,0,0,0,0,0,1,0,0,0,1,0,0,0,0,0,0,2,0,0,0,0,0,0,1,0,1,0,1,0,0,0,0,0,2,0,0,0,1,0,0,0,1,0,1,0,0,0,1,0,0,0,4,0,0,3,0,0,0,0,0,2,0,0,0,0,0,0,2,0,0,1,0,0,0,0,0,0,0,0,2,0
10.1103/PhysRevA.95.022305,0,0,0,0,0,0,1,0,0,0,0,0,0,0,0,0,0,0,0,0,0,0,0,0,0,1,0,0,0,0,0,0,0,0,0,1,0,0,0,0,1,0,0,0,1,1,0,0,0,0,0,1,0,4,0,0,0,0,1,2,0,0,1,0,0,0,0,0,0,0,0,0,0,0,0,0,0,0,0,0,0,1,0
10.1103/PhysRevX.7.031049,0,2,4,0,0,0,0,0,0,0,0,0,0,0,1,0,0,1,0,0,0,0,1,0,0,0,1,0,2,0,0,2,0,0,0,0,0,0,0,0,1,0,0,0,0,0,0,0,0,0,0,0,0,4,0,0,0,0,0,0,1,0,1,0,0,0,0,0,0,0,0,0,12,0,0,0,0,0,0,0,0,1,1
10.1016/j.optcom.2017.05.054,0,0,0,0,0,0,0,0,0,0,0,0,0,0,0,0,0,6,0,0,0,0,4,0,0,0,0,0,2,0,0,0,0,0,0,0,0,2,0,0,0,0,1,0,0,0,0,0,0,0,0,0,0,0,0,0,0,0,0,0,0,0,7,1,0,0,0,0,0,0,0,0,0,6,0,0,0,0,0,0,0,2,0
10.1038/s41534-017-0017-3,1,0,0,0,0,0,1,0,0,1,0,0,0,0,0,0,0,0,1,0,1,0,0,0,0,0,0,0,0,0,0,0,0,0,1,0,0,0,0,1,1,1,0,0,0,0,0,0,1,1,1,0,0,3,0,2,0,0,0,0,0,0,2,0,1,0,0,0,2,0,0,0,0,0,0,0,0,0,0,0,0,1,0
10.1088/2058-9565/aa7983,3,0,0,0,0,0,0,0,0,0,0,0,0,0,0,0,0,3,0,0,0,0,0,0,0,2,0,0,0,5,0,0,0,0,0,0,0,0,0,0,1,0,1,0,1,0,0,0,0,0,0,1,0,0,0,0,0,0,0,0,0,0,2,1,0,0,0,0,0,1,0,0,0,3,0,0,0,0,0,0,0,2,0
10.1038/s41467-017-02298-2,0,0,0,0,1,0,0,0,0,0,4,0,0,0,0,0,0,0,0,1,0,0,1,0,1,0,0,0,0,0,0,0,0,0,1,0,1,0,0,3,0,1,0,0,0,0,0,0,0,0,0,2,0,1,0,0,0,0,0,0,0,0,3,0,0,0,0,0,0,0,0,0,0,0,0,0,0,0,1,0,0,1,0
10.1038/s41566-017-0007-1,0,0,0,0,0,0,0,4,1,0,0,0,1,0,0,0,0,0,0,0,0,0,1,1,0,0,0,1,0,2,0,0,1,0,0,0,0,0,0,2,0,0,0,1,0,0,0,0,0,0,0,0,1,1,1,0,0,0,0,0,0,0,7,0,0,0,0,0,0,0,0,0,1,0,0,0,0,0,0,0,1,3,0
10.1364/AO.56.00B222,0,0,0,0,0,0,0,0,0,0,0,0,0,0,0,0,0,6,0,0,0,2,0,0,2,0,0,0,0,5,0,0,0,0,0,0,0,0,0,0,0,0,0,0,6,0,0,0,2,1,0,0,0,5,0,0,0,0,0,0,1,1,2,4,0,0,0,0,0,0,0,0,0,1,0,0,0,0,0,0,0,2,0
10.1088/1367-2630/aa7b22,0,0,0,0,0,0,0,0,0,0,0,3,0,0,2,0,0,0,0,1,0,0,4,0,1,0,1,1,0,2,0,0,0,1,0,0,0,0,0,0,0,0,1,0,0,0,0,0,0,0,0,0,0,1,0,0,0,0,0,0,0,0,0,1,0,0,0,0,0,0,0,0,0,4,0,0,0,0,0,0,1,2,1
10.1038/NNANO.2016.188,0,2,1,0,0,0,1,1,1,0,0,3,0,0,0,0,0,0,0,0,0,0,0,0,1,0,0,0,2,0,0,0,0,0,0,0,0,0,0,0,0,0,0,0,0,0,0,0,0,0,0,0,0,3,0,0,0,0,1,0,0,0,1,0,0,0,0,0,0,0,1,0,9,1,1,0,0,0,1,0,0,1,0
10.1073/pnas.1618020114,1,0,0,0,0,0,1,0,0,1,0,0,0,1,0,0,0,0,0,1,0,0,0,0,0,1,0,0,1,1,0,0,0,0,0,0,0,0,0,0,0,0,0,0,0,1,0,0,0,0,0,0,0,2,3,1,0,0,0,0,0,1,3,0,0,0,0,0,0,0,0,0,0,1,0,0,1,0,0,0,0,0,1
10.1103/PhysRevLett.119.220501,0,0,0,0,0,0,0,0,0,0,2,0,0,0,0,0,0,0,0,1,0,0,0,0,0,3,0,0,0,4,0,0,0,0,0,0,0,0,0,0,0,0,0,0,0,0,0,0,0,0,0,0,0,0,1,1,0,0,0,0,0,0,3,0,0,0,0,0,0,0,1,0,0,0,0,0,0,0,0,0,0,1,0
10.1103/PhysRevA.95.032314,0,0,0,0,0,0,0,0,0,0,0,0,0,0,0,0,0,0,1,0,0,3,0,0,0,6,0,1,0,1,0,0,0,0,0,2,0,0,0,4,0,0,0,0,0,0,0,0,0,0,0,0,0,1,0,0,0,0,0,0,0,0,5,0,0,0,0,0,1,0,0,0,0,0,0,0,0,1,0,0,0,0,0
10.1103/PhysRevA.96.032341,0,0,0,0,0,0,0,0,0,0,1,0,0,0,0,0,0,0,15,0,4,0,0,0,0,1,0,0,0,0,0,0,0,0,0,2,0,0,0,2,0,0,0,0,0,0,0,0,0,0,0,1,0,1,0,0,0,0,0,0,0,0,12,0,1,0,0,0,0,0,0,0,0,0,0,0,0,0,0,0,0,1,0
10.1007/s00340-017-6806-8,0,0,0,0,0,0,0,0,0,0,0,0,0,0,0,1,0,1,0,0,0,0,0,0,2,0,0,0,0,4,0,0,1,0,1,0,0,0,0,2,0,1,0,0,6,0,0,0,0,0,0,0,0,0,0,0,0,0,0,0,0,0,2,0,1,0,0,0,0,0,0,0,0,1,0,0,0,0,0,1,0,0,0
10.1088/1361-6455/aa60df,0,0,0,0,0,0,0,0,0,0,0,0,0,0,0,0,0,3,0,0,0,0,1,0,0,0,0,0,1,1,0,0,2,0,0,0,0,0,0,4,1,0,0,0,0,0,0,0,0,0,0,0,0,3,0,0,0,0,0,0,0,1,4,0,0,0,1,0,0,0,0,0,0,7,0,0,0,0,1,1,0,2,0
10.1088/2058-9565/aa771a,0,0,0,0,0,0,0,2,0,0,0,0,0,0,0,0,0,0,1,0,0,0,5,1,1,0,0,0,0,7,0,0,1,0,2,0,1,0,0,2,0,2,0,0,0,0,0,1,0,0,0,0,0,1,0,0,0,0,0,0,0,0,4,1,0,0,0,0,0,3,0,0,0,1,0,0,0,0,0,1,0,1,0
10.1103/PhysRevApplied.8.064004,0,0,0,0,0,0,0,0,0,0,0,0,0,1,0,0,0,0,2,1,0,0,0,0,0,0,0,0,0,0,0,0,0,0,0,0,0,0,0,4,0,0,1,1,0,0,0,0,0,0,0,0,0,2,0,0,1,0,0,0,0,0,1,1,1,0,0,0,0,0,0,0,0,0,0,0,0,0,0,0,0,1,0
10.1038/ncomms15305,1,0,0,0,0,0,0,0,0,0,0,0,0,0,0,0,0,0,0,0,0,0,0,0,0,0,0,1,0,0,0,0,0,0,0,1,0,0,0,1,0,0,0,0,0,0,0,0,0,0,0,0,0,3,0,0,0,0,0,0,0,0,2,0,0,0,1,0,0,0,0,0,0,5,0,0,1,0,0,0,0,1,0
10.1038/s41586-018-0450-2,0,3,7,0,0,1,0,0,0,0,2,0,0,0,0,0,0,0,0,0,0,0,0,0,0,0,0,0,0,0,0,1,0,0,0,0,0,0,0,0,2,0,0,0,1,1,0,0,0,0,0,0,0,1,0,1,0,0,3,0,0,0,4,1,0,1,0,0,0,0,0,0,0,1,0,0,2,0,0,0,0,1,0
10.1103/PhysRevA.97.042317,0,0,0,0,0,0,0,0,0,0,0,3,0,0,0,0,0,0,0,0,0,0,1,0,0,0,0,0,1,2,1,0,0,0,0,0,0,2,0,0,0,0,0,0,0,0,0,0,0,0,0,0,0,0,0,0,0,0,4,0,0,0,3,0,0,0,6,0,0,0,1,0,1,0,0,0,1,0,0,0,0,3,0
10.1103/PhysRevA.97.013825,0,0,0,0,0,0,0,0,0,0,0,2,0,0,1,0,0,0,0,0,0,0,0,0,0,0,0,0,0,0,0,0,0,0,0,0,0,0,0,0,2,1,0,3,0,0,0,0,0,0,0,0,0,2,0,0,0,0,0,0,0,0,1,1,1,0,0,0,0,0,0,0,0,1,0,0,0,0,0,4,0,2,0
10.1103/PhysRevA.98.052334,0,0,0,1,0,0,0,0,0,1,0,0,0,0,0,0,0,1,0,0,0,0,0,0,0,1,0,0,0,0,0,0,0,0,0,2,0,0,0,0,0,0,0,0,0,0,0,0,0,0,0,0,0,0,4,0,0,0,0,0,1,2,2,0,0,0,0,0,0,0,1,0,0,2,0,0,0,1,0,0,0,2,0
10.1038/s41586-018-0668-z,0,0,0,0,0,0,0,0,0,0,4,0,3,0,0,0,0,1,2,0,0,0,0,0,0,2,0,2,0,8,0,0,0,0,0,2,1,0,2,0,1,0,0,0,1,0,1,0,1,2,0,0,0,3,0,1,1,0,0,0,0,0,8,0,0,1,0,0,1,0,0,0,0,3,0,0,0,0,1,0,0,1,0
10.1103/PhysRevX.8.031022,0,0,0,0,0,0,0,0,0,0,0,0,0,0,0,0,1,0,0,0,0,0,1,0,0,0,0,1,0,1,0,0,0,0,0,1,0,0,0,1,0,0,0,0,0,0,1,0,0,0,1,0,0,2,0,0,0,0,0,3,0,0,1,0,0,0,0,0,0,0,0,0,0,1,0,0,0,1,0,0,0,1,0
10.1038/s41467-018-04341-2,0,0,1,0,0,0,0,0,0,0,0,0,0,0,0,1,0,3,0,0,0,3,0,0,4,0,0,0,0,2,0,0,0,0,0,0,0,0,0,0,0,0,0,0,3,0,0,0,0,0,0,0,0,3,0,0,0,0,0,0,0,1,2,1,0,0,1,0,0,0,0,0,0,2,0,0,0,0,1,1,0,2,0
10.1103/PhysRevX.8.041027,2,0,0,0,1,0,0,0,0,0,0,0,0,0,0,0,0,0,0,0,0,0,0,0,0,0,0,0,0,0,0,0,0,0,0,0,0,0,0,0,0,0,0,0,0,1,0,0,0,0,0,1,0,0,1,0,0,0,0,0,1,0,1,0,0,0,0,0,1,0,0,0,2,3,0,0,0,0,0,1,0,1,0
10.1007/s00340-018-6955-4,0,0,0,0,0,0,0,0,0,0,2,0,0,0,0,0,0,0,0,0,0,0,0,0,0,2,0,0,0,1,2,0,0,1,0,0,0,0,0,0,0,0,0,0,0,0,0,3,0,0,0,0,2,0,0,0,0,0,0,0,0,0,2,1,0,0,0,0,0,0,0,0,0,0,0,0,0,0,0,0,0,1,0
10.1038/nature25737,0,0,0,0,0,0,0,2,0,0,0,0,0,0,0,0,0,1,3,0,0,2,0,1,1,12,0,0,0,6,3,0,0,4,1,0,0,0,1,0,0,2,0,2,0,0,0,1,0,0,0,0,3,2,1,0,0,0,0,0,0,0,5,0,1,0,1,0,0,0,0,1,0,1,0,0,1,0,0,0,1,0,0
10.1103/PhysRevA.97.052301,0,0,0,0,0,0,0,0,0,0,0,0,0,0,0,0,0,0,2,0,0,0,3,1,0,0,0,0,0,0,0,0,0,0,0,0,0,0,0,0,1,2,0,0,0,0,0,0,0,0,0,0,0,0,0,1,1,0,0,0,0,0,11,0,0,0,0,0,0,0,0,0,0,2,0,2,0,0,0,2,0,1,0
10.1016/j.optcom.2018.04.044,0,0,0,0,0,0,0,4,0,0,0,0,0,0,3,0,0,3,0,0,0,0,0,0,0,0,0,0,0,0,0,0,0,0,0,0,0,2,1,0,0,0,0,0,1,0,0,0,0,0,0,0,0,0,0,0,0,0,0,0,0,0,12,0,0,0,0,2,0,0,0,0,0,1,0,0,0,0,0,0,0,1,0
10.1103/PhysRevLett.121.180502,0,0,0,0,0,0,0,0,0,0,2,0,0,0,0,0,0,1,2,0,0,3,0,0,0,8,0,1,0,3,0,0,0,0,0,0,0,0,0,2,0,0,1,0,0,0,0,0,0,1,0,0,0,0,1,0,0,0,0,0,0,0,4,0,0,0,0,0,0,0,0,1,0,0,0,0,0,0,0,0,1,0,0
10.1088/1361-6455/aad62b,1,0,0,0,0,0,0,0,0,0,0,0,1,0,0,0,0,0,2,0,0,0,0,0,0,0,0,0,0,2,0,0,0,0,0,1,0,0,0,0,1,0,0,0,0,1,0,0,0,0,0,0,0,0,1,1,0,0,0,0,1,0,4,0,0,0,0,0,0,0,0,0,0,0,0,0,0,0,0,0,0,0,0
10.1103/PhysRevA.97.052312,0,0,0,0,1,0,0,0,0,0,0,0,0,0,0,0,0,0,1,0,0,1,2,0,0,4,0,0,0,3,0,0,0,0,0,0,2,1,0,1,0,0,0,1,0,0,0,0,0,0,0,2,1,1,0,0,0,0,0,0,0,0,3,0,0,0,0,0,0,1,0,1,0,0,0,0,0,0,0,0,0,1,0
10.1364/OL.43.003136,0,0,0,0,0,0,0,0,0,0,0,0,0,0,2,0,1,0,0,0,0,1,3,0,0,0,3,0,0,0,0,0,0,0,0,0,0,0,0,0,0,0,0,1,0,0,0,0,0,0,0,0,0,2,0,0,0,0,0,0,0,0,1,0,0,0,0,0,0,0,0,0,0,0,0,0,0,1,0,0,0,1,0
10.22331/q-2018-09-03-90,1,0,0,1,0,0,0,0,0,0,0,0,0,0,4,0,0,0,0,0,0,0,0,0,0,0,0,2,0,0,0,0,0,0,0,0,0,0,0,1,0,0,0,0,0,1,0,0,0,1,1,0,0,2,0,0,1,0,0,0,0,4,1,0,0,0,0,0,0,0,0,0,0,0,0,0,0,0,0,0,0,1,0
10.1103/PhysRevApplied.10.044012,0,0,0,0,0,0,0,0,0,0,0,0,0,0,0,1,0,0,0,0,0,0,0,0,0,1,0,0,0,1,0,0,2,0,0,0,0,0,0,1,0,0,0,0,2,0,0,0,0,0,0,0,0,0,0,0,0,0,0,0,0,0,1,0,0,0,0,0,0,0,0,0,0,0,0,0,0,0,0,1,0,0,1
10.1088/1367-2630/aaf360,0,0,0,0,0,0,0,0,0,0,2,0,0,0,1,0,0,3,1,1,0,3,0,0,0,0,0,0,0,1,1,0,0,0,1,0,0,0,0,1,0,1,0,0,0,0,0,0,0,0,0,0,0,0,0,0,0,0,0,0,0,0,1,0,0,0,0,0,0,0,0,0,0,2,0,0,0,0,0,1,0,1,0
10.1103/PhysRevA.98.050301,0,0,0,0,0,0,2,0,0,0,0,0,0,0,0,0,0,0,4,0,0,0,0,0,0,0,0,0,0,1,0,1,0,0,0,2,0,0,0,0,0,0,0,0,0,0,0,0,0,0,0,0,0,2,1,0,0,0,0,0,0,0,2,0,1,0,0,0,0,0,0,0,0,0,0,2,0,0,0,0,0,0,0
10.1103/PhysRevLett.122.040404,0,0,0,1,1,0,0,0,0,0,0,0,0,0,1,0,0,0,0,1,0,0,0,0,0,0,0,1,0,0,0,0,0,0,0,2,0,0,0,0,0,0,0,0,0,0,0,0,0,0,0,1,0,2,0,0,0,0,0,0,0,1,0,0,0,0,0,0,0,1,0,0,1,0,1,0,0,0,0,0,0,1,0
10.1007/s11128-018-2134-0,0,0,0,1,0,0,0,0,1,0,2,0,0,0,0,0,0,0,1,0,0,0,0,0,0,1,2,0,2,2,0,0,0,0,0,0,0,0,0,1,0,0,0,0,0,0,0,0,0,0,0,0,0,2,0,0,0,1,0,0,0,0,3,0,0,0,0,1,0,3,0,0,0,0,0,0,0,0,0,0,0,0,0
10.1002/qute.201800067,1,4,5,0,0,0,0,0,1,1,1,0,1,0,0,0,0,1,1,0,0,2,0,0,0,3,0,2,0,0,0,0,1,0,0,0,0,0,0,0,1,0,1,0,0,2,0,0,0,2,0,0,0,0,0,0,0,0,1,0,0,0,2,0,0,0,0,0,0,0,0,0,2,1,0,0,0,0,0,0,0,1,0
10.1103/PhysRevA.99.022330,1,0,0,0,0,1,0,0,0,0,0,0,0,0,0,0,0,0,0,0,1,0,0,0,0,3,0,0,0,4,0,2,0,0,0,0,0,0,0,1,0,0,0,0,0,0,0,0,0,0,0,0,0,1,3,0,1,0,0,0,0,0,2,0,0,0,1,1,1,0,1,1,0,0,0,0,1,0,0,0,0,0,0
10.1002/qute.201800043,0,0,6,0,0,0,0,0,0,0,0,2,0,0,1,0,0,0,0,0,0,0,2,0,0,0,0,0,0,0,0,0,1,0,0,0,0,1,0,0,1,0,0,3,0,0,0,0,0,0,0,0,0,0,0,0,0,0,0,2,0,0,0,0,0,1,0,0,0,0,0,0,1,1,1,0,0,0,0,5,0,1,0
10.1103/PhysRevApplied.11.024010,0,1,0,0,0,0,1,0,0,0,4,0,0,0,0,0,0,0,0,1,0,1,0,0,0,2,0,1,0,4,0,0,0,0,0,0,0,0,1,2,1,0,0,0,0,0,1,0,0,0,1,0,0,1,0,0,0,0,0,0,0,0,1,0,0,0,0,0,0,0,0,2,0,0,0,1,0,0,0,0,2,2,0
10.1103/PhysRevE.99.042121,0,0,1,0,0,0,1,0,0,0,0,0,0,0,0,1,0,0,0,0,0,0,1,0,0,2,0,0,2,0,0,0,0,0,0,0,0,0,0,0,0,0,0,0,0,1,0,0,0,0,0,0,0,1,0,0,0,0,0,0,0,0,6,0,1,1,0,0,0,0,0,0,0,1,0,0,0,0,0,1,0,1,0
10.1088/2058-9565/aaef5e,0,0,0,0,0,0,0,0,0,0,0,0,0,0,0,0,0,0,0,0,0,0,1,0,2,0,0,1,0,2,0,0,0,0,0,0,0,0,0,0,0,0,0,0,0,0,1,0,0,0,1,0,0,4,0,0,0,0,0,0,0,0,1,0,0,0,0,0,1,0,1,0,0,1,0,0,0,0,0,0,1,1,0
10.1103/PhysRevLett.122.030501,0,0,0,0,0,1,0,1,2,0,0,0,0,0,0,0,0,0,0,0,0,1,0,0,0,1,0,1,3,1,0,0,0,0,0,0,0,1,1,0,0,0,0,0,0,2,0,1,0,1,0,0,0,1,0,0,0,0,0,0,0,0,1,0,0,0,0,0,0,0,1,0,4,1,0,0,0,0,0,0,0,4,0
10.1038/s41586-019-1427-5,0,1,0,0,0,0,3,0,0,0,2,0,0,0,0,1,0,0,1,0,2,0,0,0,0,6,0,0,0,3,0,0,0,0,0,0,0,1,0,0,1,0,0,0,0,0,0,1,0,0,0,0,0,0,4,0,0,3,1,0,0,0,6,0,0,0,0,0,0,0,0,0,0,0,0,0,0,0,0,0,1,0,0
10.1007/s11128-019-2492-2,0,2,0,0,0,0,0,0,0,0,0,0,0,0,1,0,2,0,1,0,0,0,0,0,0,4,0,0,0,2,1,1,0,0,0,0,0,0,1,0,0,0,0,4,0,0,0,0,1,0,0,0,1,0,0,0,0,0,0,0,0,0,4,0,0,0,1,0,0,0,0,0,1,4,0,0,0,0,0,1,0,2,0
10.1088/2058-9565/ab1a71,0,0,0,0,2,0,0,0,0,1,0,1,0,0,0,0,0,0,0,1,0,0,0,0,0,0,0,0,0,0,0,0,0,0,0,0,0,0,0,0,2,0,0,1,0,0,0,0,0,0,0,0,0,2,0,0,0,0,0,1,0,2,2,0,1,0,0,0,2,0,0,0,1,0,0,0,1,0,0,0,0,1,0
10.1088/1367-2630/ab2a45,0,0,0,0,0,0,0,0,0,0,0,0,0,0,0,1,0,1,0,0,0,0,0,0,0,2,0,1,1,7,0,0,0,0,0,0,0,0,0,0,0,0,1,0,1,1,0,0,0,0,0,0,0,1,0,0,0,0,0,0,0,0,2,0,1,0,0,0,0,0,0,0,0,0,0,0,0,0,0,0,2,3,0
10.1038/s41534-019-0147-x,0,0,0,0,4,0,0,0,0,0,1,0,0,0,0,0,0,0,0,0,0,0,0,0,0,0,1,0,4,2,0,2,0,0,0,0,0,0,0,0,1,0,1,1,0,0,0,0,0,0,0,0,0,0,0,0,0,0,1,2,0,0,1,0,0,0,0,0,0,0,1,0,6,0,0,0,0,0,0,1,0,2,0
10.1103/PhysRevA.99.052332,0,1,1,0,0,0,0,0,0,0,0,0,0,0,0,0,0,0,0,0,0,1,1,0,0,1,0,0,3,0,0,0,0,0,0,0,0,0,0,0,0,1,0,1,0,1,0,0,0,0,0,4,0,1,0,0,0,0,0,1,2,0,1,5,0,0,0,0,0,0,2,0,0,3,0,0,0,1,0,0,0,1,0
10.1103/PhysRevApplied.11.014064,0,0,0,0,0,1,0,0,0,0,1,0,0,0,0,0,0,0,0,0,0,0,0,0,1,0,0,0,0,0,0,0,0,0,0,0,0,0,0,8,0,0,0,0,0,0,1,0,0,0,0,0,0,2,0,0,0,0,0,0,0,3,0,0,0,0,0,0,0,2,0,0,2,0,1,0,0,0,0,0,0,1,0
10.1103/PhysRevLett.122.050403,0,0,1,0,0,0,0,0,0,0,0,0,0,0,1,0,1,0,0,1,0,0,0,0,0,0,0,0,0,1,0,0,0,0,0,0,0,0,0,0,0,0,2,0,0,0,0,0,0,0,0,0,0,1,0,0,0,0,0,0,0,0,1,0,0,0,1,0,0,0,0,0,0,0,0,0,1,2,0,2,0,0,0
10.1103/PhysRevLett.123.260503,0,0,0,0,0,0,0,0,0,0,0,0,0,0,0,0,1,0,0,0,0,0,1,1,1,9,0,0,0,2,1,0,0,1,0,0,1,1,0,3,0,0,0,0,0,0,0,0,0,0,0,0,0,1,0,0,0,0,0,0,0,0,3,1,0,0,0,1,0,0,0,1,0,0,0,0,0,0,0,0,0,0,0
10.1103/PhysRevApplied.12.014038,0,1,0,0,0,0,0,0,0,1,1,0,0,0,0,1,0,0,0,1,0,4,1,0,0,1,0,0,0,3,0,0,1,0,1,0,0,0,0,0,0,0,0,0,0,0,0,0,0,1,1,0,0,0,0,0,0,0,0,0,0,0,3,0,0,0,0,0,0,0,0,0,0,1,0,0,0,0,0,0,0,0,0
10.1038/s41534-019-0218-z,0,0,0,0,0,0,0,0,0,0,2,0,0,0,0,0,0,0,0,0,0,4,0,0,1,4,0,1,1,5,0,0,0,4,0,0,0,0,0,0,0,0,0,0,0,0,0,0,0,1,0,0,0,2,0,1,0,0,0,0,0,0,2,1,0,0,0,0,0,0,0,0,0,2,0,1,0,0,0,0,1,0,0
10.1103/PhysRevLett.123.110503,0,0,0,0,0,0,0,0,0,0,0,0,0,1,0,0,0,0,4,0,1,0,0,0,0,1,0,0,0,1,0,0,1,0,1,1,0,0,0,0,0,1,0,0,0,0,0,0,0,0,1,0,0,0,0,1,0,0,0,0,0,0,4,0,0,0,1,0,0,0,0,0,0,0,0,0,0,2,0,0,0,0,0
10.1126/science.aaw9415,1,0,0,0,0,0,0,0,0,0,0,0,1,1,0,0,0,1,0,0,0,1,0,0,0,6,0,0,0,4,0,0,1,0,0,0,0,0,0,0,0,0,0,0,0,0,0,0,0,0,1,0,0,0,2,0,0,3,0,0,0,0,5,0,0,0,0,0,1,0,0,0,0,0,0,0,0,0,1,0,1,0,0
10.1088/1367-2630/ab0be5,0,0,0,0,0,0,0,0,0,0,0,0,0,0,0,0,0,0,0,0,0,1,2,1,2,5,0,0,1,2,2,0,0,0,0,0,2,0,0,0,0,0,2,1,0,0,0,0,0,0,0,0,0,0,0,0,0,0,0,0,0,0,3,0,0,0,0,0,0,0,1,0,0,0,0,0,0,0,0,0,0,0,0
10.1038/s41467-019-13534-2,0,0,0,0,0,0,0,0,0,0,0,0,0,2,0,1,0,0,1,0,0,2,1,0,0,3,0,0,0,1,0,0,0,0,0,0,0,0,0,0,1,0,0,0,0,1,0,0,0,0,0,0,0,0,2,2,0,0,0,0,0,0,4,0,1,0,0,0,0,0,0,0,0,0,0,0,0,0,0,0,0,1,0
10.1103/PhysRevA.100.062307,0,0,0,0,0,0,0,0,0,0,0,0,1,1,0,0,0,0,1,0,4,0,0,0,0,0,0,0,0,3,0,0,0,0,0,0,0,0,0,3,0,0,0,0,0,1,0,0,0,0,0,1,0,0,0,1,3,0,0,0,0,0,3,0,0,0,0,1,0,1,1,3,0,1,0,0,0,3,0,0,0,0,0
10.1103/PhysRevA.100.042304,0,0,0,0,0,0,0,0,0,0,0,0,0,0,0,0,0,1,1,0,0,0,1,0,0,1,0,0,0,0,1,0,0,0,0,2,0,0,0,0,0,0,2,0,1,0,0,0,0,0,0,4,0,0,0,1,0,0,0,0,0,0,1,0,0,0,0,0,0,0,0,0,0,0,0,0,0,0,0,0,0,1,0
10.1088/1367-2630/ab2a7e,0,0,0,0,0,0,0,0,0,0,0,0,0,0,0,0,0,0,0,0,0,0,0,0,1,3,0,0,1,4,0,0,0,0,0,0,0,1,0,0,0,0,0,1,0,0,0,0,0,0,0,0,2,0,1,0,0,1,0,0,0,0,1,0,0,0,0,0,0,0,0,0,0,0,0,0,0,0,0,1,0,0,0
10.1038/s41586-019-1428-4,0,0,0,1,0,0,1,0,2,0,1,0,0,0,0,0,0,0,0,0,0,0,1,0,0,8,0,1,0,4,2,0,0,0,0,0,0,4,0,0,1,0,0,0,0,0,0,0,0,1,0,0,0,0,1,0,0,0,0,0,0,0,6,0,0,0,0,0,0,2,1,0,0,1,0,0,0,0,0,0,0,0,0
10.1103/PhysRevA.99.023854,0,0,5,0,0,0,1,0,0,0,0,0,0,0,0,0,0,4,0,0,0,0,4,0,0,1,0,0,3,1,0,0,1,0,0,3,0,1,0,0,1,0,0,1,5,0,0,0,0,0,0,1,0,0,0,0,0,0,0,0,0,0,3,0,0,0,0,0,0,0,0,0,0,11,0,0,0,0,0,0,0,0,0
10.1088/2058-9565/aae0fe,0,1,0,0,4,0,0,0,0,1,0,0,1,1,0,0,0,0,0,0,0,0,0,0,0,1,0,0,0,13,0,0,0,0,0,0,0,0,0,0,0,2,0,0,0,0,1,0,0,0,0,0,0,0,0,1,0,0,3,0,0,0,1,0,0,0,0,0,2,0,0,0,0,0,0,0,0,0,0,0,1,0,0
10.1103/PhysRevA.100.043417,0,0,0,0,0,1,0,0,0,0,0,1,0,0,0,0,0,0,0,0,0,0,0,0,0,2,0,2,6,5,0,0,0,0,0,0,0,1,3,0,0,0,0,0,0,0,0,0,0,2,0,2,0,2,0,0,0,0,0,0,0,0,1,0,0,0,0,0,0,0,0,0,2,0,0,0,0,0,0,0,0,0,0
10.1038/s41534-019-0186-3,0,0,0,0,0,0,0,0,0,0,0,0,0,1,0,1,0,7,0,0,0,0,0,0,1,0,0,0,0,5,0,0,0,1,1,0,0,0,0,0,0,1,0,0,4,0,0,0,1,0,0,0,0,3,0,0,0,0,0,0,0,0,1,0,1,0,0,0,1,0,0,1,0,1,0,0,1,0,0,1,0,1,0
10.1103/PhysRevA.99.052323,0,0,0,1,0,0,0,0,0,0,0,0,0,0,0,0,0,1,1,1,0,0,0,0,0,0,0,0,0,1,0,1,0,0,0,6,0,0,0,0,0,0,0,0,0,0,0,0,0,0,0,2,0,0,0,0,0,0,0,1,4,0,1,0,0,0,0,0,1,0,0,0,0,0,0,0,0,0,0,0,0,0,0
10.1126/science.aau4963,0,0,0,1,0,0,0,0,0,0,0,0,0,0,1,0,0,4,0,1,0,0,0,0,0,0,0,0,0,1,0,0,0,0,0,2,0,0,0,0,0,1,0,0,0,0,0,0,0,0,0,2,0,0,0,0,0,0,0,1,1,3,2,0,0,0,0,0,0,0,0,0,0,0,0,0,0,0,1,0,0,0,1
10.1103/PhysRevA.100.022332,0,0,0,0,1,1,0,0,0,0,1,1,0,0,0,0,0,0,1,0,0,2,0,0,0,6,0,0,2,4,1,0,0,0,0,0,0,3,1,0,2,0,0,0,0,0,0,0,0,0,0,0,1,0,2,0,0,1,0,0,0,0,4,0,0,0,0,0,1,0,0,0,0,0,0,0,0,0,0,0,2,2,0
10.1038/s41586-019-1177-4,0,0,0,0,0,0,0,0,0,1,0,0,0,0,0,0,3,0,1,1,0,0,0,0,0,0,3,0,0,1,0,3,0,0,0,0,0,0,0,0,0,0,0,0,0,0,0,0,0,0,2,0,0,3,0,0,0,0,4,1,0,0,1,0,0,0,0,1,0,0,0,0,0,2,0,0,0,0,0,0,0,0,0
